362744 464342
156471 246071
262160 479618
304236 363089
264606 305071
339844 354086
355651 445408
285398 375809
321711 356811
54666 259400
337632 379475
272418 373404
230050 481646
381793 401303
228872 255465
328777 337825
361923 382250
262995 387784
253039 435096
261366 384015
244537 481486
261868 296674
261819 348838
311430 472469
404092 435619
265773 427514
346050 463784
253039 326381
386212 391211
328901 359531
296102 308717
301764 384109
229238 308717
261868 345957
267430 330875
420321 422591
229238 300151
266079 315379
230340 380044
223324 312311
259037 423673
292614 476100
230050 403172
318822 381185
362334 363993
233468 266079
229214 291576
258424 354982
258149 263253
245539 449884
323967 345347
231948 352928
277120 401303
264657 371067
216190 354125
418868 429374
315397 420714
232461 481878
225969 354086
342889 470252
397552 406037
355593 380378
263923 400175
346088 435370
270625 375730
333837 357823
361206 461930
259037 362060
340823 476100
259512 366395
418868 449328
257290 346508
215829 392094
354923 356515
261396 373312
259895 428426
302896 379339
290663 314343
362287 437256
289081 373952
371475 418960
355627 360973
44462 384211
273064 289382
219548 335153
249647 376178
348849 452909
229239 358635
249299 300413
223324 258383
25008 375872
248076 308541
263253 300651
278671 343118
364016 370222
342374 364289
386717 470972
222247 379888
354633 379372
269141 307134
385216 385523
215829 266079
237530 399457
216252 271628
221543 368022
215071 216455
278616 323099
230340 339095
369757 429931
261461 389168
237530 386541
225969 295491
355605 484855
393241 404375
336868 377007
339145 346725
246071 363313
356972 452549
299767 367208
314067 347464
357555 363676
462667 484095
287239 380136
311697 393312
251871 290663
242057 327048
332604 362744
258455 263629
362744 389103
221930 332973
383274 433664
296266 406012
369757 428223
223324 229238
294119 351777
348849 379888
241337 256593
261600 379475
278823 349508
361433 374354
320866 452780
356001 361084
290208 380466
256078 428056
359575 362649
247219 358854
401980 420617
267812 318861
421842 478501
263373 349588
287878 323867
310726 417602
361076 467466
254193 319240
259239 326981
364907 394227
358812 383949
261303 351314
44462 261479
361084 377486
263904 265562
249299 263694
366249 454264
254976 305613
216225 479101
278888 405338
464342 464813
282356 381364
250003 263754
264731 418915
230340 414321
354728 355046
346196 356972
296509 478501
258091 376946
278572 449328
251453 309334
261461 287598
319240 422392
346037 346050
346067 359345
327786 332963
268182 368190
231498 382779
315379 469468
355388 355656
231509 341551
331504 343204
348510 361180
262962 366557
307863 313829
266735 281950
264144 368678
309334 472469
355958 384109
336701 352271
356001 357823
360623 480987
254810 385479
264639 357879
296585 324532
346839 356954
340874 346389
314897 369375
464813 475027
237380 297347
321260 354876
416429 467466
359300 444029
427463 478310
264187 354360
360266 420514
357555 369757
292476 300291
414359 418695
355890 375730
220849 393241
267064 341805
404375 420311
354499 354554
199814 342374
300105 382428
258424 430494
359531 370625
81029 263629
315774 419087
310726 431040
345195 357879
346067 378163
216442 417378
323099 363017
375942 410409
480826 482564
221494 271628
255030 356399
276603 281623
1008 363822
356224 385616
349320 377840
334448 358867
354813 441126
286639 360266
333266 368699
251968 331201
375778 386896
361636 467176
431800 472469
304697 340896
354718 400175
262188 267064
282251 386023
302898 313950
184266 301457
363571 374145
302896 435777
300413 392094
263694 387006
378699 419782
262030 301587
377969 476100
263681 406046
299853 361465
346037 346088
369682 418008
377640 420311
254616 378588
238628 382717
301633 351933
352252 366974
385787 465213
263253 263754
268379 317780
229595 352252
262193 396937
245414 354394
258455 360498
346015 475027
397552 463154
216225 357052
339795 354739
217958 309474
309572 354558
292614 452454
296102 361206
260102 424328
309830 346037
344241 432886
307940 345957
323065 360498
326981 454836
308938 321853
302160 370460
221265 403852
359663 391676
224337 380921
233057 376445
355315 449328
308897 333837
237889 315774
297591 401277
229379 354982
233630 420294
398698 477613
252102 266544
307940 379506
307889 378163
357879 396937
300688 377033
302896 355315
262158 478927
222812 362399
348849 357555
346694 365439
330633 483825
278572 355315
258281 261497
219252 483328
252622 310596
317468 474823
318297 391457
341551 430432
362680 469413
354580 424328
290208 308275
272322 409952
260408 345731
354488 443495
263629 272418
318629 324810
221138 477868
222247 346015
156471 263694
342374 442699
266376 349467
220592 362300
227507 384849
261205 314214
301633 313950
305260 359675
229214 344393
292907 467262
258383 305682
46794 398655
262887 355759
339844 423399
401514 479322
53468 312311
296684 355046
245539 258383
330289 436005
216911 300093
326804 344456
346050 359345
260361 362873
320184 360850
262105 307288
258149 367545
304353 478982
265773 305422
350512 357712
259239 291576
286317 301788
363840 379350
257904 266970
262570 325562
285116 333433
413632 480987
262584 470972
244007 264033
358140 416255
200453 341779
401303 405338
351137 357928
360266 378974
342374 380336
258962 326261
264995 305682
252102 362873
251849 371267
369757 397798
264606 405330
365817 399168
283351 373979
156471 262415
359345 429374
218006 230361
337340 481920
357748 369390
346671 376345
274376 341189
262450 333633
316029 355645
348849 369162
254976 374036
264028 449270
380794 474823
258149 437955
296257 376077
339844 357320
251412 251413
232501 293883
312244 352925
222247 270625
261070 295767
224337 337825
285398 379372
234396 253413
332194 371475
223369 254976
253108 296674
400591 451080
230050 251453
370938 417235
417142 419087
258648 362948
250495 304102
366956 443017
274311 435777
282892 362948
334100 425587
302886 416429
420311 463784
356480 370936
296526 385205
332604 435777
261349 316054
242067 337722
274242 403172
294168 307684
269305 360613
216223 380421
348753 407586
225430 420311
324124 379372
359719 367545
369757 413436
210313 259457
305790 380336
299424 479618
333667 352408
263253 334458
282892 363193
266544 354813
368458 462664
369757 377640
217446 347206
216133 365851
338057 373404
358857 435210
225969 352706
302896 404375
308022 352925
332604 472985
261879 294785
325448 377954
262030 284727
231948 421689
363018 429374
364885 479618
278572 475027
373952 385021
356541 382972
267163 290921
346671 428056
261023 264033
363313 412566
255764 281928
354621 363708
351185 355506
393312 447241
310572 363993
260210 302160
296257 401470
231572 325448
259632 289228
349960 443495
210313 310129
361824 377941
283131 353458
358737 389649
156471 392094
269886 337825
269571 384620
336750 479618
346037 363018
276689 317780
155840 337255
299138 481314
341826 349168
295491 461930
386541 481029
177742 295491
271628 357928
445162 476100
262367 355759
265433 418960
301740 424417
360025 375986
264156 480987
426568 478927
311430 322419
217244 362824
237014 360522
252602 315017
267973 299601
359910 414359
329418 472929
262027 264161
363773 438615
221494 243563
266458 374455
326804 350512
362018 379911
335062 340944
262460 322570
368984 398597
346483 438886
230050 435096
215565 458770
230085 299138
365891 376345
279036 359848
281537 365745
343818 352572
244230 311135
333401 420714
303830 357178
232501 373312
300413 335321
258383 341082
359518 397552
339063 410059
258149 376077
346027 447001
358812 386134
307288 405726
274137 354813
301464 391826
326031 366488
376808 415151
323720 362948
217964 358404
253024 378402
264977 324804
264257 376893
277120 376753
341268 354394
291576 454836
264645 463058
296490 358464
324511 367991
225916 368686
269593 302665
258169 374354
262494 343027
300413 412566
263967 405330
246062 438273
338389 354580
269141 360683
53468 420714
314193 339095
373474 454545
332604 354125
234038 341779
263657 379888
381958 403524
368927 426909
331849 420714
318646 464813
367832 441600
307940 452909
341885 413436
249442 357360
376077 409666
300413 310723
260102 312311
357928 360497
365625 475615
244537 340896
364912 384018
225430 302886
210313 348442
261712 364016
296792 297579
318094 356480
363068 381768
267257 422007
156471 254193
331310 362166
363642 423067
379888 452909
302648 347591
414321 470972
293883 339881
200181 323856
354739 359345
342755 379721
343204 412237
188312 304593
345347 355231
379350 385451
300151 363999
347792 351926
221801 370589
343204 379111
230050 274311
199706 484903
261708 371169
370208 445408
260762 484855
258648 337340
341826 365439
265245 309334
254190 302629
264972 379873
321711 348107
355315 403172
346067 419117
344456 359206
267750 403210
255764 481920
11619 317272
300413 362110
326767 428982
253925 370593
346037 418868
347948 469049
157812 386212
346015 369757
292303 378118
259037 276689
269385 354724
362649 364929
284523 294304
272317 334061
245539 285298
251453 348849
263253 430432
357555 416429
216797 384273
81029 431040
251453 472985
268719 420333
218089 350036
363089 390651
80059 437955
261681 349204
305288 402584
360162 362592
361112 368104
263253 351407
272317 475027
342374 433919
346839 355330
310448 383949
328854 435777
346725 354040
37243 324560
288937 290208
340989 379287
346015 357555
299853 351575
283131 362592
384490 445704
342755 363019
380638 391669
264389 350512
354525 431040
382863 436786
326981 371169
252486 303634
252015 351147
262995 346300
245323 275815
359688 432119
329757 367697
300935 416015
264657 398632
361206 424328
370193 379372
351137 478070
295491 369682
254301 262776
263354 294179
393241 435370
346037 481646
229238 305682
231487 233630
162749 358335
261937 480043
378163 393241
171887 220003
368190 403701
430684 481570
314193 370589
301457 315774
358525 367830
248975 379287
328004 358862
307863 357928
310008 382218
332604 393241
268058 376077
354251 432472
199814 411822
297990 362105
301585 362208
229829 363976
286317 428982
261868 348849
288937 384952
304236 479256
367830 433623
243563 246071
351490 397552
375730 419004
291386 484669
221801 369757
362688 393241
216455 443191
376849 478516
357879 365576
225298 386134
307889 418082
256383 278572
251453 429931
346088 464813
164227 384273
476100 478303
221494 257181
266735 383949
274137 356972
231487 274026
262942 367220
339095 478982
386380 390651
381167 384290
376345 447241
228872 274026
292807 392065
226021 372169
280772 346534
260947 352257
378340 379350
264639 355325
216160 363092
403614 431040
221930 261023
264012 382004
385205 408695
264051 275815
261303 304697
385269 417864
314004 378350
257287 287482
387471 412698
316578 364839
250457 469686
356563 357051
348849 418082
261349 344456
370719 383118
307940 470972
302194 417378
216027 310623
362803 386023
354739 464813
360266 376134
334564 361465
366999 480960
428223 464813
265350 282892
260447 419045
264515 356480
365210 378699
341551 369154
370625 403852
390621 415056
305682 347277
254719 347232
216252 387006
262584 413436
268712 430432
252711 360492
262367 378414
346196 355046
261584 418960
441543 462729
309334 467466
220509 309457
251595 307199
317985 348461
263253 368880
314343 325612
327889 355961
337060 361777
439403 478501
349508 353463
43402 337838
268711 297347
339795 362744
317334 351646
233627 296684
361076 418082
346437 368880
332565 378570
446271 478754
292782 326804
273130 380308
367406 406549
216181 353590
260102 323065
282397 417273
261349 285018
390475 442924
362710 438115
320130 349679
274242 375730
199814 335321
265563 309591
305422 336790
287156 388107
338389 377486
278407 385035
262238 375639
229758 363322
261461 341779
339191 346671
301740 412566
274242 414321
420311 470972
251871 326767
332116 355593
384952 461930
377640 464342
223321 290541
222693 407586
269571 354910
301408 482232
348838 426654
80059 262367
305810 463393
350512 384109
230050 400467
5340 261349
354952 428056
330694 354957
263923 373905
231509 480158
272348 422392
246071 261973
261349 285311
353463 362649
339090 342374
339795 346088
309555 363124
335153 351646
374045 380378
258383 310726
240079 485627
248244 415139
296674 400467
216479 360609
296684 419087
222247 464342
289153 433623
260010 354932
221494 387006
162749 312664
343027 405330
310723 363313
348849 472985
199706 377486
259037 301457
365807 478892
264279 455106
297151 300413
349823 376272
268802 414321
223321 309474
355249 364519
356505 380334
348010 448073
317123 463058
299424 397259
296255 354649
316779 409667
356541 357928
264657 368880
338343 398930
221573 370200
308546 422626
199706 360498
361206 431040
369695 380054
264657 405330
355051 370193
380659 478754
221494 464050
354560 385808
365272 477455
354813 458770
309334 470972
263238 295685
348442 401802
278572 464813
255631 364801
258198 401010
245157 317469
272317 369757
286317 297347
262238 316578
262613 393333
355778 462667
237530 376472
340305 360613
369757 475027
301071 336799
249299 310723
358563 383949
291232 454207
360798 386456
233121 292385
230640 258169
252602 417602
310170 360266
219476 475727
262460 307288
248342 369757
430432 443988
231948 398131
363018 472985
308533 370119
264414 336800
262415 424417
310596 478754
280772 373648
217402 223500
380227 385451
266735 296215
261900 445162
258484 352925
264318 365576
333401 380466
345957 416429
362680 403459
279242 360850
262039 277746
271628 360497
307183 329933
263205 282892
262133 430432
230640 348107
354125 435096
268482 272348
222247 379506
336868 346509
342374 351137
315017 354086
323663 393139
300413 382972
366819 388107
306983 359295
246071 317123
354739 467466
254803 385958
209728 418268
220592 350170
378323 477868
300574 391669
256443 370938
261531 386023
281031 362873
222247 346027
314029 356480
247668 478699
400717 481878
263360 440674
355541 428619
270625 332604
221566 365131
328854 386134
332973 369154
349823 426191
339090 424417
370193 473172
342676 420714
309334 355315
340823 470252
248342 429931
379372 406549
442795 467141
364893 383118
310723 317123
272317 310572
253108 485663
284440 441543
229264 359675
259206 386380
300413 361918
301457 360492
308179 423067
274242 289371
351137 365625
253099 301585
230340 363746
216122 353793
369162 429374
375730 449328
261245 478303
262160 364885
362153 418868
413436 435777
284320 355566
307183 430432
365380 379330
321345 470788
296684 417142
215829 310723
261383 380378
265070 437073
256078 289153
282397 353582
274137 301457
312311 377486
359910 418695
360683 451828
300151 341082
339095 361076
253686 362208
8527 254657
274311 416429
263754 377218
278616 362578
312356 440915
380308 477310
364519 368686
354791 408910
312262 361475
361540 378350
340330 367545
162749 367830
264028 402346
376345 472929
266079 396301
216455 261303
306548 339844
333401 424328
358022 381185
357928 362803
209728 266970
362592 378402
231487 348056
472985 485663
262160 263253
258383 420714
215071 261712
285298 295491
346027 452909
343619 362588
264657 275493
216190 253039
259895 261245
302768 425561
426654 477760
429931 485663
217133 333326
246062 377958
317714 365530
273130 320130
357052 384109
254810 480960
376297 379643
215829 335321
282561 357292
291576 297990
261023 364133
219255 354621
244537 366974
309830 419117
283109 429374
293831 354125
53468 424328
389103 420311
288774 349543
216797 226574
267101 354910
299166 301457
385216 419692
305372 403701
339095 385958
339328 380948
298767 354720
304147 376167
230340 244230
354621 426568
346050 449328
315397 449884
356520 386717
263681 480186
290663 481920
262160 383199
355051 367406
269601 310448
328901 362361
360498 417602
302564 315130
320184 426941
256897 480158
296792 339095
244537 479106
265643 329684
324122 363313
302886 310042
299853 382058
358019 404092
360133 379911
262367 444198
269305 451300
262030 381736
367034 484095
215565 296684
290208 424328
361107 368104
315379 362110
233331 349640
356515 362680
211998 245932
290246 339467
339095 363018
349467 378207
302896 467466
311430 369757
268035 391826
276603 483117
332604 369757
264159 368458
261007 362680
274137 354728
267750 380322
369899 383105
263238 355645
315379 317123
369162 393241
341551 385824
308179 314193
367029 415536
230640 315476
369857 371475
395654 404100
315791 384700
221859 292614
327179 405068
252996 360515
262320 329117
268057 482306
229238 333401
321449 358812
306330 386896
308725 410732
5340 403701
258455 296102
216455 264639
266735 324122
346046 379506
335321 342374
400365 442600
266970 364976
340271 418379
296577 346050
278572 358140
276062 392709
335321 422392
356480 381840
265421 323511
358404 363804
199706 301585
270586 386212
267257 380638
363779 379869
296102 312311
275493 428056
341351 384109
341208 405330
319279 380150
276533 401018
366956 366974
480960 484841
262948 308541
279242 424328
262105 441953
228872 311083
250894 341189
335153 377970
223029 325448
291700 364210
342889 374280
246071 342374
232888 473383
307889 403172
261708 383949
231487 438788
232975 354488
220751 481570
53243 433623
404375 481646
336842 374213
215832 263025
324806 354607
291574 470262
333837 354086
6275 283351
233468 271628
262241 362649
286307 400591
301071 369703
332973 341551
366306 401303
306548 312311
248846 281871
258105 288937
302896 371169
241416 379204
228945 383118
310668 361658
267430 466121
227524 262962
244007 401303
311449 349351
226218 452786
262962 272348
365891 413625
367939 467262
309591 384273
264634 434034
345206 364163
340896 351446
216160 403701
225969 431040
267884 342181
260443 359345
296181 296591
301021 480332
307940 463379
238682 362299
295797 363921
221265 301788
363205 420026
232424 365687
253108 435370
244537 319169
322421 339095
296871 307046
241416 263640
209728 360623
263253 268712
332973 479618
355645 365745
312709 481091
362948 380888
271308 396937
319169 395654
339095 384302
361206 478035
290649 338348
355890 378191
263253 444896
269385 363787
226796 358563
262160 367797
397259 481091
178640 354927
216484 298130
367991 402000
301280 419692
216252 364813
256383 368927
287647 294008
229179 352400
246868 268206
355778 366956
311430 385958
441600 481878
231498 471191
311121 478877
217402 254950
354923 372654
262519 345837
267257 381097
368017 368984
260402 262958
272317 368458
384053 412209
286317 370625
252602 362208
281453 362018
275493 363822
283290 312455
305682 306548
263253 339992
237889 276062
379999 464522
219596 247470
259951 379873
296215 366557
362649 443988
285018 354607
216252 315379
311449 381567
263379 349365
293362 348442
354040 363384
323967 392617
258428 388107
245222 431885
421842 434614
369154 426568
215793 249299
177742 418008
242285 314615
331019 379888
312709 367406
357879 359910
306983 392318
260443 397798
342374 460348
303634 421922
335153 451828
348965 354791
385636 438788
256383 348849
361021 428056
358854 452454
333667 358474
265564 348107
301585 331849
375730 397798
338389 356001
379364 429744
281708 433488
333633 362649
254322 318687
296490 378323
260102 446252
219431 405330
233146 294008
291552 485022
379287 379350
417602 420311
260762 447300
362153 375730
328901 445162
265963 292614
223369 225724
253099 272418
260947 369857
440674 473391
341551 362649
343741 376272
281928 363193
262367 315768
266376 301050
264638 344786
351926 451300
160382 414516
290913 309561
345055 379256
362680 365891
310129 414359
312999 358867
219255 451300
325002 480707
348849 463379
321706 370083
221494 260210
346046 449328
261623 373518
373404 484903
307940 346001
231509 430432
156471 400591
267890 278935
479106 479794
334061 335153
318861 469468
293831 313007
314499 479606
252602 339844
221494 267812
367756 428417
265074 365651
302886 419004
215793 351137
300589 433138
397798 470972
370695 484855
230449 253861
215829 269601
302160 460348
238628 296266
348849 449328
450731 466298
317376 461930
364289 412566
216968 234071
311135 470560
261023 296591
321449 383949
225430 278572
435777 463379
352706 417602
359719 366488
297990 460871
280098 443191
243346 341208
373854 379350
162749 376505
254193 368801
229238 341082
423673 441126
263121 392617
261637 454836
225916 307684
364320 407323
357928 411822
331310 352925
297347 325612
272348 403310
331019 346050
372035 379364
369424 370800
259037 268668
318861 339090
85219 411355
352925 417510
260130 344786
221566 432083
225430 346015
355315 447001
300305 332973
260443 419004
305699 380785
308717 417602
247668 261464
246802 354040
254193 260210
232461 248572
363642 369757
322421 357555
296674 378163
379506 435777
263377 313983
318297 358563
412698 418287
300055 390849
266079 364813
435370 471455
221494 442699
404375 449328
330787 354728
43402 247271
326381 433664
346046 358140
344456 363377
358160 479794
386717 449328
482271 484095
254976 357674
324205 405575
307479 311196
346389 408617
244007 364907
296674 301364
355865 379931
357928 358554
249344 263918
263657 296674
282561 362680
244520 271628
300651 323720
252102 355046
357823 363999
55077 349823
247219 359531
312397 370671
225983 268712
317376 382250
307889 413436
269349 457723
346001 426909
346067 361076
311360 361170
230050 259469
356541 362110
249299 335321
336741 366557
308750 318094
225567 357048
259008 347232
253108 393241
377878 381736
335321 469468
269601 410758
262584 363018
53468 360850
328901 480158
300093 302530
283179 365439
396301 412566
401802 478877
221859 470252
269349 386156
282588 354360
482564 484841
230085 480853
346037 400467
270279 362680
278823 383973
318646 467466
274764 484658
344393 370589
302896 339795
369411 371321
375711 379287
371985 433109
356425 414359
332604 467466
221930 262160
479606 482835
206542 306320
219313 310129
339795 385958
225823 228468
262613 365807
401303 410294
301585 377486
362300 478754
256383 472469
221859 359531
345957 354125
262584 361076
362014 370719
199814 236273
369965 404375
346453 366999
251849 358548
312397 356230
258383 308717
229268 272317
266735 478070
261700 370745
253039 256383
325120 384018
298283 355315
270625 339795
258149 363676
339637 418960
386134 470560
259324 338887
398736 441691
331111 367029
301585 362036
284523 324806
277541 281708
230050 268802
299767 324173
318646 431800
216190 348849
361206 373404
304945 332164
242057 354394
322419 464813
306330 385824
257829 259239
362082 378699
347416 428787
361405 380948
257829 358812
261751 385026
220592 379144
254193 366557
341551 363377
212015 310670
263062 362166
302160 324122
362399 367756
263774 452549
216190 220849
436049 472985
307479 358210
314214 317714
418842 423673
253861 272427
397552 414516
262887 400806
359345 385958
215565 252102
262584 400467
328854 355541
270625 449328
357555 429374
267430 310356
264144 442600
339095 429931
358862 419494
324173 328088
362036 390331
233630 308750
318165 337053
320416 331201
336528 385216
296930 373700
355231 368215
253024 351947
247461 320866
377969 478303
419117 435777
254193 335321
257181 410758
431040 484903
309830 379339
306548 357320
215071 351314
225504 403852
223500 432279
364498 366396
284601 341779
346050 429931
346046 429931
366999 479794
211998 377941
362744 414321
262948 340989
346027 363018
310448 356541
216911 326550
290524 485010
305682 333837
256996 352928
259873 369682
295050 351777
259469 404375
263253 360266
270625 369162
357905 361366
317159 430494
363018 404375
306397 330737
227524 246071
354947 401010
242285 253083
356587 368190
270257 321706
254616 270502
264926 265339
259037 354687
283109 470972
357674 373669
251453 403172
252711 276062
362873 458770
308219 341198
394394 439403
254976 432083
296504 369131
360850 417602
272317 346046
328269 369497
261499 403465
363676 449328
360141 387662
215375 377878
265562 297661
263360 358862
292614 339495
341351 364589
264515 304697
228347 302478
268712 384018
222247 416429
230050 463784
216797 403701
5340 323901
261637 371101
265963 375942
362153 447001
263726 392466
261712 293362
330875 376168
265245 346001
274242 397798
259239 314193
225916 263253
288840 358335
289473 356505
216223 391676
276062 418438
462667 481486
264639 418695
276079 354346
365817 412927
252711 430494
262238 374213
375730 435777
470972 478982
363668 376077
307940 449328
292614 340823
225969 423399
272317 348849
274712 383949
245451 452126
253099 420714
290949 329757
256383 485663
262320 324806
363512 479870
244230 363642
366434 418960
284981 477213
312455 347979
267064 419765
377640 463379
55077 371321
296526 481554
323511 367787
357823 449884
307940 393241
429374 435096
318297 406549
324318 436005
338057 449884
272317 284440
414109 443017
370625 480158
5257 352834
278616 285021
418082 472469
53468 177742
349508 362592
252711 354728
263253 444198
261303 359910
261712 359910
323714 416255
215829 344241
316042 361927
462355 480960
387262 418428
362208 420311
234296 264156
321711 398597
283109 362744
270586 290541
212355 221930
299106 383376
312709 418379
358072 404923
312981 410758
262144 373312
342889 444136
263629 418008
264867 385523
341779 477868
232888 326981
336868 457810
270538 372005
231790 265849
262133 378402
229239 355890
255631 302961
262188 323967
268711 362948
199814 221494
390590 427772
251595 385958
339095 472469
334061 351777
230340 355541
293831 416255
233468 400591
330289 470262
357979 383042
323867 359719
253108 435096
331310 362649
216367 220913
362036 423399
215730 259400
362688 416255
331487 351777
306614 392094
356541 432886
323065 339844
225430 298283
216297 419692
302478 478303
327048 380252
454207 483825
262494 334448
472985 481646
410339 438204
363089 376445
360266 471896
263864 450731
287598 339109
383105 457168
263384 387006
435370 463784
265967 299238
53468 373404
274242 467466
299166 322450
420311 463379
263923 451040
363746 377944
341947 451812
245539 357320
364119 419449
222330 302625
296792 363642
360280 392423
346464 359518
346001 416429
379339 414321
278572 375730
321449 327179
229595 476960
221452 295025
295797 321537
315397 369682
294168 417510
268058 354621
351314 355325
257287 371308
418842 441126
274242 359345
268802 362744
337289 364737
259457 384211
262643 369390
340330 394417
356972 362873
232888 362105
378350 421842
259037 354961
240922 417763
343867 362208
261712 391211
311500 367049
386023 460348
311032 360242
261531 301740
216797 295025
226218 478570
328088 367830
261497 417510
302896 388107
216484 262554
267430 356243
355388 479461
262584 307889
302160 317123
360280 371532
346634 370938
355206 369176
346725 395772
355206 418438
215829 422392
270625 464342
295797 367830
309830 385958
301740 360532
292807 308541
260810 260947
298283 397798
326888 334008
379350 386896
318861 361626
336750 360515
367406 452454
353793 480987
346671 406022
281828 320309
339795 420311
308717 363999
269601 315379
272238 329757
359663 477613
364995 376345
283179 313199
323065 403614
265773 267064
230340 472985
225964 296585
263341 358997
326806 364289
352400 382779
25008 432412
362208 417602
367323 433109
324124 340823
250498 457935
216252 400591
389140 462468
272317 278572
296140 367832
263918 271277
199814 246071
341885 359345
324318 470262
314505 368164
259239 369757
273398 363162
262188 265773
221086 371221
321711 352678
386212 483688
305682 403614
266735 396301
306866 335592
400467 449328
261973 346986
168712 410294
403852 480158
479794 484638
337014 341198
258301 314214
264634 354607
360293 440273
162749 362994
444029 458954
351805 403701
311430 346088
223324 361084
256383 341885
336750 481091
380921 388107
244007 410294
346046 386717
256398 363779
357555 472469
355231 433623
251968 405575
327890 384053
231790 234420
81029 426941
295491 360498
320866 327801
336842 375639
274242 400467
327179 460871
360850 478035
310129 386541
215829 370119
283131 342434
377390 392147
339844 360498
272317 309474
5340 222330
482271 484789
396320 396915
212015 264606
381382 392466
305790 362110
260810 369411
216366 358582
281950 300413
300413 347005
364589 376167
255764 325612
316578 365851
309474 362334
304697 323889
302886 309334
361777 417864
169551 216034
231487 346240
243903 356425
386156 463058
257118 430432
355388 443017
268712 356426
358866 364860
358716 369895
435096 435370
215095 482826
234160 356782
358737 377033
253108 429374
379873 404833
316042 365439
333363 479322
261973 332103
263238 389631
351137 364270
356541 442699
366974 479794
229595 333277
266970 360623
265354 334458
304987 367104
380466 417602
317159 367939
362768 368686
258105 310726
375892 384849
297990 328854
354607 364860
260102 484903
356042 367817
157812 264639
317123 319240
276659 368516
386023 392094
6275 392495
280551 428564
379888 435777
345957 378163
309830 369965
223029 369038
308533 342374
247843 312244
288602 302486
346067 485663
307272 340691
267202 324810
269305 367545
300151 403614
368678 375778
341551 360266
346671 379818
369695 476960
356480 362592
308897 317376
316029 324422
307786 354876
363676 435370
331019 359345
346050 413436
263121 335044
204604 245451
300692 364907
296417 476136
218099 353393
312455 352257
247668 295797
219905 252996
287156 376077
160382 361363
219313 396937
304697 326804
250003 262367
230340 369757
230640 398597
261868 435777
256474 437955
420294 473391
346509 484658
414321 463379
259808 454207
262306 415151
317780 428895
369965 416429
373979 470262
157812 313007
364133 383199
235090 342374
225728 380888
242591 312778
339095 481646
272348 472998
347232 373952
230538 282588
352252 480826
301908 336764
230658 360811
307889 345957
255465 256443
372689 386414
338345 378040
323720 363193
362937 446215
405890 453793
252818 360266
225512 287934
221494 362110
225916 252996
231487 272317
219255 383118
221452 358983
216037 437955
308541 360973
216225 377001
300093 371475
252622 274712
356972 389160
369716 376077
312618 351737
339883 395535
361206 420714
307705 480826
268717 376345
264638 447006
334037 403210
354957 358019
339095 470972
236918 341838
479461 481486
263253 300305
352925 358854
266970 429089
233331 391457
285873 358716
392270 400591
232564 371594
384018 384371
211998 355645
233627 268379
325863 434024
225969 357823
342434 378414
329418 356713
221132 286186
380308 408910
328773 362361
349960 406037
372155 483688
367910 373952
263168 348965
254193 266079
296215 310448
264657 412237
296782 456405
270625 283109
355778 483283
309913 395654
395772 396673
311449 468263
261601 418695
326981 383949
364270 445162
339109 361540
362820 436679
263025 357055
229769 381378
287878 360290
278616 375978
363676 379888
263774 423673
296674 472985
318297 355205
384952 420714
360850 377486
223324 245539
463379 481646
361076 404375
386717 419117
313950 359356
219905 382863
263694 383949
299424 308022
246071 442699
341779 349124
359345 402338
203664 388107
363746 405068
275364 393333
259808 351273
284981 368752
361084 373404
252486 466775
218388 308208
292475 401770
265056 322570
272238 276390
311360 371469
263025 302486
324124 361465
343867 373404
223324 317376
363322 378529
305790 368801
296490 477868
262904 362649
256897 285398
346088 354739
310520 347978
339720 458770
362744 470972
304697 366819
301585 338389
399970 418447
333685 361014
256442 332353
258455 461930
244537 355656
435370 452909
354125 429374
307889 428085
380466 420714
355657 377060
363018 416429
81029 373404
393241 413436
315112 381698
311449 328524
262640 356918
362768 384018
225969 343867
378163 472469
261890 368022
301587 354632
307288 360623
263253 363019
261461 378323
385958 449328
272418 320184
322419 428223
283632 302830
373574 383003
471493 481878
358812 377944
81029 380466
294016 334051
312987 385216
307305 379287
210313 270586
260102 296102
362480 402935
267812 362110
281031 354665
360108 479606
308938 357801
359531 415536
357288 362092
297151 319240
349640 436926
247470 433138
343001 365576
265773 323967
320416 432279
294339 383042
284320 302961
261245 379372
351908 418770
392617 397552
294728 380227
384018 477707
264639 386541
324318 480332
262584 414321
308897 431040
254719 258774
346046 354125
278572 346050
221494 266079
249299 257181
258648 293777
424896 437271
310260 408429
332973 360266
243578 380779
308622 316032
314976 328133
377508 382004
267257 362680
358723 377771
252711 362873
290299 381736
258648 323720
290663 297347
203001 302801
290158 441765
347464 356515
362649 364678
310448 318861
302896 428223
298283 362744
373404 420714
264033 351905
301067 405330
272348 362803
356331 399968
346015 403172
281928 286317
331983 354947
246071 387006
246071 260210
229595 381364
244230 358812
341637 342156
401303 428340
374213 394417
343204 366746
261303 386541
199814 317123
254630 318158
451291 482075
323511 421491
254998 436679
261708 321449
344456 378400
225969 361084
277120 382428
400591 478070
344468 365745
342235 478927
344456 363822
418008 449884
216225 231948
365817 452780
266544 362060
346001 385958
363822 399968
356641 456340
403172 435370
339109 478501
298428 357998
256897 340823
346671 401303
386541 396937
230449 425587
261558 263270
346001 435777
317376 354580
261303 357879
337825 341189
252818 329357
237837 393312
233627 367939
233146 348020
361359 367440
359424 483825
296490 351446
347168 479794
267812 335321
403172 428085
415536 470252
253108 472469
272418 317376
301838 401399
262494 366416
353292 424827
286548 408236
289153 407586
358335 433623
261531 305790
270162 306330
299138 480853
351446 399718
347464 353864
346088 428085
274545 306866
233627 355046
269385 420294
254803 297579
272317 386717
310723 342374
357555 426909
262584 428085
344115 382004
255764 268711
225430 414321
316779 351926
364885 384371
251453 363676
231487 423630
367154 379975
301788 340823
282561 484552
346001 379506
357288 424183
354728 417142
284727 355265
355961 445001
363117 482457
305255 450731
295851 483313
303634 392423
355657 367034
289104 358464
216341 398568
414321 418082
343204 359575
308179 363746
416429 464342
357555 385958
259469 311430
157812 262193
362105 363642
222254 428056
386181 404122
298854 442600
326813 351777
363668 367034
241014 451828
308717 333837
324806 344456
254337 301764
401514 408910
360532 392094
341885 369162
379330 445626
347277 354580
356448 428259
228825 367220
352925 397552
237889 354728
354040 364320
355656 479461
290208 417602
259873 449884
270625 472469
333633 405330
251595 435370
407586 479844
309334 346027
379888 386717
296674 307940
262158 401907
348632 381698
264414 347188
382972 460348
327268 360492
337632 420306
280098 479101
386884 411355
249299 339090
262419 363124
340361 362299
386041 470298
263556 327801
354621 400175
290277 407586
354728 369176
261497 481091
420311 452909
356694 362680
254810 363668
366886 377001
316176 325677
267812 364813
365625 392094
317039 442336
261973 272348
265038 384109
318646 346067
272317 389103
351159 430493
374455 411250
336701 372088
273853 389810
260443 363676
317159 369176
292614 375809
331736 398632
254810 366999
260443 403172
379350 452786
263087 377508
269321 272233
302896 393241
252699 316029
259037 418438
386665 467141
267064 392617
356331 361066
379339 449328
354580 484903
268379 458770
356953 364649
321797 339824
258281 312709
225728 337340
302896 379888
287322 312664
364589 393183
397552 479618
262189 340896
252622 342374
344635 377036
320936 433623
246071 382972
298910 383118
228534 231228
314193 327179
264020 320359
286827 351209
304930 368104
356520 377640
356548 357555
217402 367299
361076 363574
263629 362036
259469 265245
222547 225724
379506 426909
262160 426568
360162 448598
270257 300413
368632 405330
257118 420294
264552 363322
340330 363822
291295 421280
329418 431885
344666 393183
381097 417273
341082 424328
258774 260810
236918 361636
356331 368253
199706 312311
348168 428426
358716 368686
291744 295927
366395 384744
351314 363993
270625 429931
272317 283109
316029 422007
326804 346240
380998 438399
312981 315379
416429 419117
311121 364016
415139 433623
221859 481920
351446 479618
300151 331849
256707 346300
379888 404375
357555 369162
229214 363642
314724 357705
383042 398824
243344 406012
160382 262188
263991 264710
337065 386884
300413 301740
360515 370193
198767 367029
263857 331111
271308 290541
264977 268459
261708 454836
275517 354720
307684 316114
286428 447942
44462 325919
264279 362744
359345 362744
253099 382250
332973 360493
262415 266735
264033 378845
263754 323967
336655 479669
249636 354394
349961 387007
257700 463393
225724 463393
327821 446215
281537 465419
226796 332198
338774 362592
345957 481646
198767 263857
355533 370373
379506 413436
265773 320485
266735 267812
258198 349679
271628 356541
304895 360683
264039 296145
327694 358582
341094 358151
225430 419117
379339 419117
349957 363019
364119 429931
238682 262158
337797 341268
287598 421842
365625 387006
324122 382863
393333 400717
316054 356230
355206 441126
257408 393312
282251 358554
379287 379721
225916 308022
268379 315774
229416 359258
401303 431418
297494 309591
305790 335321
369176 418438
318646 362744
363017 376168
365730 376506
404375 472469
233154 346671
249373 481878
361084 431040
360266 370532
336842 463154
253108 358140
259469 428223
263816 315130
337289 370214
172229 330694
220531 447650
302896 322419
199706 308897
339095 472985
358490 411355
316176 323889
319240 410758
270625 472985
309555 345837
301740 361918
341885 418082
308533 392270
254976 263354
262225 303145
399168 452780
356814 364589
216160 483059
298767 313851
270625 341885
346001 403172
215832 302486
253413 434729
352706 377486
276689 418438
209728 262105
362680 452414
357823 361084
310301 329357
257181 274712
233627 252711
252102 417142
356814 384109
346015 363574
230340 454836
273047 369538
297185 310623
320147 370936
258105 260102
261303 261712
302967 351490
254810 462667
253108 370258
262958 358867
346088 385958
375608 379873
260102 272418
223321 483688
363574 419117
306397 354982
348965 356381
270142 446252
363642 371169
304895 340944
53468 369682
225430 251453
259895 328901
283290 346437
215793 360532
317123 411822
236273 272348
259021 350267
264995 338057
274721 387435
338345 342793
5226 447488
363574 483484
347168 366999
307684 392318
274054 332198
363162 434729
335153 448165
223023 262942
243644 253024
264995 279242
272427 484855
337340 428982
274242 346027
220592 273317
336868 369075
355325 364016
243077 401303
261769 304669
306866 384259
324532 375778
311121 483688
258383 347277
311430 339095
346015 418868
225430 339095
228918 454207
380378 435289
392270 412566
354490 356790
230340 326981
272645 301788
337825 481249
363313 400591
380336 412566
364813 422392
367316 389252
368927 369757
268035 405330
356480 369424
300574 465039
263056 451828
346088 386717
318297 349640
320130 477310
263754 333277
300651 314343
225430 386717
8527 478187
363313 422392
346067 435370
418447 477868
315774 367939
246533 295006
307023 378402
265245 375730
363018 413436
168712 393312
357320 418008
259469 274242
300935 369538
328777 337451
252674 476960
230340 477848
320184 369682
215565 354687
259469 272317
315602 357461
228825 380427
357928 392094
237889 274137
272317 370208
264709 364885
288937 484903
216455 481029
352400 384863
230050 420311
259037 322450
253099 306548
362208 393241
215565 301457
264552 356480
259037 419087
261303 362334
260443 309334
217964 405574
254803 370589
318646 379339
312455 341268
219313 363993
258455 361923
333837 431040
269571 299767
262415 301740
296577 341885
354125 416255
254480 323967
347277 484903
362680 380638
260210 469468
297151 400591
262958 471493
216297 352252
295025 384273
262305 447300
292301 367832
264444 378402
378307 395654
215565 392709
364289 397927
302896 416429
259469 377640
314193 384302
254630 369682
334300 350937
362166 406037
307889 420311
271640 480826
296674 346027
293860 299853
321106 362403
199706 253099
322450 346196
276689 317159
222247 426909
300060 340989
261708 370589
355325 359910
370936 419494
274712 412566
355315 369965
263857 478303
338573 346725
253039 362688
265857 466379
361107 452126
225655 329219
215793 442699
332194 336868
428056 449241
250498 443216
239882 267163
308546 328773
267257 364893
355656 366999
314193 385958
295899 379475
370214 379911
262494 405330
286317 362948
260810 479598
355961 414237
231498 264883
360798 376345
261558 261842
352252 358160
306881 405926
278572 301364
345771 370517
252602 253099
267082 304669
351490 364885
299138 479762
406046 480186
355261 470142
307298 444856
309474 481029
357440 405330
359345 447001
362299 403701
360515 479618
363676 377640
397798 447001
301364 472985
261637 261708
253686 295491
317123 360497
78429 260402
271450 364907
351137 411822
385722 445001
298283 420311
319476 483732
225969 354525
295491 339844
300291 345412
289371 339095
215730 363054
263253 385523
274242 447001
357097 364907
238823 370745
244537 263377
340944 382941
286317 357907
358140 385958
268717 350512
360850 362036
330237 360242
262519 296490
309572 355261
364289 438483
320147 389445
251900 473391
261623 367851
258105 301585
262319 354558
355541 363642
322390 410294
234296 265056
314004 394394
215071 262193
219169 471191
264414 385096
262584 472985
301585 343867
374213 467041
299166 369176
253727 419692
257829 477848
262367 376765
215375 243997
362166 373340
355205 457016
292614 342889
334145 364731
206542 272424
228799 457168
229304 378868
274376 346671
341082 357320
329967 368022
295491 315397
258198 408910
358777 411672
262367 480158
452786 478570
262367 379330
265056 405726
336666 350199
258169 315476
301159 451812
321449 328854
203407 309565
364034 404833
324203 358563
244007 299259
336687 480826
366306 387784
215829 293872
366565 432279
270586 481029
322419 361076
479106 483283
329102 451812
407586 428056
435370 454786
225728 323720
7722 388325
259469 435777
184266 441126
348849 447001
375730 470972
259895 375809
340361 442656
225969 258105
274712 400591
362110 386023
328484 336868
360525 463058
318297 374213
397798 426909
268668 354687
247843 362166
264161 369038
53468 333837
311360 370293
252486 371532
323099 388648
252818 303315
219252 339495
306003 381736
300413 432886
423399 484903
184266 354687
296674 356520
243997 349142
306253 358814
307940 389103
253686 357320
354125 472985
268712 369131
259808 376505
362680 391669
429986 439585
351926 360798
216366 482835
476960 478672
258455 431040
378306 381364
261708 428619
354580 360498
346050 363018
184266 389160
225969 317376
283109 339095
359424 482657
337340 363193
251453 463784
156471 358554
270625 278572
221494 310723
299853 334564
373854 452786
365682 392466
253462 353793
291576 308179
376505 398698
236850 356969
266079 335321
248572 376475
341551 367797
288840 379204
360664 448035
378163 435096
357879 478877
230050 418082
216252 252622
409171 416523
261597 484532
323065 354525
261868 369757
302896 362744
304697 428209
264932 364699
306662 386884
258105 343867
302896 419449
346067 355315
215793 412566
368100 434024
261708 371101
355388 484638
293872 472998
328854 428619
379366 437550
336790 344352
300738 353770
263980 300113
328901 476100
309830 354739
220751 358525
261623 362057
346671 360280
431418 447241
264606 306330
346050 464813
261479 363993
356814 357052
365435 398698
258443 335076
355279 445508
298532 319597
330737 354728
219905 436786
216484 352097
275493 376345
306866 349588
177742 272418
318297 382863
296280 363079
162749 411012
215829 396301
338844 362339
254657 478187
298283 346067
257430 349156
253099 361084
307411 381657
403172 413436
269305 355924
392495 470262
223324 225969
360532 424417
263360 269397
357555 418868
341551 441954
234420 278616
229238 264995
307940 414321
379704 391249
269142 361998
290158 343701
296575 297261
265056 353793
289371 467466
363193 380888
352252 377060
258455 333837
299424 307684
356520 403172
260210 386023
222574 333685
283109 481646
426909 447001
269143 479488
310129 351314
172229 358997
262965 388940
381823 385432
249636 311857
263205 314343
341082 431040
171887 379975
295797 344456
363993 483688
266544 322450
346015 463379
260102 380466
295899 421592
345728 430598
263360 384490
261600 357679
269349 319240
317691 369391
443495 467141
362744 379888
373312 382779
376276 472998
267257 361824
264110 351015
216714 262887
244007 269571
216122 360623
308583 363017
283290 363970
257904 265734
290541 386212
256442 257934
276585 360850
270257 370083
46794 465039
282588 364000
345957 426909
418082 435370
289382 427695
216455 259457
260408 307701
318646 397798
258105 363999
359531 375809
346015 404375
414321 485663
372088 418960
479461 484841
245451 256759
264156 401018
384421 460348
348442 363993
341268 477613
316176 340305
339795 464813
346196 423673
389103 464342
263270 358582
356541 360532
314193 362105
291576 384302
357644 383973
305651 306884
365858 430432
341282 385480
353238 356042
352925 397259
311430 359345
230050 309830
237380 370938
3084 408005
300087 348965
258484 394417
291576 362105
221494 302160
346671 477455
301585 360498
252996 339917
308741 355319
243706 369871
351137 400591
244537 372351
360994 441543
285814 363574
335463 357858
281031 299166
325377 336752
354560 364864
283195 349351
246071 324122
230050 341885
327268 369176
428223 464342
237889 389160
335153 407487
272317 472985
262105 401018
271628 317123
258105 338057
352400 458954
305442 305459
263270 482835
268661 400467
352925 360515
252622 364813
290541 483688
278568 365745
246554 428895
229238 363999
216455 396937
216297 267064
393241 436049
348442 440485
222330 368169
307208 366999
370625 415536
384273 430432
355315 463379
393241 428085
6275 480332
378855 478121
265074 365663
251849 340989
308179 369757
484095 484789
216225 438788
341779 418447
306397 392709
261007 356515
257181 364813
345957 435777
264110 341551
303830 380432
346671 399421
333837 354525
371101 383949
354923 362680
215565 423673
223023 483313
255266 420295
309830 363574
367686 383118
265354 350681
259469 379339
383118 479322
262238 263253
326340 358072
293328 341208
308022 336750
278616 484288
228284 249299
262958 334448
256897 265963
248572 359719
268712 415243
261191 434466
314067 356515
435777 475027
264144 375778
260570 264538
362807 378721
5386 473172
338057 354525
304697 381717
346046 472985
359013 363157
252622 400591
378769 478767
81029 360498
261461 378769
354961 389160
222247 418082
330237 412957
400591 416534
363128 384517
285298 362036
225298 423067
225969 338057
354961 360492
256398 414851
225474 362195
225430 359345
354728 355206
258428 383710
291900 444856
275603 295688
276585 376732
297579 326981
229214 321449
360515 399982
318646 378163
301788 484525
301019 480987
480826 484658
298352 365569
215829 312981
306548 333401
253686 318158
215375 262030
369965 447001
246912 312834
310129 391211
384863 401564
327179 339095
222812 314214
294117 305260
215071 396937
261769 295797
199814 305790
251453 362744
322419 331019
288135 376345
354554 425759
279281 409952
354086 361084
227524 269349
234420 368458
294179 372210
253413 273398
225969 245539
160382 263121
230640 368984
245907 441691
233154 391669
278572 435096
362036 369682
322419 418868
258962 305790
356381 368982
339186 346300
296215 365625
216122 480987
251453 302896
225728 290663
257181 302160
384421 392094
261405 303942
228347 358320
296490 378306
285398 301788
256443 301788
55077 254719
216367 351697
312311 339844
162749 365435
308533 412566
261015 407323
291295 378323
256001 345361
270800 442424
460348 472998
313829 362680
341082 377486
263253 345206
379339 379506
229758 421842
352706 360498
262241 430432
295491 317376
355778 362441
269571 335153
300651 428982
270625 302896
320130 376297
323720 377686
245323 480763
306003 355265
264972 363117
253462 262460
349313 421491
255465 266970
284981 453293
351141 454545
308897 338057
259239 363746
259469 346046
184266 417142
354580 417602
172229 347451
263657 346050
263657 348849
260210 335321
259469 386717
203407 367939
380336 396301
355541 363746
278616 371475
296684 430494
341885 463784
221859 445162
309415 479606
225916 429986
263694 422392
216554 416255
391211 418695
348168 370625
306881 378721
352252 481486
389103 428085
389103 470972
314807 390651
359206 388107
286317 481920
259469 400467
427695 430493
380904 403852
263974 370193
268231 391311
347942 417273
414109 484789
345957 429931
246554 354876
331111 478303
327191 377958
252102 458770
363976 390431
321260 339720
256443 428426
386717 388107
322323 468308
480826 481486
348849 485663
348056 405965
53468 288937
316114 429986
297990 302896
344456 405330
270458 296526
261601 391211
318646 464342
324122 406549
388107 393241
346067 481646
300146 478754
260361 323076
259469 475027
305260 426022
374280 403852
261590 280904
248342 467466
200181 264335
333401 384952
264020 362121
254900 463154
184266 423673
281871 446093
222247 341885
225430 268661
241261 310263
289902 364907
362300 425561
333982 356056
296674 463379
253686 342676
262367 363019
264156 368164
318646 413436
302967 384018
219252 364578
298283 467466
216442 302194
306397 362060
235090 369424
216190 368927
26218 420037
269571 387784
389377 445626
307889 359345
307889 467466
233146 383042
349547 361892
199706 225969
362205 377061
371267 378040
324173 401445
258281 375942
305480 480186
288937 431040
342889 483328
212015 314080
308944 357801
217244 262506
215071 391211
346050 357555
245934 292476
251900 384490
308334 358737
256443 370625
264867 419692
230340 344393
346046 379888
383949 454836
254810 367034
222399 282588
400591 469468
258383 258455
261558 482835
296417 366956
355645 367686
301457 354728
305790 310448
257904 288207
467466 472469
346088 452909
302232 380877
360492 419087
362688 385958
355896 364133
302896 341885
234296 257789
322419 472469
259229 290949
278568 362680
270586 386541
360850 424328
262584 302896
364034 379873
315476 323046
244230 358563
259037 327268
215071 261479
317123 478070
422907 445162
229238 333837
326948 378857
346001 393241
366886 370671
332444 336752
326031 365694
308022 360515
253686 259873
222247 348849
339095 419117
278572 467466
217446 359848
272317 332604
312673 482954
289371 472985
405330 418960
299198 369855
299424 362068
302896 355541
392094 411822
238682 341551
246554 354499
331310 473172
388320 390011
371333 438038
366271 437775
263915 369375
261708 308179
388107 441543
370258 436049
353731 361965
462468 480763
365625 370460
251453 354739
263967 391676
354125 379339
249299 383949
261708 460871
212015 385523
372654 406191
209728 343741
220592 256079
259915 344456
348349 352834
478877 481029
289382 320949
269305 457230
294168 481091
392094 475615
359506 425561
362649 479617
258648 481920
346046 429374
359910 481029
352900 399968
259469 341885
252602 308717
351737 423673
354621 441954
269385 356480
220849 251453
257829 363746
268379 356972
345957 467466
341551 369131
233630 269397
271628 386023
273853 281453
368927 472469
435096 470972
331019 420311
362649 368686
303373 333277
1008 231509
363642 363746
330289 373979
348708 463058
264028 329419
277541 434552
381992 479861
296526 428994
270586 351314
296792 454836
363929 367203
392500 451648
472469 481646
365643 383118
307940 426909
283195 296509
269142 375942
264033 380921
237596 262304
356671 364709
288207 340989
274242 379339
296271 481878
347168 484658
282561 411528
243706 359230
226796 274606
237889 301457
263253 263734
359398 380598
332973 354478
251775 363054
225916 261497
346001 379339
408617 446215
269142 406549
312999 428924
227524 365625
357206 419782
262584 355315
268802 302896
296215 400591
329418 391676
263923 362680
302896 363746
223324 382250
340330 362166
215793 469468
246071 257181
258383 423399
382428 382791
362036 420714
265963 301788
385523 397908
362744 436049
360200 361027
383063 388510
358862 430432
335544 379472
264498 410294
271308 363993
274376 405338
344741 354476
283195 348056
216225 350512
262238 318297
252602 341082
262188 263121
263390 357047
326031 378769
260443 355315
405575 421380
404658 430432
271628 274712
313420 484288
414321 431800
258149 451300
262193 338039
315774 354813
337976 396976
269321 400175
309334 362744
354558 476767
252102 423673
352928 371682
301838 357055
346839 361818
267257 443495
286548 386884
376345 417273
347232 356243
156109 365625
342889 356405
329715 338788
291295 355533
378914 456405
274311 309830
348168 362068
242776 421592
405575 432279
222247 428085
225298 358812
296504 364929
81029 361206
386541 418695
251453 262584
342374 358716
263253 364885
266735 285873
307134 326366
259469 388107
287647 418960
346027 481646
376368 481038
272238 363162
378414 447173
394394 421842
309334 435096
339795 355315
378163 452909
216455 478877
248244 329967
216252 392094
360498 382250
262640 450731
246071 360497
251900 257118
260947 349722
353344 376436
283875 399982
263694 315379
346050 420311
262995 447241
264414 356230
380322 403210
316029 431984
355046 362680
253099 478035
264972 431445
355077 404092
265245 355315
225983 357979
263923 282397
302160 383949
332604 345957
244230 297579
225792 400433
337353 367787
278412 374280
278616 325863
221859 403852
377024 399862
297990 344393
216252 244520
379888 403172
220003 352833
387784 407586
268482 297151
428085 481646
309555 417132
367316 379350
274376 428924
413436 464813
358918 378402
360497 460348
290299 306003
360672 363921
222399 340937
248975 405963
266079 368801
349722 356480
254286 401010
345001 387699
256383 472985
268058 478927
364721 479322
351908 362994
362688 370258
219406 405330
215832 309116
341208 362649
273047 289153
377954 378191
417273 483313
228495 455785
361076 428085
258091 275603
346464 374213
342374 361626
228347 415536
329967 471896
349508 362649
261799 444986
349205 355231
379506 379888
296684 389160
299138 402935
25008 338990
296674 428085
250617 267257
209728 368164
346725 396673
292614 364578
317159 354876
443017 484789
266735 360532
290208 363999
219252 476948
215980 362018
250003 362649
327694 336666
284523 323901
264033 481675
226574 321203
264645 348708
307288 413632
298283 464813
357564 394071
260102 352706
263377 363822
231509 348510
276689 356972
249396 334061
316779 348602
258149 418915
346050 464342
360497 396301
332973 337088
346001 420311
261937 297904
301019 307288
312709 370193
310042 377640
369895 370119
262158 392270
352252 484095
348596 354040
261349 284523
416429 435370
296577 435370
356807 363661
177742 317376
322419 404375
351214 438204
225916 479618
259895 452454
253861 400713
225430 463379
358283 438886
384211 483688
310726 339844
204604 368104
364037 366934
341189 368759
248437 341289
248846 446093
392466 452871
380044 384517
200181 340937
293860 324124
417335 422591
244050 362649
405068 470560
381823 428564
296029 362795
288774 357051
307940 359345
263694 469468
346196 354687
258455 377486
335193 481126
240079 484713
308405 358151
274764 481486
317123 324122
264893 381992
252999 375778
354687 423673
363676 379339
426909 463379
357175 362768
346015 428085
363018 400467
3302 479618
368169 374507
356480 436786
258198 300087
324122 460348
228872 362082
215793 365625
224181 360281
212355 238682
390651 401399
300659 394560
244537 336868
263923 297904
291574 373979
354876 359098
263857 415536
221930 283249
349467 386135
369424 395535
254286 354791
321711 374354
173229 389140
249071 367851
222247 481646
294954 403701
355265 381736
346671 452414
379506 428223
354724 363787
343535 419851
215832 295006
216297 323967
406549 428426
228825 252071
254976 363054
247668 341268
256383 362744
323511 484288
265362 377061
271628 387006
225430 345957
306157 343204
217402 317468
253039 417229
356399 378130
364016 418695
216452 369820
363676 464342
354086 354580
382863 406037
359910 427562
268058 343023
354923 370839
364119 467466
363826 478721
287156 304697
316032 448054
267430 383710
274376 462468
309565 467262
367029 403852
245907 356030
364133 373574
364589 415556
395654 414516
264883 310668
293549 363081
318646 418868
301740 362803
316114 359837
252711 355046
385958 475027
314807 433623
220531 359398
355865 441543
251143 365477
252622 356541
245907 356399
361076 379888
272298 353452
263774 369176
377640 393241
221452 226574
295491 308275
348168 476100
261890 482620
264414 427926
359345 403172
355656 443017
263974 339917
247668 477613
362688 470972
216190 248342
387006 463058
362082 384849
251453 358140
258281 367406
318128 359398
346088 467466
281031 315774
249923 329419
361818 452786
235310 480186
244230 328854
272645 452454
354125 485663
268661 369757
343204 356713
222399 324532
360497 386023
263087 344456
260810 418960
323967 414516
314193 363746
270625 363676
257700 263897
300413 424417
301838 401980
156471 261531
330787 354687
307208 358160
289371 363676
229595 347168
278572 302896
326630 349508
269141 382004
78429 248572
297261 298743
263629 384952
287934 341032
254810 484261
377024 482128
355231 358022
296215 475615
309474 372155
352522 429690
269305 324806
310842 354497
347942 409007
215829 266735
266735 475615
302478 342889
324804 341779
242140 365891
354739 418868
305422 339992
301457 317159
352516 395535
405965 409666
318646 449328
264389 299259
339095 404375
252711 354961
367034 484789
219548 432083
447001 472469
299601 319104
272418 341082
366997 374354
259873 317376
263851 306157
300574 317272
264606 268712
363826 367697
363676 467466
296684 327268
215375 301587
346037 429374
369442 393312
355599 374332
346067 354739
266679 300291
323065 424328
259239 377944
317123 412566
261636 349305
274764 341094
334373 362937
305556 365439
333401 363999
223023 376345
429931 467466
244007 259089
463784 470972
309565 330737
258301 338562
223136 362014
367029 465099
346037 403172
264995 423399
291576 363746
262193 356425
383042 430432
346027 463379
231498 264606
355656 480960
307208 482271
296674 346046
305422 368880
215829 432886
199706 341082
237889 354687
215659 363667
341885 377640
278935 343741
438262 478927
261479 386212
300692 354566
285814 407323
355388 358160
244007 462468
237530 250498
364839 365851
295927 356399
215980 308583
379888 447001
262848 376475
262407 343204
406549 452454
316114 481091
300574 354952
313983 480826
249299 362110
53468 357823
237380 428982
348838 473391
371267 386896
383063 477707
308717 424328
221466 452780
261303 270586
297494 451828
269571 426632
340823 375942
420311 423399
346015 463784
426909 429374
319169 430432
335153 476767
199706 354525
328133 343000
297990 472985
360525 387006
416097 444850
363642 460871
383949 470560
259335 401802
300413 362803
318646 322421
351446 406037
254719 363017
275493 371341
361359 454207
364119 429374
313199 365439
346671 357097
162749 287322
404375 447001
261708 358812
356541 400591
355657 366956
354558 371267
346001 467466
370671 479101
230050 270625
346001 379888
285398 377969
245932 416387
301067 367203
244537 263382
229769 333283
260383 311500
331019 472985
346046 361076
365016 391676
403172 420311
278568 363571
264157 375809
272317 404375
352925 358404
78429 443631
358464 378306
53468 423399
268802 472469
370589 386134
326806 373657
309597 354837
311857 379350
281821 393312
288139 355192
252602 363999
267973 356405
259239 386134
256383 433664
339917 439585
424417 460348
225298 339095
362744 375730
263681 322570
289371 470972
251871 258648
319279 358335
231487 417601
310726 361084
261497 263974
340944 391676
259037 299166
355465 448054
348510 352536
325074 478767
267812 422392
354739 363574
261799 428924
278572 418868
309334 464813
263062 320566
318646 375730
348849 463784
387006 422392
366109 471493
297347 314343
343405 428564
309415 441158
363018 467466
260361 312618
354837 400175
262584 363574
330787 355206
357907 482438
215829 268482
249269 360782
331849 338389
345571 362768
288937 423399
222005 335153
262584 309830
263967 362680
253413 276390
229769 232424
260130 411825
325677 360613
265056 368164
261973 319341
369757 370589
296509 363322
402060 418070
361363 397552
265333 402103
348461 354927
270861 370337
290208 296102
313171 408295
348849 388107
301585 384952
267257 380227
263904 391676
359531 403852
234396 290949
443017 480826
318165 366395
339109 421842
329967 382840
360798 362014
261479 311121
222330 316054
317123 350512
354739 363676
264499 268057
276062 355206
263125 380150
346050 379506
44462 481029
244520 362110
262238 264010
343957 369554
256383 425561
282007 298717
327179 363746
311083 378699
254193 442699
363999 484903
264552 394394
262995 410294
301740 342374
356641 415556
263270 350199
254719 343741
263774 266544
294742 389631
254803 261637
347277 423399
9530 398632
225983 271555
261303 414359
344456 478962
345347 349960
245539 308275
362744 467466
274026 429089
262948 361930
414321 435096
184266 367939
430684 483825
346671 360181
249299 272348
323858 343925
284523 363826
401980 483825
378845 472929
428426 452454
263754 385216
307889 481646
309474 356425
275493 379097
296102 420714
361206 418008
263754 388510
262584 477507
157812 210313
216367 322570
278572 346046
279242 296102
270625 322419
221114 358921
264515 442924
254286 259632
291582 352252
221801 274606
309474 396937
276689 354728
329757 363162
420311 475027
273541 412566
314615 357048
264020 419279
318195 358563
262030 290299
299601 356405
345985 382428
271308 386541
377148 482835
216330 362649
350199 388996
221419 313199
232888 371169
280665 476046
353458 362592
157812 355325
264246 370989
258169 361433
313603 348849
263354 356918
278888 364907
352925 463154
254950 438399
222247 449328
362060 441126
300151 357823
307863 448073
157812 261479
216297 447173
297579 473383
290208 361206
359300 383145
319060 339740
216225 284669
257430 368169
267101 428056
251968 388107
37243 283290
349640 375639
218006 261047
291574 480332
368880 427514
264657 335153
349960 355205
325612 357047
272317 345957
318646 364119
184266 369176
215793 300413
266735 382972
254803 377944
278572 331019
356230 377001
315011 368683
350036 386414
262158 362649
230085 362480
330737 354813
252102 369176
345571 362592
296674 478982
322419 354739
258149 385824
408005 443256
343204 371067
325074 412324
309334 348849
277541 383042
346001 472985
315774 452549
290541 357879
166139 260950
199706 300151
379946 414516
289382 424896
274242 472985
363993 386212
262494 365807
216968 339191
216252 296215
338057 363999
269601 380336
270586 483688
262105 297431
244050 332973
355206 458770
255465 384849
311430 452909
325074 351905
272348 369895
355541 435777
322249 480616
340507 484638
339095 467466
245255 357812
244537 349508
245787 265565
231498 245544
363043 392094
367292 422533
262584 311430
253039 472985
262746 363822
334448 462647
261799 408005
388107 428209
215980 337289
302936 380308
244230 326981
303942 329380
265433 278616
340989 363377
262613 369027
288937 317376
355778 481486
303942 383382
301740 410758
258105 484903
328088 330221
306548 341082
275603 299300
267199 335193
328484 345837
351490 418915
281031 458770
354125 435777
308275 310726
259895 375942
354125 362688
259469 296674
252602 258105
296509 394394
230050 322421
338844 378721
352928 356814
260947 394394
338343 442600
227163 267163
221132 241261
333277 355778
220003 379350
264867 312987
229795 361014
418268 482313
297261 377836
261636 307939
356811 366997
210313 363993
359370 362339
302564 363591
260372 359230
261868 357555
219476 248975
250495 381717
215832 279488
257904 429089
289902 308782
330737 354687
308533 400591
297990 405068
356520 428085
311816 362649
256897 259895
314067 364893
216160 259808
81029 225969
361433 398597
343204 401303
327889 445001
253039 332604
300589 478516
290208 354580
369757 383949
304697 407818
253099 384952
265339 340305
206542 361186
369757 435777
480826 483283
392094 478070
349722 477613
276390 363162
312981 469468
351596 364543
320866 404833
216133 354724
254942 325863
263205 292035
297990 339095
340989 344456
301021 373979
323076 356972
260010 308925
221930 364133
274721 347942
362208 461930
226284 452786
267012 347792
351644 402038
322450 360492
254066 399968
364589 371682
404375 472985
272348 448073
237889 355206
222812 464383
3084 357484
265023 384957
344393 383949
215565 266544
290913 362268
296930 318195
336842 355205
313420 421491
364737 370214
261531 361918
267082 367316
340330 349960
380093 395654
357644 362649
322061 354458
78429 315011
228825 263238
252486 362205
324205 331201
216225 268717
327179 377944
341779 356156
261584 331310
359424 408695
296674 472469
268603 344456
262160 351490
251775 360183
254066 388510
297350 381775
307889 397798
209875 476960
265350 370938
354728 362873
249647 338562
397798 464813
258428 263681
389103 426909
356256 445806
262105 265728
230461 371070
252711 330787
249647 363054
219313 391211
296473 314544
220812 294304
245157 295240
268668 458770
355046 362873
229795 355866
379506 428085
286788 298552
230050 397798
221801 230340
320147 352516
378163 386717
320866 346206
251453 464813
216190 426909
254803 371101
263629 376732
379111 391676
229238 252602
215565 330787
354687 354813
393453 448035
362680 378845
464342 472469
263754 352925
358404 399511
354896 366233
306614 315379
307684 359295
351789 358997
380820 480987
335062 370989
265131 296585
216297 365042
344393 385958
216034 356967
405726 418268
347168 481486
341779 365694
449328 481646
431800 435777
295683 379110
247668 359424
317780 354876
279168 478993
307940 464813
247843 406037
339795 463784
301585 363999
296684 346196
237380 286317
306548 343867
258383 360498
302783 480332
223366 264717
327467 354415
356548 385958
243911 384092
257904 427514
436005 469888
318297 361363
347507 379210
394227 428056
416606 482232
263923 353582
310726 323065
246071 267812
348442 359910
261597 355966
244537 480826
240851 325827
221494 411822
251453 377640
349640 457016
368349 480987
272317 379339
346050 431800
310572 357879
362680 379818
300105 428994
351490 378402
229195 351159
258383 333401
253108 357555
292614 480158
268482 387006
258091 353048
363377 371267
252102 299166
394071 447053
301788 328901
268379 330737
262809 265343
263390 282892
346050 393241
349960 370532
289382 430493
308275 431040
318861 442699
265350 292035
363124 370193
318158 370508
268668 354728
379946 419765
172229 295797
346340 438115
323967 347716
318297 359518
351137 460348
376732 424328
267064 320485
231487 266970
264515 398837
261366 327054
297151 351137
296102 308897
259239 308179
318646 356548
409581 471493
292476 298875
463784 464342
357986 394794
289371 375730
262904 362768
317473 382341
229795 262013
259873 420714
216038 258457
361800 381167
219313 355325
417240 435370
230340 435777
263408 263413
345083 354927
216455 351314
378163 388107
291582 476960
357879 481021
362592 404658
293190 379818
347277 357823
259089 274376
337632 421592
330787 356972
301740 365625
290299 292475
261366 357283
259708 307078
258281 399982
273853 377007
274311 296577
259455 426548
307786 354554
290921 382628
452780 477563
264972 378845
317691 412894
301764 355958
291576 371169
351575 366828
360252 380785
283195 401470
310129 467024
217402 238497
379980 391592
348056 444029
254605 337976
428085 472985
221265 267973
292035 370938
325448 378191
283195 428259
309334 363676
261461 311344
326366 355747
230050 393241
309555 335677
369757 379339
243253 389103
355656 479794
362592 369716
234296 360623
350267 380136
339835 358154
390651 433623
367049 446093
305459 355629
221930 341551
225430 379888
366557 412566
269601 312981
296674 388107
348107 398597
215832 354952
177742 315397
366434 369857
339095 354125
353463 365858
362680 406022
296674 385958
220809 223095
219905 309555
284727 358737
362803 424417
251453 278572
363676 426909
299166 354728
348849 472469
394394 477760
219548 302961
324806 418447
449328 472985
293328 362649
347942 381793
253099 431040
345445 423600
262643 378699
287820 352900
331019 363018
359866 368104
336800 479101
310405 356792
276390 358777
262815 282516
262238 363019
261349 340677
80059 263253
304290 362680
310726 373404
354394 371067
352271 419471
259239 358812
222330 324806
272418 339844
252699 443495
379888 429931
270625 355315
220592 385269
351314 362334
352926 435233
263816 421725
184266 276689
256398 379869
340361 361107
265564 361433
256996 294383
330753 395654
302783 409231
373312 383105
281950 400591
362208 376732
354739 435370
281031 369176
324173 432799
254630 315397
363676 418868
262367 379441
259469 346050
263360 320147
352264 393392
338389 354086
263062 359518
254976 425587
268802 379339
199814 268482
261837 375727
261233 358997
262238 419494
314067 346671
418008 420714
230050 389103
222247 472469
324804 378769
260947 325863
360170 479969
300413 315379
321259 391481
287598 477760
472469 485663
351646 368752
259037 339720
215071 478877
265729 362010
315397 318158
81029 390331
309565 367939
259469 345957
44462 216802
314004 478501
270625 356548
302478 444136
233146 310520
53243 365048
385142 392500
332604 346050
254900 320566
246912 320886
363018 418082
380033 425979
447001 481646
278823 430432
247668 326737
53468 461930
230050 363676
27335 344456
252996 379372
301364 346046
429931 472469
85219 391592
298552 379287
308472 425561
307479 437955
257118 381840
253413 285393
308750 363787
348849 475027
242285 479606
262367 376077
318646 419117
225430 481646
281708 326804
278572 393241
418082 419117
383949 384302
215793 382972
276689 430494
258281 397259
219252 480158
406367 452786
368966 419313
369899 456405
262160 269305
282074 465075
308897 380466
362105 370589
261965 281871
244520 293872
252102 263774
342374 448073
328901 377969
261973 361577
307940 309334
370589 384302
354927 370503
253099 333837
322181 357384
225430 331019
246554 317780
339090 363313
369176 418842
265062 350386
220849 302896
230050 419117
259895 272645
262995 309591
264498 292408
263974 356848
262995 289153
373574 463051
346032 357801
253039 346050
362578 368100
370460 412566
365042 373574
369176 441126
233146 355506
268668 362873
217446 279036
243563 412566
363193 482438
204961 363255
246071 366557
263253 354394
431800 435096
302160 364813
361777 405330
339095 426909
378414 419692
296684 418438
384018 405574
216797 362649
248572 400717
259469 318646
219252 478303
307208 476960
363822 378332
342889 372335
312262 378338
357823 420714
265339 290650
267163 385523
263233 314214
362036 426941
302896 472469
263967 428056
251968 272317
244020 457723
221494 269601
252602 312311
261464 454207
364907 376330
290953 299766
281031 354813
296255 399457
318646 428085
340330 346464
251453 419117
229758 353549
251102 369268
289371 361076
242249 379087
256759 379204
322142 373340
216133 482063
386165 427514
307940 472469
334448 400717
314343 481920
317376 417602
258648 282892
281950 370119
210313 271308
264893 391311
341885 400467
318646 362688
357879 454264
281821 462468
319240 357928
393241 429931
261245 476100
363574 371858
259457 483688
318297 479618
216442 332247
305260 334448
265165 339992
243903 391457
244007 378845
252711 389160
215829 324122
363827 442600
435096 452909
346196 418438
232888 405068
199814 339090
261819 287598
327179 328854
256474 263734
388107 418868
295491 360850
221419 316042
225504 299601
220849 253108
217244 365042
264010 296930
282588 379350
330737 354961
306397 423673
397026 435648
230640 265564
313391 364133
302564 318822
230361 254854
251413 261965
355961 429065
343027 356429
394394 426654
235090 430432
334458 362690
231509 384273
384211 401802
377681 457411
296684 299166
223129 362131
386717 400467
253413 264649
235382 286548
465213 485378
262133 362649
262315 322180
351905 354621
355656 462355
327179 363642
367939 457513
266735 356541
327467 362144
172229 431418
249299 310448
216223 330341
333277 381657
283875 301788
280098 336800
268717 376167
295688 353048
359345 400467
420311 472469
369162 414321
9530 378786
233331 436926
363255 363763
244230 470560
307863 485022
269216 357348
266674 276659
358997 359424
316032 382779
250495 384109
341680 357674
264122 361359
234389 379818
378163 475027
367817 408005
333401 403614
259457 386541
215793 356541
347232 372088
355315 359345
358840 377033
261868 296577
339090 475615
215832 363318
254480 263754
356811 470142
310356 442336
369682 426941
260102 417602
257181 356541
301764 351147
336741 388638
263354 376792
354665 418842
318297 362166
250495 376167
295030 391601
435777 478982
378306 477868
290921 341551
261769 263087
222247 420311
263956 351575
309565 332887
264639 290541
245810 313423
245907 314299
308583 367910
296577 302896
350708 398824
263753 313950
310726 449884
200181 361930
301585 361084
266970 368458
426909 472985
283290 450524
171111 261584
245903 266557
262193 401802
346027 385958
306490 409581
361206 363999
272317 379888
301585 356001
396937 440485
362092 380074
315476 374354
246554 367939
261531 262415
272317 366819
272645 476100
278483 302961
400467 435777
312664 439068
374280 470252
216223 226730
269571 351338
260102 305682
265734 363822
261601 359910
384018 402257
217958 264639
215829 281950
261693 394485
268717 438115
322421 333994
261479 262193
339795 435370
368927 485663
256078 263967
261819 264552
264995 363999
336741 412566
223029 262027
226207 347507
300146 410758
413436 426909
254630 418008
296674 356548
263464 360242
263897 305810
222005 360609
258301 294179
259469 481646
222247 307889
318016 363482
252622 315379
248594 452746
251849 451828
354813 355046
338057 339844
345957 463379
435370 478982
224337 398655
302783 357591
479794 482564
346050 481646
362649 369131
302961 420514
380903 416341
297579 362105
262958 312999
352121 433623
262189 301067
285398 422907
54666 263864
310301 332973
393241 435096
346027 418868
301788 377969
337340 357907
220592 335153
54666 258301
348838 378529
339495 370625
282892 297347
302961 338345
264995 347277
263239 371858
268668 339720
358513 480012
309572 318966
261868 485663
266058 417335
323967 419692
177742 259873
363574 364320
372335 403852
81029 254630
317123 424417
226574 428056
262584 362744
371419 378760
215829 342374
227524 336741
381958 411397
285393 292114
340330 362649
361076 463784
184266 203407
259951 315997
382250 418008
314499 373905
240423 325017
339090 410758
272238 290949
354125 370258
266058 361423
257181 310448
233154 364893
316042 349168
360850 380466
373404 423399
379888 436049
370938 428982
44462 311121
308583 330875
383118 406873
284523 363081
215565 441126
378529 434614
355541 383949
313309 364749
285298 369682
266970 393139
346015 346027
256078 358548
298283 354739
306397 354876
344456 457421
362744 400467
414359 481029
361930 366863
329419 449270
355645 432660
5257 230449
314193 363642
296102 323065
243997 262030
302896 370589
252602 373404
354425 380024
304102 384109
230340 268802
346046 346050
268668 330787
311135 423067
248244 351273
349124 378769
250617 353864
418868 419004
346050 385958
11653 337825
370542 474412
264279 308179
361076 413436
215095 379602
299424 359531
302896 362105
267199 404704
198767 302478
261868 481646
271628 310448
329418 478121
296102 424328
295797 451300
199814 336741
354632 358737
346671 358309
204549 403310
281453 457810
375629 412927
263408 360281
308275 360498
422007 443495
262193 391211
272418 357320
335153 364133
339795 379888
261890 382177
322421 369654
336769 452780
335321 410758
268607 384259
301585 354580
300692 354782
274137 367939
296782 362547
277010 324173
276198 481878
336750 397259
270538 315693
275603 317334
259037 418803
291386 359531
3084 265563
276390 434729
360492 392709
263390 357907
259895 445162
254810 476960
261973 425092
346509 484841
351490 473172
326261 357928
310491 400175
9530 319635
361076 362153
318297 340330
259239 371169
316114 358854
229179 382779
288937 373404
323889 401980
363322 434614
362110 383949
420714 461930
312311 360498
245451 478319
311135 362105
231487 432786
346839 379350
363089 454207
306397 317159
346046 428085
405068 428619
346067 358140
355541 369757
256996 384109
339844 363999
299563 343535
293441 400258
346050 369757
261023 462468
314214 352544
342374 386023
306614 342374
346725 460871
292807 391942
303015 305790
347168 482271
366863 371267
248975 302486
268802 369162
265372 360266
300589 426632
216223 296545
256383 419449
355315 404375
233627 418803
370193 429986
317159 467262
295899 420306
307889 472469
339844 361206
431800 472985
273130 367841
248342 472985
269321 304283
302896 361076
326981 327179
302530 335463
325690 361066
392466 483921
283109 369757
259469 413436
157812 401802
380824 381992
364893 469413
333401 357320
354859 480012
306548 420714
254193 262962
13807 234420
212015 352257
171111 430684
346300 465039
311430 393241
305790 365625
260443 346027
296215 392094
352252 367034
419004 428085
232975 278317
216455 216802
260645 272286
261531 411822
323856 435370
256996 356641
81029 377486
262133 384018
301585 373404
262367 290921
216252 261531
268482 360532
233630 251900
261819 314004
362339 378721
245934 477715
265097 421592
311344 325074
261652 297156
417653 465039
355777 377275
244520 305790
276689 354813
280154 326381
300574 340944
370508 376732
264649 302194
346046 470972
227163 427514
216225 231487
304930 379204
333837 354580
316054 368169
363993 386541
218388 265983
383118 394888
404375 463784
235310 298784
297151 357928
346027 379888
363676 389103
344208 483825
262105 262460
296102 333401
355966 439403
258169 359939
355315 464342
363641 462521
309474 478877
268802 296674
53468 260102
345957 361076
352928 364589
254803 362105
283290 375872
301067 345837
324532 388325
231887 363089
283249 367316
363676 428085
428085 449328
250457 437955
352925 361363
259469 346088
272067 351209
223324 333401
463784 481646
268711 293777
215832 262948
233242 454071
227524 360497
312311 373404
362068 370193
301764 357052
367312 384744
264414 351933
359506 437256
355657 434024
229214 355541
254900 262238
274242 393241
345957 346001
332604 348849
263629 362208
215565 322450
304697 357879
258383 361084
346671 391676
294179 416097
379888 475027
306245 427514
305255 356918
331019 400467
230340 296792
215829 360497
282892 323720
341551 476046
272348 387006
260443 418868
274712 342374
316032 359300
268711 380888
317780 458770
310042 371451
337632 357679
229214 384302
278572 309830
245907 356386
263168 380308
419117 470972
310520 466121
257904 370938
230340 232888
262995 358867
247668 381607
265354 401678
358742 451974
382423 433623
435096 464813
363117 364907
326519 345837
366974 482271
253023 326804
222247 307940
298316 484855
359319 384048
262160 362649
283249 358310
234296 266970
362649 396052
233146 398824
263202 379457
309334 481646
354728 418842
263253 287820
231509 350815
339795 481646
321388 376808
216714 269305
301364 346050
438085 445408
264279 385958
225969 420714
333401 377486
275493 293328
255120 362592
306548 363999
348838 482063
361066 399968
264893 402000
337289 457810
302896 346037
259457 355325
299166 330787
285398 340823
274137 418842
258169 265564
258105 449884
330737 339720
314499 441158
277541 345206
366956 484638
221265 324124
385958 464813
363970 384259
286428 378563
263629 361923
216122 265056
393241 435777
349957 365851
248342 357555
362744 416429
243563 469468
252818 264716
262315 408295
262982 438483
354499 425759
346050 429374
272190 367697
339095 449328
223023 242140
237837 292408
296577 339095
215793 357928
358777 417378
220849 379339
320147 341280
256383 302896
320485 447173
296674 363018
306496 375872
327268 392709
268482 357928
310596 469468
333685 355866
261973 382972
37243 346437
233630 365851
232888 435777
296577 362688
266744 388940
417602 419370
263464 301838
238994 340736
243349 263640
394417 397552
312311 478035
184266 252102
380336 392094
285398 478303
78429 343027
263734 478121
216225 359385
266970 301019
223324 310726
304669 382004
358716 400591
44462 259457
362680 378217
254719 364270
451040 478570
346453 352252
265165 466542
288266 360154
254976 362399
462667 479461
295688 317334
362649 412302
314214 338562
447001 464813
257904 362082
254066 352900
263360 482063
263464 312664
254976 376178
348849 464813
347345 415536
312244 318297
283875 375809
260210 412566
221494 382972
262584 379339
357858 363322
308179 386134
265773 479526
418915 479618
337383 385090
421842 477760
293373 295851
256443 328901
278572 464342
348510 370532
341189 346671
274764 352252
253099 338389
417569 480616
370193 382863
256383 346067
265963 342889
262193 362334
225430 362744
357823 484903
318646 379888
184266 281031
363308 435370
268802 356548
272645 445162
290208 403614
372155 391211
225983 361930
219313 401802
332973 364885
379203 417378
375730 472469
318646 418082
274311 429374
258383 272418
217402 331201
286788 295688
346067 419449
359345 379339
225969 380466
447650 472836
335321 434359
426167 457935
297151 463058
242591 393541
390331 420714
302564 326119
296792 385958
345957 377640
254337 384109
378332 380638
382250 384952
363313 392094
355541 384302
366974 481486
363676 403172
360515 375942
302564 477781
260947 418960
250495 269305
328901 342889
218089 297338
226574 430432
369757 400467
251595 369586
270625 357555
231487 356652
281537 352138
237889 330787
296490 326031
256443 265734
263121 414516
324173 378294
215570 378588
328547 430432
315379 356541
371169 477848
272418 312311
255476 305071
244520 272348
308750 365851
319705 475084
263360 381840
259324 359483
261479 290541
361363 406037
306397 354499
262238 296504
262187 307272
352252 366956
272348 370083
246071 262415
364449 371267
226574 263967
383063 419692
216802 391211
306253 307786
345464 356489
378402 481842
340896 436786
330393 340944
288937 296102
215375 284727
370104 384018
260102 449884
433138 433209
215980 379911
351926 377015
357555 463784
248572 265717
263754 476960
282892 482438
333401 338057
355315 414321
360498 373404
53867 256637
369756 376345
318297 349960
286827 363763
340823 445162
346037 346067
233154 381097
302724 397415
216122 401018
250559 378015
336799 359685
312311 382250
215730 317714
418915 437955
335153 364204
156471 411822
269305 376077
284727 349142
387699 395535
368880 375921
360492 458770
252699 277575
317473 344299
258383 431040
353590 470298
323421 482546
251453 369757
327694 338777
230050 261868
375978 484288
266544 354665
331019 426909
289081 383710
480960 481486
270625 475027
265960 296782
302961 369127
360498 380466
308897 362208
365380 484803
254480 395654
261479 391211
243903 352925
305924 326031
262962 400591
262225 299705
216455 357879
308717 377486
157812 372155
357705 364210
355657 483283
219252 428426
264552 418960
363571 373298
274137 458770
301364 302896
272317 322421
256429 412302
268231 324511
287820 384018
316605 377140
266970 269305
229214 230340
389103 464813
262241 290921
435096 481646
416429 426909
419117 463784
356848 417510
274255 311083
211998 261769
272348 406162
301364 435370
260361 423673
300574 365016
268712 363822
279242 373404
229214 254803
230050 346046
295851 354251
275015 295025
309913 344456
219313 386541
357320 478035
53468 81029
81029 342676
269601 383949
331327 351141
356954 478570
308275 354525
263640 368104
241261 351273
286186 351273
236273 387006
368678 374309
282251 351137
303427 354720
342889 445162
424328 426941
262584 348849
376345 380921
306330 363377
260443 404375
464342 472985
343204 409346
323580 404122
304283 352264
276062 330787
302961 335153
225430 361076
264690 265023
311486 337850
356480 404658
355657 362441
217109 315791
309474 364016
360141 462647
406022 462468
354859 358513
364016 391211
272348 358554
359181 421491
339095 354739
12443 351646
225969 333837
228347 347345
200457 267257
334448 358513
301457 389160
397798 472469
428085 464813
250617 378338
271308 384211
242057 360609
251453 346001
261769 268035
358994 376753
221573 298532
329357 360266
210313 391211
311121 386541
323856 340937
254719 362131
345719 356584
264606 340874
199814 478070
297135 397441
261799 404179
256339 391088
230340 472469
322450 419087
377275 444850
232888 264279
319104 478303
385958 447001
261973 318861
322419 363676
263754 332296
222399 230538
248572 261837
322419 339795
363193 428982
256443 478303
364813 469468
221494 318861
389103 419004
221972 376544
292807 345055
286317 478303
342889 403852
253099 295491
342374 370119
225969 424328
350512 438115
413436 463784
318822 358022
244520 310723
285814 339795
199706 333401
354739 429374
464813 472469
342889 379372
294179 315775
258091 299300
276689 354665
251453 296674
431040 449884
302896 384302
234396 265686
401907 452126
354665 356972
316176 320898
258149 272317
339795 452909
254337 355958
290299 301587
238682 351905
215071 355325
377640 418868
349960 432660
340271 359531
307272 379287
262965 263253
272418 343867
413436 464342
283109 435777
362060 418842
292476 484669
257430 344456
216190 302896
320184 362036
278568 314067
44462 478877
301585 354525
315379 392094
262187 477781
215829 370083
221561 365682
384136 408005
274242 413436
362744 369757
355315 418082
268712 362592
237889 419087
354125 429931
345347 359531
247470 375767
235090 266735
313199 363745
254900 340330
259239 261015
393241 417602
290158 444029
263956 348510
323511 352257
301021 392495
262613 356042
290208 484903
331019 339095
245787 344741
254301 346839
220592 359506
309555 362824
225969 296102
321711 368984
361076 377640
274242 388107
379350 442600
264110 334458
354791 374045
259951 393566
268668 419087
230050 263657
293860 361465
296674 309830
216455 271308
308897 356001
416429 435096
262238 277541
216297 217244
212015 320147
205061 331736
267082 267257
260361 369176
358140 379339
338777 351926
340330 473172
241337 358851
366956 482271
264122 264972
341885 354125
294129 417273
281453 379911
257904 368458
272317 346015
261868 419449
256383 481646
377036 399970
295797 360672
377640 467466
379144 478754
44462 261712
268661 435370
356774 403465
216286 363827
317376 369682
376827 380779
263056 321203
254630 263629
223324 331849
302564 378040
376168 466121
262367 430432
230050 413436
274026 311083
245932 319635
296215 387006
261531 478070
258774 376440
346509 462355
260010 389600
245539 253099
282892 357047
283195 471191
253039 270625
306548 403614
230050 414321
399968 449960
437256 478982
298229 401303
252996 355051
369497 481021
262158 354621
301585 333401
240922 368716
300651 405330
300289 364034
371101 423067
311430 467466
335614 370593
362057 380450
361446 378736
239938 379330
339095 464813
357283 384015
312664 362994
346050 472469
328777 462468
331019 339795
361076 472985
258654 397441
312734 369538
354125 435370
357555 358140
312999 393333
354739 481646
296102 373404
220849 358140
339063 362744
199706 354086
318158 361206
223129 406046
327179 386134
285735 291906
365441 438949
305682 310726
343118 357288
363117 409581
252622 392094
247219 312709
369162 435777
268482 366557
261890 393333
261015 364320
225504 480158
353246 432119
359939 366997
362153 483484
320184 370508
358140 470972
223642 354458
249071 289473
265371 317128
264933 306881
369810 481126
261233 386380
251849 261313
317123 472998
326550 432768
382628 418960
261889 368831
285873 412566
403459 462468
376472 426167
298283 318646
331901 410059
246071 252622
219313 259457
271308 391211
251871 300651
260570 312778
293831 369757
263774 268668
233630 445704
362592 430432
325527 364685
359531 379372
266376 272298
260363 376457
245934 315791
263464 454207
292614 377969
266058 420321
363763 417273
229214 297990
233627 259037
230050 322419
200135 408910
272317 476136
369375 403459
287156 441543
349142 401770
357459 404121
251453 346067
296674 358140
362688 419449
280098 331682
298283 393241
253099 377486
318635 354957
316176 444357
221859 428426
403701 419422
210313 309474
255108 419599
373979 392495
237380 255764
297338 354957
254066 384018
229238 306548
233154 347464
264389 268717
352252 355778
375978 421491
357869 380638
253457 420608
216225 393183
53468 315397
369497 451974
284440 304697
222573 349252
263694 362803
276585 382250
230050 470972
296782 307272
243349 340361
306983 307684
346067 357555
302967 365858
237380 357907
259873 362208
360266 377969
392318 399718
244537 366956
356840 418960
231509 370532
308219 361107
400467 419004
310275 357283
363708 401907
359356 378295
354739 463784
311430 389103
426654 434614
458954 471191
269397 482063
262435 364133
317272 340944
212015 268712
290663 380888
315017 354580
259239 383949
419449 472985
305442 315775
266735 342374
384490 404658
348168 379372
297990 385958
388940 402257
250003 346389
347184 358518
356234 479618
339095 463379
244230 405068
223023 388169
379364 437550
267101 302886
328269 398824
304697 338413
225969 260102
343204 363318
378306 380878
341268 367013
314004 434614
357097 428924
228799 337850
263681 311368
238892 382428
258383 357823
251595 369654
266458 324560
257904 262662
341189 377941
262584 369757
230859 443113
242839 430598
261303 350708
350844 376436
44462 483688
251595 379888
308717 308897
391601 482609
269397 354724
355205 375639
231509 482075
217109 332444
305682 423399
260810 376272
257818 262965
341838 467176
256447 369286
265350 300651
351490 382863
362680 386444
222567 331111
323967 447173
367034 398516
262367 362649
316244 393312
306548 458770
346088 393241
336868 476136
245907 247153
219313 270586
260210 317123
258416 387170
352264 441543
379133 448165
222247 389103
258383 484903
379339 400467
274712 335321
231498 342262
332973 363377
357048 440005
276689 362873
298910 449089
263694 351137
358799 373474
309572 358563
216455 355325
373474 401277
260010 314733
363676 463379
227524 297151
256383 385958
355778 358154
318641 363360
228284 469468
254719 376168
266718 297268
352121 480157
320949 430493
351022 357516
369424 369716
341082 382250
221801 254803
307046 410294
300413 305790
349957 353549
329357 347184
273541 358554
297156 466379
276062 360492
272238 302194
272317 401802
268058 287727
360493 426568
216797 376077
346725 359688
294304 341032
216802 290541
243903 476136
286317 377686
276585 461930
358854 417510
340507 358160
261479 272317
11653 386884
245255 251864
344456 379287
256443 257904
269601 310723
2829 353582
362744 388107
343867 420714
327179 470560
318158 362208
346015 472985
356429 358867
290551 406162
230050 253039
355325 357879
361076 418868
305422 386165
379696 384863
440005 484121
367022 377007
380948 444986
301587 389649
172229 256637
311430 346001
379888 418868
262367 304169
367408 447488
291576 326981
361892 462099
261015 326981
219548 316176
184266 215565
262584 346037
354488 464317
296577 368927
370193 436786
216455 261601
370839 398930
476046 478754
296782 326804
274137 354961
267101 342235
346046 472469
309474 418695
248975 298552
286398 299821
262238 430432
316029 380948
222247 472985
261531 356541
379866 452786
354932 358997
265963 422907
262160 262367
244230 314193
298283 418868
315017 331849
365016 428056
227524 432083
230340 302896
379506 435370
363205 380402
376345 428056
272348 351137
318641 385722
428085 472469
254719 368349
362649 362768
385036 451828
276079 314420
343027 358867
250003 332973
263388 328169
298283 400467
252602 382250
264606 361930
269228 451112
360242 361107
276689 441126
369695 480826
369131 384018
215829 319341
221855 439170
290913 418428
262367 385523
264657 360266
215829 370460
215793 315379
295240 482306
26218 216452
209728 264156
288670 383118
369855 478121
297579 369757
310226 346139
263816 421922
360472 382428
156471 282251
351490 370936
254900 336842
229238 258105
302530 357858
263205 481920
172229 269321
397259 429986
157812 311665
243077 299767
357801 367263
312311 338389
357384 360644
300413 410758
302160 315379
250617 384515
199706 423399
157812 386541
299166 354687
259239 385958
258424 339720
265773 344546
333837 424328
237283 332448
356630 464893
220853 380322
348965 356056
354621 361107
256759 361107
417142 452549
268712 345206
251849 264335
306245 360266
263864 360183
285298 382250
345571 376436
251900 420294
290541 364016
314733 433623
335062 380855
264832 441691
317780 367939
262027 362576
317376 357823
245539 276585
259469 435370
233468 312981
225504 372335
306983 351446
219255 351905
279242 338389
263270 327694
435096 464342
337053 351777
359345 379506
297579 383949
339795 341885
277541 332973
418842 430494
290299 355265
400591 410758
377969 452454
215980 283006
261965 446093
341885 449328
318646 420311
272317 452909
388107 463379
184266 339720
335153 405330
275493 301178
321706 358716
221496 257863
220849 272317
301838 398698
251968 354772
298283 377640
333633 362592
258383 300151
356972 418842
307940 481646
261245 480158
215730 258301
269305 335153
346027 362744
305372 384537
317468 432279
363574 455106
263774 362060
362688 435370
354957 435619
322180 408367
269397 320147
371327 452780
264995 312311
264954 270538
272298 350310
287394 405330
221419 376309
342848 348461
299424 370193
314299 356385
300651 337340
374309 442600
211998 346839
380349 467141
263694 310448
263780 320416
263923 339191
216455 309474
403614 417602
362018 370214
317272 469413
259808 263464
267257 378338
257408 292408
299853 366828
338814 364801
357907 428982
295491 318158
261349 304422
322396 483484
237264 359531
234389 360608
262306 321388
354739 418082
293831 436049
231509 263253
428982 482438
289081 385021
364320 455106
393333 481878
312066 451818
408295 408367
347345 448323
362649 365682
364119 435777
262584 322419
281950 370083
258301 356918
302886 363676
385824 430432
222139 341208
266735 432886
358140 475027
261461 418447
246071 469468
252102 306397
317780 322450
297494 360609
275493 442460
215565 309565
280333 339467
244520 356541
278572 346067
378786 398890
221859 324124
339740 381412
331857 433138
312311 393241
274242 309334
184266 266544
341885 436049
267812 272348
265371 356000
359345 363574
391942 482835
377969 379372
350098 389182
3084 247461
320936 337432
215793 296215
268802 481646
346300 368759
380921 441543
267257 346839
267859 383118
363019 444357
281031 423673
262719 451828
380336 460348
269305 324856
362744 431800
302160 310596
340648 358022
345206 365687
215829 361626
221138 341779
257904 419782
237380 282892
339795 346046
295454 393097
339381 358867
237380 337340
258962 376276
339095 436049
344352 448665
262895 382791
379057 449089
357288 380074
302160 469468
318646 354739
211998 344456
255764 323720
341885 346046
253669 359230
301457 330737
275493 387784
264010 316578
356405 370625
364133 433623
255764 297347
324804 358810
252602 301585
230050 256383
262995 263967
404375 416429
352257 398824
222567 367029
229238 260102
231498 448054
375942 384597
383920 417132
284727 389649
313034 351147
314807 415139
362744 449328
262193 359910
81029 285298
365576 481878
251595 393241
328854 385958
364578 372335
364907 371505
313603 379339
267163 362592
261712 311121
340944 346300
345957 400467
276390 329757
252602 484903
418803 423673
250495 326804
339992 365858
278412 319104
267430 308583
255764 482438
221138 311344
199706 361206
209884 264414
347005 448073
362060 362873
307208 484095
354927 358335
276390 429690
262027 377954
254940 455106
272348 475615
327145 416387
258962 457723
467466 475027
380697 471896
362744 379339
462667 484658
258383 361206
245539 253686
278572 289371
318297 473172
230050 375730
223641 357998
254193 357928
302160 400591
389103 413436
434024 480826
282499 428994
265963 269305
266718 363840
314029 366934
330787 418842
292807 479606
298283 419117
288937 361084
363574 400467
228945 400175
270625 296577
156471 236273
356425 441543
262306 329418
259469 262584
253686 370508
230050 318646
266079 306614
264279 328854
346067 463379
258416 307181
240423 433681
278568 451828
81029 312311
454207 464030
260947 372088
369162 369757
353735 354522
349486 364893
342374 358554
272317 481029
263238 388169
365272 382428
305790 339090
272317 363018
354086 360498
268182 380378
308750 440674
362208 423399
382972 448073
364289 417686
362110 412566
285298 357320
251453 259469
306920 364782
363018 464813
357823 382250
325690 419692
419494 445704
262850 278671
353099 378786
276390 304891
322419 346001
274242 386717
282111 344456
312311 356001
299518 370223
452909 467466
227524 356541
262193 414359
391457 436926
414359 483688
298283 346027
261868 346067
229214 341885
359423 371577
257904 262643
315112 441543
306548 331849
317636 372088
269886 462468
357823 380466
270625 377640
251588 387471
260953 438349
358140 472985
265333 379563
327268 354728
245838 357679
401980 433623
335592 365576
302232 358159
283875 377969
252622 296215
363019 426503
358140 425561
261023 391669
254803 328854
399982 406549
361076 447001
428223 435370
355778 367034
443017 462355
273047 445408
261254 264157
359357 364885
377640 388107
381185 440864
378163 419117
368169 378557
382972 472998
307288 450607
259632 380378
261890 347839
256497 337053
317272 401303
272317 346088
429374 435777
375730 388107
244230 370589
364907 483570
362768 364519
417686 429615
347277 354525
296266 314444
341680 380598
259239 362105
361918 460348
418438 458770
261837 262958
245919 360266
293288 302564
401853 457230
307181 326806
262629 354090
419117 447001
309334 357555
363822 384018
384109 415556
225174 335153
409581 482835
268661 296674
253794 263780
312618 423673
331019 418082
388107 403172
348565 368970
222574 351490
357320 380466
285393 417378
346015 379506
332296 383063
271640 476960
264637 384018
259365 484342
357858 378350
262160 351905
354632 377033
249647 314214
318646 435777
347184 386458
268661 363676
298283 346050
221801 358563
405575 469240
266079 302160
288139 301050
307272 358423
296215 342374
367323 371985
350162 376658
335044 378307
452909 481646
343535 374501
364589 456340
362744 429931
379339 472469
261349 354607
435370 485663
253727 352900
286201 368169
366974 484261
7722 258341
295491 418008
355205 356425
256078 299084
384490 420294
262306 263734
300151 380466
229328 397133
363817 447149
317376 376732
289371 419449
358525 378485
252015 301764
414321 419117
264033 269571
355657 380024
279242 310726
225831 292301
336712 341826
367220 483313
354669 441543
424896 445508
247843 318297
300151 308717
341885 356548
329933 430432
351490 359357
301740 335321
7722 222573
344456 383118
244537 476960
268661 418082
424896 430493
352900 384018
361076 481646
355205 436926
259239 405068
262133 266970
279242 361084
336868 367022
336842 356425
241416 364133
266376 349320
249442 345445
272317 367299
264051 281821
360266 376436
263629 360850
340330 397552
228918 410481
381097 401303
357863 361180
338844 381823
289371 420311
318861 416534
244289 300055
302896 364119
278572 357555
306397 307786
300086 350249
223642 263413
328004 356480
289902 346671
284727 300688
364813 368801
258424 321260
263121 347716
340896 441543
262189 328484
309830 339095
331172 386559
263904 441543
324124 375809
263657 345957
363676 470972
269601 302160
346067 428085
269305 298139
292079 356790
283249 346839
443017 484658
227524 351137
354125 470972
343204 428056
245157 337722
296786 310129
232424 365682
274376 347942
227752 264657
288840 363708
372169 438949
262188 379946
272317 400467
225969 308275
229195 399862
229390 325905
340361 463051
418008 424328
219313 272317
300688 389649
230658 263726
264279 454836
376808 381034
357048 449270
362592 383973
297151 366557
341551 354478
377486 403614
218089 298767
259895 301788
356429 478892
296795 433623
263253 357000
269601 274712
361850 415786
301765 469240
384302 470560
263409 355370
354739 419117
261303 310572
344786 368314
234590 324105
221138 324804
357591 436005
215570 361993
370800 412302
320866 379873
354040 464813
216330 430432
261023 379350
356001 431040
359345 369757
369176 419087
254322 364802
281537 282561
339917 418379
264552 421842
315680 333664
429374 435370
320147 356480
251849 262948
352925 356848
352925 370193
252999 258341
310226 350386
404375 419117
266079 383949
346037 348849
262160 305422
216133 445704
418438 418842
307684 351446
351646 378199
260570 323580
370625 452454
375809 379372
356425 357879
12443 295688
358862 365851
370589 371101
282499 296526
379475 421592
268668 369176
312987 341551
228347 299853
385787 389182
221859 328901
233331 397552
299138 368831
294168 367406
263390 300651
216190 393241
259469 419117
303212 317128
377036 418447
252818 263253
339186 465039
340507 484658
276689 355046
361206 361923
369757 454836
260361 418803
276062 355046
354739 400467
81029 264995
254976 464383
278572 362744
259873 272418
376097 478303
281031 355046
384952 431040
356448 479494
443017 482271
332198 358563
346067 463784
418082 429374
366135 374354
376808 409346
389140 417273
417901 421828
346046 354739
268379 274137
328777 358309
296215 300413
229238 360498
309334 345957
259254 345259
233154 303830
305790 356541
226574 263253
258962 362900
265433 300086
261531 392094
391211 481029
216190 470972
326804 352925
262238 302967
215793 233468
280346 420927
296792 308179
262415 475615
254193 380336
259915 271640
279242 354086
230340 261708
280551 338844
338157 362649
334564 378736
377536 378529
210313 418695
253108 431800
480826 480960
354621 364133
264710 300935
289382 437271
254900 394417
269886 346671
254950 469240
43402 376048
321260 354982
162749 295797
379339 467466
267163 368686
225969 333401
383949 386134
308897 354525
355961 430338
387006 475615
266735 312981
362680 426909
308541 471493
351926 409581
258149 343535
264649 363162
216225 264389
380794 469240
402060 419085
380998 474823
325527 379350
264161 325448
261842 338777
424896 482128
259239 328854
253794 367299
256442 256443
389160 458770
340330 351490
262741 263967
325748 376506
308725 393097
253039 339095
291582 480826
479794 481486
352265 453273
357555 362744
258774 426191
340896 442924
296102 347277
313869 416097
349124 377036
215095 254976
362151 386200
6275 301021
298139 352257
231487 352925
243563 382972
382840 384863
233154 263923
258281 356848
358160 484638
361923 384952
314004 421842
315011 360141
339095 346088
356694 483570
230050 298283
357555 420311
379888 449328
376753 431418
315397 361923
330737 419087
378736 448323
274242 369757
268802 435096
283109 302896
233630 257118
267082 293379
332247 417378
291295 413496
271555 379330
262367 323967
354724 381840
400467 413436
258341 374309
216122 276533
3084 302961
460348 475615
400467 472469
300151 338389
339145 396673
346300 360280
362744 386717
355645 422007
256383 445077
262613 376475
350036 482546
245539 369682
278572 413436
364016 386541
326366 468411
230340 283109
241125 358238
282633 318016
311430 397798
246071 360532
225983 340874
376077 405965
257118 440674
230050 485663
262483 479955
229758 361540
247668 312664
326804 441543
228284 422392
223023 367220
432279 469240
272348 319341
225969 360850
381064 385722
389103 452909
263073 355261
354932 389600
370460 387006
382021 418447
300413 339090
375730 435370
345206 384018
331310 406037
361206 362208
377060 433205
358160 479461
245157 433157
264033 376345
265433 382628
262367 341208
313950 324511
354499 428895
215570 438455
44462 363993
349679 474032
368927 472985
254900 355205
332194 475814
347602 396052
225983 369131
378721 428564
361120 407586
339063 426909
261461 377036
281708 479618
302896 426909
264995 296102
251453 385958
316029 452786
264499 296135
347379 438262
320949 437271
322450 362873
378163 413436
256443 288207
229595 443017
326531 421592
296490 390475
363482 401010
309334 339795
326630 369424
264108 362592
379287 428056
262225 330945
479106 484841
216160 354927
267415 276603
338057 354086
308369 426568
257290 422464
267812 392094
243997 290299
278568 378338
385958 472469
470972 475027
341885 429374
238855 292807
307666 401435
242285 351926
263209 437256
283109 393241
223324 279242
223321 264639
388806 425561
289902 428924
298283 470972
230050 368927
371267 389377
11653 263645
216832 457723
295688 327191
215832 340944
251453 478982
388107 414321
344220 451828
237889 263774
263925 451300
365891 417273
217958 418695
262584 429374
428417 429562
245907 356024
283131 476136
323511 375978
216452 420037
356548 435096
364578 403852
397798 418868
327179 423067
229328 254101
262570 345445
320171 398410
250495 272317
225916 367406
355759 358262
349823 369411
273398 358777
355325 391211
219313 261303
258457 261700
273398 362092
336842 349960
308750 430432
267953 326119
262320 311579
335153 379975
345361 367220
253413 367697
262962 475615
264335 366863
329797 343158
229238 484903
365625 400591
339495 480158
260361 263774
357555 359345
338389 363999
363482 484713
323421 372689
452909 472985
355541 370589
353864 383118
316114 352925
384863 417864
341189 379350
362803 400591
296585 374309
351805 409581
244537 479794
199814 362803
303315 360266
253401 417901
479617 480826
356807 418447
308717 373404
307940 379888
336800 377001
215829 221494
220849 429374
286317 314343
333837 377486
246554 457513
352121 355231
299166 392709
216252 469468
240079 282633
240874 355593
337825 482457
229214 435777
262030 292475
330787 346196
260363 404190
259469 270625
379506 463379
237264 379372
231487 365961
319635 334448
254719 267430
324205 380794
262640 338562
278572 377640
363480 383295
264995 380466
262584 274242
296215 317123
264033 364907
221114 300087
300146 422392
391676 405338
394394 434614
268482 351137
449328 472469
379999 445806
356814 366953
167106 361599
363018 363574
296674 346001
334458 340874
254719 311360
383949 392094
392094 410758
230640 281701
243563 460348
230340 435370
264335 385824
324205 421380
297156 327716
215829 310448
332247 367697
345957 419117
222247 414321
253108 472985
233121 364721
270586 364016
435096 475027
356785 480316
293777 325612
257818 345681
226091 381097
297268 359114
296684 441126
379339 429374
262942 263238
265563 348573
369757 385958
251453 332604
225430 375730
300026 323696
333919 347948
297338 323421
261245 324124
287437 355077
234310 389168
281821 357392
216223 329418
269305 379441
295683 306512
296029 306884
323967 378414
296417 346464
290541 310572
290649 441543
237889 327268
272418 420311
292035 314343
299166 346196
337053 366395
302160 380336
361180 448323
366565 367299
319279 351273
264657 384273
384517 478187
301587 355265
302478 361465
252996 375942
272317 357555
342235 371067
352257 355759
346015 452909
337340 377686
263967 264122
346067 464342
78429 393333
316054 324806
265686 290949
383118 469413
364578 370625
262158 364133
301459 383042
297347 300651
484645 485586
363661 377036
261637 314193
199814 254193
338562 413606
264335 333982
335321 336741
351214 410339
261799 330382
256383 436049
341885 379339
334448 393333
379339 397798
336741 351137
379888 463379
265748 404190
263025 387784
230050 404375
230050 464813
327801 427679
221138 305924
362166 397552
256759 363708
258455 333401
366557 386023
259808 276431
325376 365439
267163 362649
3084 262613
261879 326366
270625 388107
268668 417142
268607 367284
327890 376345
411822 460348
296674 464813
377446 419325
253108 385958
380824 391311
263274 265421
318158 384952
264995 290208
219252 265963
272317 419449
262407 346839
309334 447001
325369 482835
290208 301585
253039 435370
260210 305790
315774 418438
279242 290208
221801 383949
317272 398632
427772 437550
217958 261601
301457 458770
261023 346839
370589 371169
283875 403852
259469 426909
261799 462468
292807 409667
263209 395535
311430 386717
377001 390436
345837 436786
379506 388107
216190 341885
335153 354558
354961 392709
225430 296674
251871 297347
341779 417963
309334 339095
296792 377944
304697 351446
345772 478927
346027 386717
254286 348965
253099 361206
261819 426654
351407 357348
389103 449328
1008 302961
357907 417235
318646 379506
231498 310668
262415 360532
298283 346001
294168 339917
349770 355988
359345 388107
347942 348099
296271 386444
221801 264279
346050 386717
332604 481646
324122 383949
262962 387006
375730 418082
285298 360850
252321 367323
326031 418447
272348 400591
222812 251775
245907 302079
215565 356972
362649 384273
336741 357928
360497 364813
282397 340944
336666 358582
262640 360183
233627 252102
254630 376732
262367 370532
320949 427695
216297 470252
296577 332604
212355 364133
363746 370589
363574 419004
429374 485663
285298 390331
237889 362060
280326 351646
332887 425759
265165 341551
245907 363869
355315 435370
305790 366557
257818 306772
356308 480609
365625 412566
216190 435777
53468 360498
481486 483283
339844 484903
252102 330737
266987 356520
340329 359506
276689 354961
322421 385958
358309 462468
199814 215829
309555 351490
353452 365745
354125 369757
360609 444810
352925 473172
308541 355627
298767 303427
184266 362873
263253 264110
234739 344456
360498 393241
418695 481029
230340 272317
344546 436901
367034 484261
225969 312311
266970 362768
369716 430432
409799 478982
233627 274137
216133 404658
263780 267202
272317 418868
376505 464030
219097 307288
258091 280326
343925 399968
385958 431800
236192 258301
256429 362649
333667 343412
300151 424328
306320 349923
379506 464813
229195 430493
252102 392709
8527 308741
354665 354687
294168 360515
308897 347277
278412 483667
360141 386884
356520 472469
304353 317691
244007 346340
254227 431162
266069 420333
234310 326031
358151 484789
360242 448165
256383 357555
343325 400175
310723 472998
348849 354125
215071 264639
328854 470560
259469 385958
248553 416255
296029 305651
297579 371169
272317 431800
339824 371790
367705 384371
250617 364893
263208 263382
483283 484789
363571 368169
253024 268712
286371 444688
327959 378402
260570 464443
331019 379506
269305 352257
448073 472998
261637 362105
419422 450482
391211 441543
259239 344393
397798 420311
361930 364449
364639 438993
310596 410758
302896 354739
269385 318094
296674 309334
351022 443495
230340 296674
323588 404100
219302 337060
360682 375978
299001 437256
295491 417602
310572 414359
261751 407546
358563 451291
358994 393392
381034 478121
315774 330737
263694 392094
261868 339095
215095 236192
361923 370508
306245 365380
412566 422392
301838 379457
302886 309830
262306 478121
251968 263780
263694 300413
364907 431445
256383 339095
297431 480987
326630 357644
337477 430432
346001 354739
283109 414321
346839 363827
335153 360609
184266 356972
363676 400467
404375 467466
278317 341838
332194 484789
378414 414516
303192 407586
357674 380598
262158 427793
373854 380948
344352 360266
263694 317123
260443 363574
292513 409581
264025 418070
269397 420294
362424 464443
283006 379911
375730 389103
266991 418663
362873 423673
479794 482271
354360 400365
479794 480960
267163 364519
253413 290949
262415 362803
261601 355325
223324 357823
304669 344115
263672 468633
299166 418842
254322 335153
344456 377508
215565 430494
482271 484261
287322 398698
263923 452786
264187 384169
305790 360497
220592 356520
263025 363318
352928 366953
337053 384744
335320 357442
230050 379506
266735 358554
354739 397798
278671 362092
243997 306003
252699 377941
262030 354632
380074 424183
215832 409581
274712 324122
248572 275364
367299 432279
479106 480826
318646 346037
261712 440485
254900 406037
307889 452909
212015 418268
215631 381070
379888 420311
334458 357348
216277 292476
377640 472469
354125 364119
270625 464813
369131 369424
348573 366488
300935 356231
216455 313950
252674 265343
199706 338389
259938 358223
263025 403701
264657 306245
248572 481878
357555 463379
483283 484658
324856 405330
274137 423673
253039 429374
290299 358737
354720 372689
362873 418842
294053 302961
264033 361263
248342 379339
263640 383003
261868 362744
156471 361918
361076 435096
362744 418868
364519 419494
321260 428895
300151 354086
341885 428085
266070 476960
158771 318165
354782 364907
270625 364119
216252 254193
5386 262265
315774 330787
262315 376272
346046 481646
258383 315017
249647 356540
177742 276585
257290 341940
344666 361027
255764 370938
219252 272645
252102 301457
467024 478320
302896 423067
346050 379888
367923 377446
382250 478035
329102 368686
222330 261349
318297 397552
262593 347942
278572 322421
365576 421828
325919 414359
266987 478754
282588 346671
253669 282058
351777 366395
354739 385958
338389 424328
339095 377640
243578 261499
233154 417273
251453 463379
216802 386541
264972 354782
372023 418960
276062 418842
13807 307853
261799 361021
380942 400175
355923 427772
274026 362768
360850 369682
418868 470972
270625 379506
294168 316114
307684 356848
268035 269571
297540 384863
261890 331342
324124 483328
225430 318646
344456 361423
343925 361066
307940 435370
251453 274242
302896 339095
254193 273541
256458 314807
298283 322419
370193 375942
354207 397297
346037 428085
319279 433623
349142 377878
364016 396937
184266 296684
363054 450731
347168 366956
363318 380421
274137 419087
351933 401878
217446 309430
311827 462945
346015 413436
259021 301019
317376 424328
339844 362036
383949 400591
341885 369757
162749 439068
199706 354580
351015 395654
367545 426909
355013 470252
308897 423399
353582 377061
266735 301740
304697 388107
346088 363018
292035 362948
261868 435096
256001 367220
367766 382895
248594 401303
314067 365745
354040 363574
252711 268379
215957 479153
263754 264110
347591 347942
340514 395654
261890 447300
352257 421491
265433 371475
253099 357823
355315 361076
258455 295491
225969 300151
360371 392466
331111 403852
274026 345571
309597 381070
216802 259457
220592 478754
301585 305682
372394 383719
257181 271628
387006 424417
306245 332973
335153 367208
274242 339795
309539 343690
392147 478417
263381 364678
263974 417510
253669 369871
264995 357320
429374 470972
302896 344393
429931 435096
418082 463784
354580 382250
259469 416429
221801 371101
380820 436679
271628 410758
261479 264639
354961 418438
300086 325863
172229 414303
432119 455106
306548 354580
276893 368458
219252 348168
310260 327889
218224 261167
280326 377958
262995 376345
327179 369757
264645 268482
418082 447001
340944 343204
414321 467466
356425 436926
426654 478501
314067 363571
274242 311430
270625 318646
312244 362166
367203 395654
481486 484789
260210 475615
283290 306866
299424 356848
294728 379350
258105 403614
417235 428982
355656 479106
199814 365625
264028 325002
365682 452871
171111 216225
313603 416429
363676 413436
284601 324806
166345 296509
261601 310129
341189 378332
308897 361084
339917 359531
331746 386972
265245 346015
362649 446215
406549 436786
263168 408910
217901 370223
381185 404503
257118 473391
217958 219313
263974 307684
265354 339004
241416 373574
400591 472998
264867 287820
336606 372088
331019 393241
244537 307705
264867 355904
272645 323720
267257 346671
259021 322142
277120 340944
356548 426909
309572 451828
283195 356448
384136 415283
261819 296509
308179 384302
211998 324422
308275 362036
216190 362688
379888 388107
307183 350333
262850 369899
367299 421380
403852 444136
318646 357555
261303 351777
317334 327191
403172 472469
227524 354518
265062 301336
252711 392709
225504 374280
283875 354633
340944 410294
351314 357879
340989 354558
274255 301019
272317 359345
339720 356972
339090 469468
262460 264156
379888 472985
265245 310042
318297 406037
356989 378563
257789 264156
307305 462521
355315 377640
309334 420311
365569 378368
318297 476136
296255 424544
313603 404375
312709 399982
331127 357633
253099 312311
311430 447001
256545 267750
242208 263640
267199 327650
323065 423399
307889 369757
253925 349932
425561 478754
315774 362060
261601 348442
226207 470298
333283 466121
329471 440005
318158 320184
258341 400365
260810 405726
416429 447001
261303 348442
369131 430432
264634 294304
355966 378350
292475 301587
257915 262238
357823 362036
269305 380136
215368 374323
222330 354607
229195 437271
305260 360021
264033 481878
301740 358554
275364 286548
317376 390331
324560 338990
225916 316114
313199 341826
305790 360532
276585 362208
286317 292035
295491 361206
264499 295240
169551 464522
265097 379475
349957 358474
361076 388107
359345 363676
287239 350267
346046 485663
369757 416429
332604 416255
313199 385269
369424 378402
358525 431418
363018 447001
227524 360532
360515 481091
313603 377640
351933 377001
320485 341805
306397 309565
346088 355315
265371 376753
305230 312066
422533 429430
257181 315379
222247 289371
270625 379888
324806 349156
262238 262367
302896 463784
291576 363642
265734 384849
300574 362680
200181 375778
283875 379372
359206 441543
296674 377640
362649 408617
283109 385958
231498 373312
274712 310448
348849 397798
289371 379339
254803 291576
470262 480332
299424 354633
464813 472985
339795 346067
367123 455064
247668 356426
340896 363929
323967 349960
369899 483814
156471 354518
355315 435096
252996 299424
244769 388638
363787 440674
244520 335321
334448 343027
215793 424417
349679 380308
300413 472998
363017 364270
253861 260762
346015 470972
377686 380888
274242 309830
262584 435370
356426 483825
265131 452120
251900 369424
362688 435777
379506 414321
263062 394417
230340 371169
264649 417378
333982 376297
285814 383949
261868 332604
349640 374213
400591 406162
263967 346671
242249 386972
326804 359206
216190 358140
256429 333633
355657 479106
221494 392094
262160 344456
296782 368144
301067 326519
317039 330875
204549 303015
409581 444986
225430 346001
302896 481646
283351 480332
264161 378191
269305 378181
362768 398124
314151 376793
363574 447001
272369 405890
381840 420294
262962 301740
354340 478474
253699 479153
267812 342374
404375 463379
353408 356042
282397 478570
236850 315130
322142 380136
367766 369257
376077 379931
302665 303830
296792 405068
388107 420311
354739 404375
290158 300403
333401 356001
355180 379350
261799 346671
306245 380252
248553 355645
325074 377036
221233 265564
249647 262640
369757 435370
252825 439281
309830 400467
245503 353590
46794 427114
308179 371169
261708 314193
295101 433295
346015 414321
307078 414982
215565 346196
361066 363822
346046 362744
366863 379287
275493 289153
262367 344456
240055 345702
270625 431800
389103 404375
217260 368516
259457 418695
302896 328854
260947 352408
299601 342889
327694 482835
309334 435777
344635 418447
254976 258301
302486 340989
355388 367034
357879 418695
388107 401802
269571 295400
225577 354558
264657 423673
342434 447173
326981 363642
374213 391457
362680 367686
291547 405890
356918 376792
434466 445001
315379 380336
257181 266079
270257 392270
266544 354687
215368 281821
341779 378323
245544 436679
468263 483825
234396 332247
289382 355279
244537 484658
261024 471894
240361 360540
221265 319104
334051 481878
295731 361266
301159 341947
371169 470560
320566 397552
376345 391676
346046 419117
262584 339095
211998 252699
314733 358997
386717 472469
363018 379506
302961 359799
337688 357998
283131 360162
307889 346088
441691 444986
222247 452909
292513 481878
266735 303015
339095 348849
217958 357879
229195 355279
234396 379203
364649 364699
345957 386717
263967 361359
264279 321449
293777 370938
349770 401399
269305 297185
396937 481029
342215 452780
278572 386717
273398 367697
216252 267812
253686 361206
261303 386212
250448 368632
225916 399982
244007 420494
302896 464813
308897 312311
258455 390331
311430 348849
260443 361076
361540 394394
354360 368678
232888 327179
78429 358867
223023 261799
358554 392094
261601 261712
324124 342889
231487 344456
265131 367316
346088 397798
362744 426909
308717 357823
381775 465500
262177 302961
241261 349324
377640 379506
346151 361021
379339 435096
361076 363676
309830 359345
257700 281513
339795 467466
282588 368678
251453 307940
272317 472469
252602 296102
290208 339844
264649 434729
393541 404122
229214 386134
363676 472469
276390 308122
363993 418695
234420 375978
313007 482767
225698 265023
263253 346389
351446 355657
212015 384517
222247 363676
370938 482438
308622 379182
264122 433623
307491 407818
232888 423067
296417 367034
252015 364589
354040 483484
264515 382863
246071 301740
363019 477613
385787 478982
274242 418868
357320 417602
358140 362688
266544 362873
300151 478035
371958 379350
236192 450731
229238 423399
230050 346027
266970 274026
243903 374213
384302 385958
377944 454836
295030 349016
226225 264414
298492 352408
261890 311538
258648 325612
300093 334675
241416 362299
262958 443631
373952 466121
319169 369716
388648 450607
300413 448073
220849 481646
314505 480987
354566 431445
462667 479106
355325 363993
315774 327268
270257 308533
263754 345571
292303 386884
307889 341885
308179 355541
345957 346050
355656 484841
383118 453858
229214 261708
256443 266970
221859 356405
354927 433623
350934 370208
354580 357320
215793 246071
377640 472985
345957 403172
256442 364976
274376 276420
288602 381958
229708 240618
308938 346839
263754 361066
322450 354665
215829 301740
375730 385958
274137 355206
255882 357869
261799 376345
266735 306614
254227 405330
251871 481920
395654 436901
282007 358799
216106 362592
341680 447650
362680 381097
225525 447488
247182 333640
215829 319169
219313 290541
275815 351209
259808 286186
338814 364802
343027 360973
378350 439403
288602 371267
263780 317468
331310 397552
309474 359910
363574 420311
215071 272317
233668 347942
346046 418868
358862 370936
318646 388107
259469 463784
221801 454836
245544 444029
418082 449328
287934 426653
218388 299855
388566 433209
255764 380888
363822 385216
351284 376077
319341 342374
354633 428426
357320 384952
302896 400467
281821 362680
245907 380948
375809 377969
290015 346829
310723 383949
265857 365131
344393 454836
346046 447001
235090 256429
263629 426941
367797 426568
296870 327890
283131 430432
309830 397798
297579 363746
261937 379350
356548 393241
277541 362649
272418 461930
233627 356972
215829 282251
293831 388806
311290 344456
313007 313199
270139 369581
245919 350369
264260 387211
296577 470972
251453 322421
257904 357748
329357 384273
314004 353549
257290 366936
263694 312981
362744 481646
247977 326804
358983 359424
400467 418868
286317 337340
262367 263734
301788 476948
254066 379904
230340 257829
263360 359321
311430 449328
397798 481646
329357 342307
382250 461930
274242 404375
261349 301691
262971 483825
306548 361206
317376 420714
340271 406549
243563 305790
296674 354125
299166 354961
481570 483825
268661 403172
256443 261245
230340 263657
347232 355506
359939 368017
354728 419087
299166 327268
310668 371155
261712 271308
261637 296792
221233 398597
354125 362744
313171 343526
346050 348849
310726 354086
264157 266970
325376 336712
299300 317334
263062 473172
223324 347277
371169 385958
250894 298316
357555 375730
220849 364119
252711 441126
222567 361465
264832 356042
261973 266735
259808 356426
312673 483403
241256 335074
317159 332887
310448 469468
225430 313603
289968 361027
355206 356972
346037 435370
399968 447149
231509 345347
249299 356541
364813 412566
286186 312455
340896 390475
389810 465075
256383 354125
221801 339095
217402 432279
376436 427514
304895 365016
244537 358160
354982 428895
318297 356480
266544 419087
264389 362710
231487 310686
263253 304169
346196 362873
346196 389160
396301 460348
342235 354910
230050 248342
276689 417142
426909 481646
221930 373574
229379 339720
368686 384018
341094 477527
355261 358563
296674 379888
203407 263774
308236 444856
326366 358105
263923 382697
317376 320184
348107 368984
283109 346050
373340 476960
350036 372689
209884 370671
290949 363162
267012 351926
264932 364649
225430 339795
418868 475027
243253 259469
297990 386134
378529 477760
346050 419117
375809 452454
252999 264144
382177 477310
254301 321706
225969 484903
380948 441691
318646 346027
418438 419087
246554 339720
313007 381490
420306 436679
263904 343204
295897 342850
200457 341189
358320 361465
337976 352516
346050 369162
324422 422007
318094 482063
308219 363708
227524 272348
356150 418915
381992 391249
403852 452454
279242 333401
341219 353458
262710 481842
233154 261799
352408 418960
358404 362649
270586 310572
184266 330737
325074 378323
253039 253108
370625 374280
361433 366997
5226 480279
254301 302569
229238 296102
216267 380136
254976 314214
258383 449884
262231 380271
252602 362036
215375 290299
269601 339090
228284 280377
316130 384015
362153 419004
358151 438553
261303 309474
348849 379506
332353 377836
252996 406549
379339 420311
325376 349168
244050 430432
298283 428085
363089 373620
199706 258105
368100 371475
338272 365858
309334 369757
357052 364589
229379 354499
259469 362744
306614 383949
265097 420306
254998 378504
346509 347168
264156 418268
322421 369609
266544 418803
325690 395654
351490 479618
298283 378163
340944 370989
259037 296684
301364 369757
81029 318158
331544 346839
257555 480291
296490 365694
423067 470560
236273 411822
344456 363193
287820 419692
233331 457016
251047 353393
254958 313875
262193 270586
252674 380054
356918 466298
259400 262640
347978 350708
216190 339095
272238 285393
376077 380178
307940 348849
296577 296674
215727 308541
216160 433623
332973 405330
362592 451812
301740 351137
373669 447537
417602 423399
343027 365807
260210 422392
348010 362936
434024 476136
309334 361076
296504 395535
281871 480316
464813 481646
229179 310668
302961 358081
257118 384490
384183 484732
346046 368927
360133 457810
270625 404375
266735 403310
361927 400433
81029 352706
306548 308717
247970 324806
333633 369424
291294 360141
355231 401399
297990 321449
380378 479322
225174 281456
263754 419692
215829 360532
262415 360464
359000 444850
263774 330787
328901 403852
261479 261712
260010 284818
265565 344741
318687 432083
225728 293777
307863 366604
221138 234310
378163 435370
340989 364449
358490 358501
221138 399970
349467 352358
277120 414303
400591 433919
332604 370258
346340 350512
362036 370508
315775 390783
244537 475814
233468 361626
302564 355231
344241 403310
360850 431040
229595 479461
78429 262494
318128 447537
225728 286317
272418 370508
297990 454836
300151 420311
360133 362018
232888 472985
253099 362208
231509 268712
338345 349156
312999 363117
338389 339844
259895 422907
269141 294304
347277 363999
272902 341938
336868 347168
470972 472985
261191 385722
261973 400591
346001 346046
251102 328478
199706 252602
387784 410294
315017 423399
12443 231509
261396 367721
300151 431040
247668 263464
216115 381185
268231 379704
361076 419004
262584 435777
368104 478319
259469 309334
330787 362060
12443 360609
261597 335463
268231 479861
316176 477613
290299 290949
268035 344456
251588 283027
230640 359939
247668 351908
227524 411822
257430 421689
320147 359321
269305 340330
354813 417142
302564 448165
321449 477848
248342 345957
219548 381717
233668 274376
257290 330382
233154 245323
293860 380904
267812 339090
346196 354728
312618 418803
358335 398698
357644 362592
274242 385958
256594 358851
369411 371469
326806 412566
221138 377936
337701 390849
358723 375960
304697 343535
262241 328269
253039 296674
291700 354947
370695 425587
290663 377686
266254 352265
315774 369176
253794 324205
384863 446215
426909 478121
306614 364813
315379 339090
301396 406549
265963 370625
220849 379888
306548 338389
254803 339095
265350 481920
223321 481029
294179 482826
251871 362948
369757 481646
349313 352257
341885 429931
309591 340944
367034 378704
257904 363836
259895 480158
260383 261965
280772 344786
233630 320147
352706 431040
259873 315397
312995 363017
303960 345708
320566 349960
313603 363676
328854 377944
222247 362153
357644 412302
314343 337340
397259 439585
258390 383118
346839 380227
220809 243077
354813 355206
226574 403701
311135 428619
263774 354728
225969 308897
483283 484638
13807 364270
262238 463154
355388 482271
264335 361930
386541 481021
298139 418960
354415 362144
222247 377640
403701 444986
296684 418842
400088 428982
249396 283921
364289 421592
419449 467466
259239 423067
239938 300131
243578 376827
481486 482564
312631 383042
294742 295685
267257 379350
262367 349770
257181 363313
272317 343535
388107 464265
362592 365858
253727 268712
309334 331019
346050 358140
335463 389810
307889 355315
258383 288937
324122 342374
274311 428085
287598 378350
363574 418082
309830 414321
354525 362036
261531 342374
258962 325905
294168 439585
337088 436786
216225 362710
315774 354961
372035 427772
379287 401303
479794 484658
263253 292599
306548 347277
307272 369899
274242 346015
274137 299166
264995 357823
443017 479461
274137 362060
225430 426909
264031 478942
298283 346037
359295 392318
308022 339917
216225 388107
256078 302564
367406 377969
225504 364578
158771 366395
253099 258105
316338 365312
318646 475027
296674 298283
318297 351446
360280 380921
227524 264645
259512 337053
352257 375978
219905 314029
288937 305682
216277 484669
345206 364912
262584 272317
363574 464342
354782 401303
339795 346037
286788 317334
259469 322419
262415 460348
343118 362092
296181 367316
338057 377486
264634 323901
160382 267064
323046 366997
401399 433623
269397 381840
347408 347416
296577 358140
379372 428426
379157 431984
315768 380073
429931 431800
222330 284523
264552 361540
228872 364589
301280 378414
318297 463154
286234 354558
227507 432083
225174 269305
386717 447001
271628 342374
298283 472469
472469 478982
412566 424417
226319 322142
252102 315774
266735 308533
339090 364813
229238 288937
289371 339795
299853 358320
335321 382972
386717 426909
313950 443191
362680 403701
283875 478303
286548 419422
268802 283109
318646 359345
264709 364678
331614 349508
256383 346046
193322 372193
340989 375711
262962 360532
235310 351697
81029 306548
360034 369757
216223 363318
406549 473172
355657 366974
177742 342676
272348 363313
328998 351132
278572 346027
260947 369497
388107 462664
343957 354394
351926 370719
339095 423067
332973 344352
263774 354961
354923 367686
365576 393097
354932 397082
322450 330787
287598 357858
246071 300413
304102 350512
281950 369895
262570 362268
263390 363193
341885 348849
276585 370508
344456 473172
368458 384849
259037 354813
417142 418438
343204 365016
354580 362208
349785 398523
342676 369682
377486 420714
211998 443495
298910 356107
272317 424827
263816 367064
333837 403614
216911 274376
262629 371018
301740 386023
257430 377508
371169 405068
225983 384018
5587 427114
200135 328236
309830 418868
221132 301838
345957 389103
323099 418960
230640 366997
403701 479606
270625 354739
216442 273398
249299 324122
357858 361540
259457 372155
440485 481029
261601 262193
227524 478070
354791 364721
265362 265371
379888 472469
220531 380598
369757 449328
339186 427114
46794 244007
205890 354623
319169 349508
337825 340944
245539 435370
44462 372155
263967 379287
253686 263629
245539 272418
355315 472469
307889 363018
360498 362036
288937 306548
339186 401303
452414 462468
261637 297990
259469 418082
328547 362649
342181 424870
263974 358854
363124 399982
352252 462667
260102 354580
81029 259873
310129 481029
265245 428085
246071 416534
354876 428895
306614 310448
251968 469240
355315 429374
346067 400467
157812 311121
374409 426632
263121 370532
380336 422392
357750 433623
261405 353393
432472 481038
426909 449328
243563 266079
216297 320485
232888 261637
386187 437940
285298 317376
264995 361206
308541 329380
253039 266126
217169 381717
339145 455106
276201 470142
339824 410294
322450 362060
216252 274712
341940 386881
361076 363018
262030 349142
481486 484095
346046 435096
379888 400467
261497 339917
217086 229307
352900 447173
375809 403852
223324 338057
361359 433623
252711 274137
229179 355465
348442 418695
403172 435096
302160 310448
352264 368190
349689 350378
307889 357555
262320 418447
320416 366565
237889 354813
348107 366997
346015 393241
296140 482259
358921 380308
362110 392094
339917 481091
326981 385958
296215 357928
379372 399982
233627 354665
352252 361473
268379 322450
252951 369654
358997 370034
375942 428426
243903 436926
280772 368314
261464 477613
355777 357869
252996 258281
338283 384517
308275 361084
215829 243563
179259 290573
262613 286548
333994 348170
383199 431418
361465 444136
265333 302564
264893 268231
209875 352252
257181 269601
296684 458770
352900 477707
318861 410758
286827 298316
238497 324205
251453 268802
311083 326804
55077 363017
215570 257245
338844 343405
330787 360492
375960 377771
305422 363377
362441 395535
262958 393333
346453 476960
244007 268717
265339 316176
292035 481920
259469 361076
322419 379339
215574 231487
247178 349205
264279 383949
327268 330737
368100 418960
248342 346046
265709 344786
300061 345751
265734 266970
261712 262193
342374 472998
359531 375942
243563 472998
417602 478035
472469 472985
366999 484789
375809 412698
318158 342676
339795 361076
464813 467466
230050 435777
348442 391211
245046 420608
184266 327268
264122 428056
260947 343412
216223 428056
231449 363318
481029 483688
246747 347719
365807 443631
264639 271308
337014 361107
220003 324422
229214 454836
318646 361076
327268 458770
262584 354739
156471 412566
240874 363763
256442 419782
262186 337255
227524 355050
347168 462667
354558 383003
300413 358554
360850 382250
309830 435096
266079 310448
233627 369176
280333 312185
340347 344456
347979 379457
265773 378307
313199 400433
276062 301457
256474 262306
369391 478982
296792 297990
355325 386541
368349 368458
215781 263409
379612 419371
221859 374280
229264 363411
216455 293362
342374 434359
350512 362710
354633 361998
273130 305699
164227 226574
358022 376943
279242 295491
319104 356405
296674 346050
216133 358862
263754 360266
259873 285298
352834 358994
345008 351807
296674 313603
199814 263694
275493 335153
229769 289081
230449 484855
273480 321388
245046 334037
307491 313171
223129 368349
363676 385958
339095 388107
355645 469413
352706 382250
346671 371532
254227 312987
261349 426653
177742 357320
245539 343867
246554 258424
283109 345957
221494 274712
363360 369545
264664 393312
346001 429374
377486 431040
341524 391249
265734 340989
284523 287934
343204 391592
262866 264972
318646 363676
244230 371169
261712 386541
254719 408295
296215 301740
296684 452549
378786 408146
335153 364298
256001 389631
259469 354739
303754 335153
265564 368017
419117 475027
356713 371067
222254 263967
339004 341551
229264 251337
264110 306245
260762 425587
219252 328901
156471 199814
346001 363676
338389 360498
256637 341344
354558 368144
314151 323929
221566 335153
263253 363804
263918 350071
363993 414359
219070 262768
346027 464342
348838 434614
362110 370460
346148 397133
420714 426941
260130 307046
262189 264515
300151 360498
233668 428924
288937 333401
370698 444986
347719 439170
253861 355605
272348 478070
264995 339844
341170 344468
212015 250003
403172 475027
357669 365651
264335 288602
368646 369081
335321 424417
199706 357823
249299 312981
220849 346050
285398 370625
341551 366534
358105 468411
331849 357320
44462 359910
393241 418082
346067 385958
215829 478070
340823 375809
5340 262320
333837 341082
250617 314067
229214 314193
304697 352516
221566 358674
383949 405068
264867 384851
272317 340896
338562 362711
331849 361084
377640 435370
262158 332973
363018 449328
294117 481878
330694 404092
336829 452786
255764 314343
379888 485663
238994 261195
360497 360532
225792 363745
298283 386717
347277 403614
331288 471896
283249 373854
378414 396704
364578 473290
348849 414321
257118 318094
226574 302967
302896 326981
341551 447173
294129 295685
370258 431800
358854 370193
248975 288602
261396 355465
270625 385958
219252 355013
292807 352603
340330 365380
362803 366557
262643 360623
346671 362680
472109 478927
233630 366271
267750 306220
261623 263317
289371 414321
274242 389103
276585 317376
280701 458770
296099 340943
370938 481920
369375 401303
329357 479618
359398 447537
329357 376436
244537 484638
355325 401802
236273 351137
346050 389103
275493 360683
296504 369424
250495 454264
322419 413436
352252 443017
301585 308897
243077 380948
331019 386717
362480 480853
221859 261245
281087 290949
258383 417602
260102 333401
238616 356355
306361 308541
297990 477848
370542 452786
364000 379350
220592 399797
403701 409581
221494 475615
282588 283249
223321 386212
272645 364578
244007 337825
338345 345719
254719 323099
414321 429931
233627 268668
345206 362649
272348 442699
263657 435370
308179 362105
405330 478892
248975 364449
297661 366565
249299 266079
241453 469613
264474 345672
357047 370938
360266 437955
272418 318158
251968 324810
312988 358983
288937 300151
344456 368880
351926 362014
260010 327336
300151 382250
452909 464342
261015 360412
263857 465099
260810 363017
277541 368169
263754 336750
262510 369213
156471 475615
361263 391669
256935 312185
229390 362820
262238 362649
307959 323856
250003 340874
366898 437955
388169 389631
280333 362680
294304 426653
199706 419370
263121 320485
350708 359300
266674 348944
301633 443191
362688 436049
320184 384952
302486 381958
259469 378163
332887 457513
261868 318646
270586 357879
262189 326519
342434 397552
278935 306105
358854 481091
295491 357320
363574 403172
271638 346032
354525 423399
324122 380336
318195 354522
266544 306397
263774 281031
216190 345957
289371 302896
270586 384211
296280 383690
220751 360242
340330 374213
323246 481103
306881 428564
225983 362768
346464 397552
331111 444136
281928 370938
346509 355778
229595 480960
419465 472109
359531 370532
351905 355896
261868 362688
371469 479598
310723 460348
228347 366828
368927 379888
284320 401980
225430 472985
225174 265333
363708 365042
357097 405338
258774 363017
264279 362105
311430 403172
262519 390475
322450 430494
237889 299166
257430 313829
264020 404122
260383 446093
366974 480960
347277 424328
368686 420616
332973 349259
351159 355279
222247 429374
354739 435777
354649 457935
267812 383949
272317 463379
339095 463784
435096 485663
309565 317780
333401 484903
81029 341082
325863 368100
300688 355265
333401 423399
346015 429374
215832 343204
479794 484095
350098 369391
301740 475615
382779 448054
251527 267113
234396 304891
263967 264144
225430 363018
333401 347277
324124 361446
228872 355958
267202 331201
346001 369757
244520 246071
242576 363017
358160 484095
365588 372351
317123 370460
440005 480301
308897 331849
356541 380336
221859 299601
293777 363193
359345 418868
341189 362680
290649 344741
263657 435096
259457 401802
346050 397798
264972 386559
418868 463784
318861 424417
313603 464342
291700 435412
238497 254950
333277 380024
375639 457016
234296 292616
357320 420311
349679 376297
253108 467466
311430 388107
209875 333277
379330 381364
262144 293883
199706 279242
385958 429374
358160 480960
365402 399168
296102 484903
308275 357320
274547 393097
359345 393241
296509 353549
316176 335091
266079 301740
253108 332604
317123 383949
216911 368759
255764 357047
310726 360498
318297 399982
379601 483936
262193 272317
256443 259895
310332 444596
355388 479794
44462 348442
316176 369373
270625 463379
403172 464342
261601 362334
318297 436926
369274 455607
307046 379350
296674 339095
302896 454836
273398 302194
330737 452549
346037 419117
351314 401802
270625 348849
393139 418268
307241 420927
346015 435370
313603 386717
265023 380948
260010 376445
199814 424417
330289 357591
268035 426909
263708 379818
347464 417273
418868 464813
301457 355046
267257 355645
338389 341082
380427 389631
359398 447650
323580 386181
251496 325017
222247 413436
293373 365312
357129 451752
426654 439403
215071 217958
392709 452549
259229 292114
263640 364133
328004 344087
280665 320503
363322 394394
404704 481126
301457 356972
319169 433919
264639 304697
306397 417142
262039 355231
347134 400175
244007 362680
282074 484532
262584 475027
311430 346067
223321 362334
272317 386541
307889 419117
340330 477213
250003 271555
199814 366557
264246 303939
262193 364016
368927 431800
339795 379506
251127 256339
262367 345347
234310 477868
378306 389168
296585 380948
266970 365210
264010 382863
252818 252951
394869 416250
357555 378163
362334 391211
373312 428564
231509 267064
326804 347834
261448 439281
265773 414516
276420 343204
256383 435777
352438 362820
377640 419004
348442 483688
362948 482438
263967 363822
231509 302961
282561 372295
352900 362649
232564 426022
360798 365576
346027 426909
315693 372005
315680 419975
264552 349957
362744 472469
320949 478754
346037 404375
215829 305790
325612 337340
352157 410402
310726 333401
281950 412566
216797 231487
403172 435777
363377 379287
361084 403614
314807 358997
296792 326981
366956 479106
355890 358635
274026 369390
363676 447001
301607 340510
300035 368458
359345 435096
360498 420311
262367 269141
254436 316176
258281 294168
354525 424328
324804 399970
216455 310572
254900 361363
480826 484261
389182 409799
215071 364016
341885 403172
341838 361636
299166 354813
341082 384952
334448 387662
338057 431040
262238 362592
358963 481878
304895 376345
227163 365858
258198 273130
378845 462468
264156 441953
53468 223324
378340 452786
278572 385958
306614 422392
252483 280200
256383 379339
331487 441543
12443 377958
249923 434442
262584 419117
215829 272348
332103 469468
262809 273668
327824 329991
354632 401770
315791 362063
296255 443216
454836 477848
250244 350199
352252 355657
285398 347978
268607 368022
261601 310572
262133 369131
417602 449884
262193 363993
223324 360498
305790 460348
254719 264156
361465 465099
251047 386651
215565 281031
408979 414982
261263 370208
339824 387784
264335 417229
235329 420617
355657 482564
337825 354782
224337 379980
262415 342374
265245 464813
252711 330737
296577 357555
379339 463784
346050 361076
310623 420026
355325 396937
262643 419782
412566 448073
435777 472469
245539 263629
267430 373952
232888 296792
399457 426167
299300 376946
301740 317123
256383 470972
271628 460348
309830 345957
355865 400906
267812 315379
261245 375809
352926 419465
313007 341247
244007 346671
297990 371169
310726 338057
237642 266458
245539 317376
336666 351926
254803 350698
286186 301838
157812 223321
355315 472985
315602 407546
379372 384597
352138 367830
230340 470560
346015 354040
336741 343054
366999 484261
339109 439403
362680 398655
346046 435777
229238 449884
312999 334448
256644 362092
354415 371811
283131 307208
260210 392094
282007 297591
261597 302530
338389 347277
157812 364016
265371 353582
387662 481878
340823 452454
276689 315774
368458 371321
281031 419087
355465 367721
222247 400467
262494 356529
305302 389326
281031 389160
312709 375942
240055 396620
243346 262367
263253 293328
264951 373715
320949 379144
254286 289228
309830 313603
261708 264279
429986 481091
221801 229214
363999 424328
387006 411822
344456 371267
351209 428056
364912 382628
253108 414321
199706 347277
270625 363018
441543 462664
261637 370589
339844 393241
355315 362153
359345 363018
262904 362592
231487 326804
301280 397552
424328 431040
381840 430432
262367 363377
218004 436679
278572 435777
389182 465213
253099 338057
300413 360497
342848 380450
263774 458770
254193 478070
81029 252602
384018 430432
262435 354621
300151 449884
245323 281821
223023 363763
259469 298283
353549 426654
310042 346088
253413 332247
386972 436607
339917 367406
317780 354554
251453 368927
285814 338862
377001 423563
386023 412566
366565 405575
244537 313983
309830 346050
254193 324122
296684 354728
254480 397552
215793 216252
483283 484095
300574 304895
294339 368632
354086 417602
340944 462521
199814 400591
403701 482835
251871 323720
348849 404375
333547 369538
254803 261708
263923 366936
484095 484638
247219 399982
209728 301019
219255 295797
337825 364907
243563 271628
54666 360183
344456 399511
272317 481570
307940 346015
81029 362208
260947 366434
355656 367034
299424 339917
291576 405068
323065 357823
341082 361206
293777 380888
388337 463379
257934 377536
260130 447730
300688 349142
273783 394869
265565 348069
265339 360613
296255 386541
436049 472469
252602 258455
361818 376753
371067 483403
431800 467466
261600 420306
251871 292035
351905 364133
262746 371388
269601 400591
216252 272348
262948 371267
368164 405726
263694 363313
375730 404375
265465 351697
484638 484789
216277 332444
273398 429690
313199 359645
346067 369757
257118 356480
364119 414321
359531 480158
342374 451080
288937 357320
254193 269601
327179 355541
249299 317123
329357 351407
285968 379182
264156 353793
306548 308275
259808 403495
272348 364289
258962 362820
298283 414321
328901 340823
221801 296792
326031 412324
246071 368801
332879 385143
248342 346050
263253 305422
356425 391457
232424 262367
251588 418287
231509 452454
333283 381378
332198 383949
262419 406037
310723 312981
225728 263390
263360 316578
412566 460348
379888 481646
254480 349960
266970 385824
342262 444029
391669 405330
483283 484841
262238 263360
386023 400591
308219 368104
284818 363089
430493 445508
223321 310572
288937 333837
267257 314067
370460 410758
268483 324122
292614 428426
296543 417763
261497 439585
316032 380820
265963 283875
261245 428426
312981 400591
317123 360532
225969 252602
349467 364586
396301 400591
358071 378721
346050 470972
288937 360850
363089 401399
263864 338562
323720 481920
345055 373648
256644 357288
218388 219070
295633 392066
333283 373952
275493 342235
348838 378350
262653 276594
254810 377060
263967 481878
257290 300574
351338 357177
221494 261973
262238 369424
378323 412324
278572 363676
341551 377027
342374 422392
256458 314733
331682 443191
264428 417901
356405 478303
249299 306614
233627 281031
262238 436926
274545 365576
262584 339795
248342 435370
364133 478927
356505 367851
219252 301788
261712 310572
330787 354665
372335 478303
283195 444029
216797 312988
252602 357320
256474 346839
253699 273047
330787 354961
311430 481646
292614 374280
321951 347979
236273 246071
264144 296585
263657 379339
216252 266735
348838 477760
331487 379457
295641 341551
248342 368927
309830 418082
227524 260210
261349 298910
277120 469455
341189 422007
282251 424417
416429 435777
251595 481646
221233 368984
264933 373312
310726 333837
272418 331849
417142 430494
412566 416534
301585 310726
346046 364119
376800 401010
307940 413436
244537 265056
262948 306330
343412 418960
316032 384863
258455 300151
269385 440674
264033 369981
220849 435096
251775 317714
258383 306548
363018 397798
81029 361923
220913 322570
339095 485663
339090 366557
260947 269305
268876 335153
334564 478303
264552 363787
355279 377024
268182 348461
284981 370377
375960 407586
261015 460871
265038 301764
287598 335463
321449 423067
78429 261837
431885 470788
338389 431040
312311 360850
303145 404042
37243 374455
327758 341551
253039 357555
221265 356405
319240 370460
305790 363313
272348 324122
349131 368516
246747 287600
283109 296674
272427 334100
257904 274026
296102 362208
364119 431800
403465 448012
360532 386023
256429 319169
264926 308944
311368 368458
274712 317123
363124 363944
351446 359295
257245 356256
312981 383949
262460 405726
346088 379888
311430 435370
264639 351314
299767 327801
328228 341779
340823 377969
251968 474823
251527 374218
387006 392094
272317 358140
261497 356848
476960 483667
356541 370460
263629 342676
245414 471896
264318 335592
354125 357555
473172 479618
375942 399982
228872 340989
296181 346671
263657 301364
379339 463379
248342 332604
249647 317714
344666 437550
363676 435777
384018 419692
260443 416429
223129 224950
355051 362068
429931 435777
216277 336752
297494 335153
312311 384952
254193 272348
233146 352257
306099 336829
248975 386896
315476 366997
274242 346046
354632 381736
272322 279281
215829 236273
156471 387006
270586 311121
327716 466379
297494 470034
346001 419004
46794 364907
262662 265734
264279 355541
358140 436049
311135 377944
358918 379258
378845 398655
376732 420714
254803 327179
377640 397798
361066 405330
278568 462468
228606 447173
262904 364519
276585 285298
304102 304147
384109 456340
224950 313759
364893 417273
220003 252699
308938 346032
344220 362680
343118 380074
222390 370542
280333 391669
272317 429374
290913 387262
263694 302160
356602 469240
346173 452762
253099 341082
307889 470972
415536 480158
285814 371858
156471 424417
262584 289371
429374 463784
317123 366557
341826 363745
389182 412894
443017 480960
252711 327268
333401 431040
261531 351137
252699 356042
306220 403210
53468 384952
296545 363318
219409 285735
261937 353582
354040 362153
376077 471191
266735 362803
299300 377958
260402 286548
348838 349957
270517 354961
216367 262460
317376 377486
290208 310726
245157 264499
362036 373404
308583 466121
290341 358635
13807 233146
359866 363708
376056 477781
326981 363746
318861 460348
169551 445806
285814 396673
220003 377941
416255 419449
352522 358737
351250 476960
295683 481878
294168 299424
263734 351407
365588 372023
252996 358854
8527 380044
379339 485663
337477 378402
276927 480467
391676 431885
405965 440440
256442 257904
394394 478501
309334 385958
364119 368927
356448 436679
254719 351284
296674 362688
261890 285039
256383 272317
295321 386759
381823 463393
358997 374455
341885 464813
251900 430432
268661 311430
299424 379372
346206 404833
259239 455106
336740 363708
243903 355205
172229 433623
225430 307889
306330 366863
217402 411825
268712 341551
245907 416561
304669 378400
333401 449884
244537 423563
263354 363054
289228 354791
25008 307272
370345 401721
377640 400467
256646 277541
313420 367527
251453 464342
305422 427514
81029 296102
306245 345681
230340 264279
296181 358310
326630 353463
376808 478121
220849 385958
11619 323527
274376 330341
5340 356230
278823 370800
284727 354632
254958 364163
346151 390590
353463 369424
348573 359719
212015 385824
270625 467466
216911 378295
371475 484789
305682 338389
221114 414906
301740 310448
230340 405068
310448 396301
290921 360526
263681 368349
268668 299166
233627 330737
259808 477613
256383 326381
230050 302896
262982 446215
362036 424328
364886 382697
81029 258455
341779 412324
257430 316054
261637 384302
252711 354665
220853 253457
257600 355718
282892 292035
368927 429931
230050 362688
295550 379350
302160 368801
346725 432119
306361 336829
358335 483059
244230 327179
216802 261303
379339 386717
312995 388648
321703 432768
303325 483110
261769 386896
229769 367910
309334 403172
317123 400591
229595 480826
339095 371169
246551 480609
356520 400142
295888 374455
345957 346037
266376 365441
285814 402338
252602 331849
231487 428205
339191 364133
298283 435370
341779 365963
369757 428085
330787 355046
258080 364204
282356 371267
263205 363193
479794 484841
225728 357907
340823 403852
338057 361084
369391 385787
348965 349679
384211 386541
311430 418082
354558 369899
361923 418008
397552 419692
270625 420311
379506 429374
428085 463784
379372 476100
258383 312311
283875 342889
284995 397402
366819 441543
265062 273047
270625 400467
216038 380734
248342 431800
264995 333837
350249 483117
324122 396301
318158 424328
367910 376168
227524 318861
268182 479322
302830 420333
356042 384136
341885 475027
300413 460348
203001 374399
343957 369581
355192 438949
341940 398930
296328 331487
258455 384952
253099 258383
307889 428223
310260 434466
254810 358160
354982 417656
215793 380336
351926 409667
232424 355759
354580 403614
81029 223324
308275 382250
252699 379350
265734 419782
379339 426909
81029 478035
258383 478035
307208 484658
357320 461930
336842 340330
358335 359612
354739 472985
358140 364119
307684 439585
351926 406209
216252 360497
278823 369424
377640 418082
288828 358072
352706 373404
399982 473172
256458 386380
327025 385216
157812 290541
346001 435370
356548 467466
376732 426941
419449 435370
268379 354982
229264 371594
323065 331849
279242 347277
375942 452454
259469 363676
199814 269349
307272 362547
219252 256897
230050 463379
309830 346001
336842 349640
346027 363574
311360 343741
215829 434359
312709 379372
317272 362680
216225 273480
413436 420311
462667 483283
228825 294742
379339 447001
479106 479461
215793 318861
275603 377958
216277 298875
281834 368538
318646 452909
443017 482564
44462 223321
302160 310723
341551 437955
362480 368831
341551 362768
369757 386717
263205 380888
308897 382250
479461 480826
310726 484903
401980 425107
379386 437783
278568 337825
225430 379506
259469 289371
306548 317376
480960 484095
271308 348442
261396 448054
245539 295491
263754 339917
298283 345957
355046 417142
270176 357048
375080 418447
216225 272317
298283 404375
223023 233154
278572 379888
351811 478754
310933 337797
287647 304697
278572 420311
225969 258455
302783 324318
371858 460871
256897 261245
266735 386023
221114 254286
353463 383973
358160 462667
221114 259632
301764 364589
225983 262133
244537 274764
243706 260372
349252 452786
259469 346037
365625 424417
240055 263253
312664 337797
426022 481878
227507 363822
376168 385021
271628 383949
324806 359206
215829 442699
249923 325002
337432 344192
266544 268668
340823 370625
272348 285873
254810 479106
184266 268668
267812 412566
346067 404375
270586 414359
216225 304102
387471 418287
291576 470560
397552 467041
215793 272348
290663 362948
362680 407586
352572 355593
263253 332296
424328 484903
289153 428056
272091 357928
380466 424328
478892 481878
203407 360782
396937 401802
223023 484060
223023 376330
341551 344456
259469 451818
216122 314505
378323 389377
367034 479461
346050 416429
264444 351490
262238 307272
300151 308897
172229 376345
346046 464342
262812 449270
305790 315379
215071 311121
223324 354580
403852 445162
362768 369131
348849 369757
204961 350896
279242 478035
222247 363574
381736 401770
305260 375727
316032 471191
303315 310170
360498 362208
362592 362649
351015 418960
285873 370083
326238 401010
383710 385021
346050 418082
245539 377486
254810 362441
302886 419117
370337 371308
325612 363193
260102 377486
286301 452786
262710 457723
253462 401018
254719 349823
354125 358140
315397 390331
266254 453273
338039 362334
329418 376345
263918 295951
361359 382423
177742 320184
266079 318861
362649 364519
348965 380378
376472 399457
305682 308897
272418 360850
264606 271555
307889 346050
221494 469468
256897 324124
302160 396301
338039 363993
349016 482609
332371 379350
263382 265056
263205 357907
248437 301072
252999 282588
223642 263408
265372 326022
300151 347277
416429 472985
389103 418082
268035 302665
339095 368927
268661 429374
283109 318646
297990 371101
346015 379888
297185 356256
342434 419692
301740 318861
301740 370460
330737 330787
366974 484638
330737 356972
81029 279242
356520 418960
345731 367408
317159 327268
303634 371532
262519 264515
261973 403310
301740 387006
221132 351273
346015 418082
355315 419004
272190 355627
358151 476960
304697 310129
225298 297990
293328 391676
385958 418082
221859 342889
216797 430684
292035 363193
295797 343144
369497 433205
332604 368927
377686 428982
290158 471191
216554 253108
230340 346067
263754 399982
264657 330393
360850 384952
254066 361066
253413 352522
318646 322419
419117 435096
342374 365625
285393 332247
270625 393241
263253 295600
287598 426654
226319 362166
303427 323421
44462 310572
367939 430494
289902 299663
342374 410758
299138 355217
225275 264613
227507 228872
379098 381412
362036 478035
264497 338010
215574 216225
262584 435096
258383 295491
312134 330658
177742 361206
270517 351737
268379 457513
266544 346196
363377 478320
283195 446215
364907 386559
356425 388107
272317 449328
307940 472985
259037 330737
275525 302665
362873 441126
322450 423673
386541 478877
199706 449884
251871 282892
346046 436049
416429 470972
441543 476136
318297 324122
417656 457513
302896 418082
360497 400591
339795 404375
360608 382428
360515 439585
301457 354813
324124 348168
351159 427695
263253 341551
245838 326531
282516 354720
53867 363827
222812 363054
225724 372210
355205 391457
361423 431418
230461 371084
317159 458770
362680 452786
217182 339063
364119 379339
300413 383949
258383 362036
256010 256637
339824 480791
358126 360183
362994 365435
229328 346148
5340 364860
298283 346088
264414 273963
249299 363313
265773 368686
360798 409667
380150 483825
265773 341805
229829 353099
356641 384109
369895 370083
200135 257700
264144 340937
322419 418082
263645 386187
230050 378163
286234 456405
325612 380888
237889 441126
276431 341268
286301 327513
297990 326981
387006 478070
268661 379506
315693 356256
354487 376077
264028 480707
267101 401303
221801 226796
366557 387006
265165 304169
262415 263694
300413 475615
216277 245934
222812 249647
244230 369757
355672 452007
327179 371101
223321 261601
312244 340330
251453 379339
435096 467466
263253 382800
267812 300413
357113 359339
345957 464813
359345 435777
354665 355206
212015 307705
356811 429374
366746 391676
361107 363492
354739 389103
363976 390020
331682 370671
245907 378130
312618 354665
324124 339495
371958 376899
264552 434614
269221 325681
216252 360532
221980 349252
272348 335321
251871 482438
360293 375960
220509 369810
264657 269571
225525 344456
244537 349430
312311 331849
318646 369757
480960 484658
231790 418960
429374 467466
360944 371308
283875 285398
400467 435096
296674 447001
276585 357320
238855 352603
379111 405338
216190 253108
339090 351137
262158 356425
355315 357555
378163 429374
219252 340823
309830 464342
462667 479794
364289 470142
326630 412302
332973 351250
313199 451291
332604 341885
258821 379441
306397 317780
346671 365745
234396 272238
308179 370589
302896 346046
289371 318646
341483 362937
351446 476960
261349 363081
259469 359345
411355 416523
258301 317714
331172 452780
257118 269385
301457 392709
348510 357863
225430 346037
244537 484789
274026 361540
232888 384302
261890 373301
362592 443988
338389 449884
251453 416429
423399 431040
366999 484095
268711 337340
199814 266735
312311 431040
282892 290663
216133 420294
357644 430432
230340 357555
256509 407822
379946 392617
345837 384048
366434 405965
327467 371811
297347 363193
244520 472998
324124 370625
358140 393241
220849 346067
363571 367686
342676 361923
349142 354632
306606 426083
346015 378163
270625 311430
252602 360850
336799 369703
384302 428619
301740 460348
362092 369899
254630 317376
359612 458715
359295 399718
206542 349923
328854 472985
418868 467466
288207 364976
378563 447942
357051 390722
353099 393566
325863 371475
280200 402060
309572 318195
476100 480158
292599 345206
335153 364801
262367 368880
327268 452549
243563 356541
362680 365439
401010 414906
379888 426909
355315 463784
256897 348168
414321 449328
296577 449328
272348 358716
339063 397798
326804 417706
216190 436049
303145 405926
210313 261712
246554 332887
261900 375809
233627 276689
281031 346196
345957 362688
252602 354086
378326 460971
261708 363642
362353 387662
263121 480158
360798 451300
355077 358019
327694 350199
354665 441126
312709 340271
225969 310726
216122 234296
285298 418008
380024 480826
264639 310129
215730 223369
262629 362205
53468 418008
365401 394331
355656 484658
355388 366956
285298 449884
296102 363999
348849 378163
356541 416534
307181 364289
264883 285968
216252 363313
354040 389103
296099 381333
302160 319240
363019 418960
220849 348849
312999 356429
263390 337340
216455 391211
345206 377710
370473 457492
269385 482063
221452 359424
269571 403459
354580 377486
293288 376943
267812 460348
346694 361927
221859 379372
403172 464813
262460 353793
263121 341805
307288 441953
301765 474823
368716 417763
410758 422392
462667 482271
303754 339992
286548 312999
3084 432083
339844 420311
309830 472469
309565 317159
236273 266735
451974 466399
307208 355657
290158 446215
357555 452909
256443 378699
346088 359345
254193 383949
315397 362208
216252 269601
404375 470972
303147 325425
345361 380427
251968 317468
349124 378306
256474 478121
281821 346671
44462 219313
296684 315774
216122 307288
379506 400467
297591 454545
276689 299166
252037 335153
351159 377024
156471 262962
245503 379350
245934 298875
262584 418868
306866 320866
200181 371267
356425 386541
362688 364119
259469 302886
270625 378163
369757 429374
371267 478962
53468 258455
309565 430494
266544 360492
327487 355299
258962 265388
220592 364289
222573 327290
263754 349960
231509 385216
262306 294353
337825 378845
346046 375730
272317 323889
331111 361465
254810 479794
276689 367939
251871 325612
264995 315017
371267 379330
329662 345347
359295 375942
216267 350267
265171 358867
344544 407586
361465 366828
357320 369682
261637 383949
367527 398824
355315 379339
349428 354346
252622 362110
262027 355890
356702 420037
296257 405965
216225 301764
320566 359518
216133 263360
334329 449241
269305 395654
268668 362060
368104 401907
310842 388107
267973 360310
272418 478035
272418 308897
352928 483236
245932 324422
294785 303145
221930 264039
232888 297579
257290 261799
352925 362166
276062 276689
352252 479794
335321 363313
215565 276062
426909 467466
272348 306614
339109 363322
262030 389649
359345 361076
296102 360498
399968 405330
401878 443191
247668 401980
262306 291900
290921 327959
315774 354665
215565 362060
270625 345957
296255 457935
259895 359531
260102 308275
254803 405068
244537 434024
291576 358812
361418 368927
256443 261900
357442 392466
265138 424827
217958 310572
346032 367263
230538 388325
268661 341885
262306 376808
342181 451818
361206 449884
265465 368349
265339 428209
363124 415436
261868 272317
301046 369055
310448 400591
395574 478121
279146 335153
263791 300648
367830 374455
5386 318297
290949 332247
378040 379287
278572 388107
223029 264161
316377 469689
359345 435370
272418 360498
296795 358997
255764 258648
276533 418268
271636 281537
315397 342676
53468 245539
339063 361076
261590 377508
326804 348056
353582 480043
248975 268035
272317 357879
351137 480158
378163 403172
305372 362680
252622 383949
247843 374213
258105 423399
393241 463379
267257 344456
403614 484903
346001 419117
262306 369855
262640 294179
290663 325612
346037 463784
351646 360609
352608 383003
381364 402154
301838 341268
253108 272317
283006 337289
262962 412566
294339 392466
348349 358994
223023 271234
229195 445508
247986 326022
272348 315379
259037 346196
221233 348107
369757 419117
355645 379350
326531 379475
341805 378414
261799 274376
312244 349960
346046 369162
296509 314004
317780 321260
228799 311486
225831 357103
389103 429374
275517 313851
376345 393312
460871 470560
352252 378307
265350 482438
274242 346001
379601 382177
362744 364119
297661 318629
358140 414321
199814 319240
360689 422168
219596 337383
307272 324560
318635 435619
317714 463393
229179 231498
371067 482954
244537 262189
262188 419765
228347 361446
361423 365312
252996 418379
242285 263270
302478 380904
293373 483313
263956 448323
302896 436049
223023 320117
262160 339004
256644 307272
264828 266718
315768 354394
264645 386156
319104 480158
261868 470972
221086 363985
418082 464342
311121 359910
259808 483825
70846 282561
233146 347978
298717 373474
279242 356001
388510 399968
355657 479617
253108 341885
304147 346340
359398 373669
229214 371169
215793 383949
346050 368927
270625 346050
262189 476774
272369 453793
261497 263754
252102 317780
311430 377640
244537 386239
275603 298552
274813 281317
261254 378699
256996 303373
270625 346037
327758 334458
265433 365588
347464 364893
307208 483283
222247 230050
329102 341947
308897 310726
263388 345206
216225 252015
325017 349961
216274 308351
307889 426909
323889 388107
278568 354923
260210 342374
246747 337040
367154 446121
216442 304891
379873 393566
237889 362873
283875 328901
363313 383949
337641 418447
265354 450527
346050 414321
314004 377536
211998 422007
301457 354687
226574 362649
383973 430432
241014 378974
252321 433109
318297 384198
6275 470262
314004 378529
351933 443191
217026 301159
264657 362680
361206 423399
316114 417510
310260 355961
278568 304283
263464 362994
363124 406037
274764 297012
307046 324532
299259 376167
373487 449404
254630 420714
285398 348168
279242 312311
272298 373884
276585 420714
290921 454157
302886 363018
264834 441543
216122 297431
254810 484095
299259 304147
278671 424183
378163 389103
266069 302830
254661 331746
360609 482075
364016 478877
367034 484841
272348 339090
265362 356000
289153 480157
225430 377640
265350 293777
285393 367697
419471 451974
263464 361359
261813 360473
315017 357823
339917 362068
265354 327758
258149 403701
274376 444986
223129 363017
281537 357005
357555 470972
289371 386717
285021 352257
253039 436049
348461 359910
353731 411355
251413 451211
460348 469468
244007 483570
310726 331849
307940 357555
354458 360281
264538 362424
369682 461930
261023 336829
335321 360532
271628 432886
251849 306330
256443 362361
271308 359910
272645 355013
263974 439585
346046 379339
261700 380734
258424 354499
230050 388107
277541 284981
272348 321706
279146 482075
259239 327179
358812 370589
392025 433623
356426 368215
272317 393241
290219 371067
341082 449884
312999 366416
296684 355206
215793 305790
426909 464813
334051 360141
273047 360154
366557 400591
341885 467466
244520 254193
276689 418842
312455 356694
263754 355657
268668 322450
375942 405330
294785 468411
375921 380093
306397 418842
358554 362803
254942 267415
304891 417378
344393 405068
247843 349960
290208 331849
428085 447001
262455 368646
341268 365435
228872 371267
225983 378402
254719 376272
200135 305810
331019 346088
302896 418868
324124 377969
354739 388107
360497 387006
252996 399982
297316 344456
352257 360682
266735 362110
229239 347184
297338 372689
296684 362060
339109 355966
362268 368528
366953 384109
361076 452909
299138 366998
316578 341280
354728 441126
418868 481646
354961 423673
253099 308897
305556 313199
332887 354982
274242 475027
244020 258962
289371 377640
429065 430338
265734 274026
253462 264156
391311 479861
318641 403683
362110 363313
349259 361824
346088 449328
263774 315774
248846 251412
266544 418438
346027 393241
266735 392270
200181 230538
236918 351022
298283 369757
258455 306548
308583 317039
301396 362680
358400 413572
219313 364016
321706 400591
362592 395535
315774 389160
261889 355217
360242 477613
216225 281708
262320 359206
269305 378414
265354 347847
406037 473172
311430 463379
289371 346046
363384 416429
354040 418868
360850 361923
222547 223369
345957 354739
298784 424007
265350 428982
296577 346046
215793 460348
362680 387784
262238 354558
321449 405068
367910 466121
259469 346001
444986 483570
220849 431800
362424 460850
348107 374354
360609 405330
263904 366746
250495 444856
347792 362014
290158 438483
263121 340514
219596 433138
311430 363574
305790 432886
267101 275493
266735 410758
367299 388107
382717 406012
356042 443495
233468 272348
231509 320485
289228 408910
227507 378699
306983 481091
284320 351214
276689 392709
242057 307479
270517 276062
479106 484789
268379 317159
336687 476960
303015 412566
265062 355511
384490 482063
244769 458663
344456 363804
258341 452120
346037 378163
235090 400591
305790 400591
351273 356694
253039 302896
251453 413436
272645 356405
276390 417378
233468 342374
274764 366956
249299 469468
346032 366109
157812 261303
362820 416959
377944 383949
257904 340989
216190 357555
256637 414303
395654 479526
313851 354720
162749 403495
358723 462099
405068 477848
268035 380432
216190 435096
378323 381364
282588 374309
342889 364578
274137 327268
225728 362948
364119 435096
295491 308897
335153 437955
272645 379372
177742 424328
369757 478982
298767 323421
260810 345571
310301 430432
331902 452786
355778 479794
353463 430432
268668 317780
341885 354739
221801 225298
247843 331310
300131 349508
258455 318158
156471 357928
290541 391211
264335 363377
333363 354791
262188 392617
264639 441543
270517 418803
263681 351697
362994 478699
212015 366410
346046 452909
290541 384211
256897 272645
343204 391676
254976 456226
409346 478121
44462 309474
352516 479617
221859 265963
344871 348349
263754 369497
345206 434552
280333 341189
221494 400591
330633 480132
237530 426167
233630 367705
307889 385958
361076 419117
325002 357048
333920 446880
245451 363708
212015 354916
353444 394071
289473 348461
243706 282058
261819 353549
215565 418842
331019 403172
230050 379339
261712 414359
249299 342374
339844 384952
264033 317272
349428 376309
375730 452909
296577 348849
377640 435777
320949 445508
354720 477973
225298 405068
266718 359114
316114 370193
320147 362592
295491 306548
327268 389160
265963 412698
257408 294312
274242 307889
355325 418695
301396 370193
343535 441543
339844 478035
355315 419117
288840 354621
274137 392709
216442 434729
261479 293362
340330 361363
262158 364683
217182 376056
361107 364683
264318 393097
278572 426909
311344 335083
329357 427514
302783 335371
363676 418082
253462 307288
229264 426022
259469 354040
349508 365858
403172 419117
357869 440005
302896 429931
298283 375730
264335 381958
274712 315379
281928 282892
351446 363929
379888 419117
308541 366307
482271 484638
351137 475615
346050 426909
309334 418082
332604 358140
346027 428223
296509 356448
260010 373620
385958 420311
268607 346437
355656 358160
220849 270625
385722 415433
296684 423673
263694 400591
300030 418287
229379 246554
326381 425561
360216 484288
346037 375730
363318 376345
362744 485663
229829 390431
315017 333837
264515 388107
300093 377793
381717 388107
263754 370201
339328 361850
367299 380794
233627 355206
264515 326519
325919 370222
391211 483688
229179 245544
326804 388107
264893 324511
234310 307786
263645 437940
215829 297151
231498 361658
13807 294008
231509 332973
319240 365625
298717 358799
337825 422168
262866 264033
297837 304586
264634 364860
235090 300413
384018 388510
385720 400175
333837 360498
265963 480158
233627 323076
283351 324318
292475 354632
361705 362649
266735 424417
281871 356785
261819 357858
313007 383274
253686 317376
356811 472985
359300 479494
361076 369757
306330 375711
364586 396320
215829 300413
266544 354728
346015 361076
258455 417602
379350 480043
361066 419692
335321 460348
438085 440005
297185 315693
358554 366557
333547 394071
331019 341885
234071 377783
265734 362082
377724 381968
331849 417602
346088 400467
378163 470972
324205 474823
345672 381448
398824 406046
360492 441126
359910 384211
263645 379350
290208 354525
295688 376946
276062 369176
287598 314004
294742 367220
262584 309334
301159 329102
273398 369899
443017 462667
275493 398632
334448 481878
251453 393241
225504 319104
356520 425561
341826 361927
346037 420311
346046 463379
349320 365441
362608 479618
245479 263253
254810 347168
290541 418695
355133 477999
262519 442924
297579 344393
253108 256383
258821 263253
308583 442336
354251 376368
310448 472998
282185 358072
369162 379888
366828 415536
318297 467041
318646 355315
223500 469240
257904 378699
216024 372088
325612 377686
295688 377958
363124 406549
283875 428426
263121 378307
267163 477848
220849 369757
306330 361930
229238 356001
223500 343742
332973 382800
293860 478303
296674 346015
301587 377033
358140 435777
318646 346088
261023 286301
264933 411825
254508 348056
157812 414359
295797 341268
5340 300093
225916 336750
346196 419087
329380 383382
354813 354961
157812 416255
346725 407323
256897 261254
467579 478927
354923 355645
306003 354632
265350 286317
263317 363089
300413 336741
230050 364119
243563 362110
332353 376458
332973 354621
264972 337825
305790 410758
351908 363668
327758 340874
243563 342374
293330 339398
225504 292614
263464 359663
259808 360215
378736 478303
225538 330696
346067 436049
216190 251453
215631 360025
355388 480960
265316 344155
317123 387006
322419 452909
297347 337340
272317 318646
261712 290541
276431 351273
263663 375942
482271 482564
333283 385021
331019 345957
253457 267750
263672 478310
367406 399982
215829 475615
358320 366828
295321 470252
258424 367939
362592 483946
306361 441691
226798 387006
351338 416523
316779 367545
292614 478303
384952 424328
295899 326531
227524 362803
311430 355315
355046 360492
221494 272348
431926 433623
270586 478877
222812 261205
256429 369424
386717 475027
261868 270625
355325 362334
261712 270586
262643 274026
357152 452780
233627 418842
258149 359345
362744 435096
253099 419370
237889 417142
360141 481878
251871 255764
358554 460348
303830 387784
363817 388510
215829 274712
362153 402338
374309 452120
262315 408367
223641 243253
484095 484841
215829 448073
216455 223321
259895 292614
285814 364320
290208 347277
393241 478982
357879 363993
357047 482438
358423 380074
359645 400433
226574 264335
365435 454207
333837 339844
341940 442600
443017 479794
262113 467141
351407 437955
301765 354772
319240 460348
412302 430432
227524 261531
262584 416429
305255 363054
321455 354415
311360 426191
386134 405068
221801 259239
263253 264867
362547 478396
263121 265773
362649 388510
357823 362208
254286 300087
274712 339090
462647 483721
378040 381185
271628 469468
333326 410452
397798 419117
272418 308275
379904 385216
220659 375942
283875 445162
260950 442656
348965 408910
381932 483236
272317 369162
361923 426941
324122 412566
262345 303231
216714 296503
272427 425587
266376 288139
357823 360850
362649 395535
318486 419782
259229 285393
252996 312709
309334 475027
393324 416255
266544 369176
262942 380427
267199 369810
346015 363384
339095 405068
273480 478121
322419 447001
203407 276689
480960 484789
292614 370625
261479 384211
345445 357360
263857 302478
351446 480826
220592 401946
471896 480158
285393 302194
262160 363377
392094 424417
312999 343027
358866 416387
382863 391457
311121 401802
322419 435096
335044 395654
216442 285393
346046 369757
259873 384952
262965 294339
323967 370532
264110 387699
305682 323065
443017 483283
363079 383690
376472 424544
334564 366828
356811 368984
348849 467466
260810 371469
352264 365745
217169 398495
356515 368678
447942 479618
264538 460850
220003 391669
241014 414982
355657 355778
309572 324203
302194 352522
340896 345837
339191 400175
370193 418379
227524 387006
300151 310726
318861 386023
227868 369134
258526 261918
348010 472998
332296 399968
252102 276062
354580 357823
262319 307272
235090 362649
222247 359345
354947 414906
263390 293777
227524 273541
262160 339191
286317 403852
318641 369545
339992 346762
245539 308897
352271 466399
250495 251343
219255 363921
385722 430338
304669 451300
311430 464813
253108 379888
281031 355206
262193 478877
265459 384551
307940 435777
300134 315768
267622 464443
160382 479526
377024 424896
388107 435777
341551 348056
298283 348849
348849 385958
325690 405330
324856 336655
309591 385749
261708 326981
346001 452909
216802 362334
352926 478927
348461 367851
215730 360183
362744 447001
313199 346694
264832 349252
267163 367545
369390 429089
263694 361918
259512 290649
262193 293362
326031 477868
354739 428223
157812 272317
247843 254900
331019 362744
316114 397259
317159 322450
363642 477848
397259 399982
349508 357644
301740 422392
184266 252711
239940 329219
364320 483484
272317 322419
339063 346067
269349 463058
274242 420311
227524 305790
300146 302160
269571 362680
290921 383042
211998 453508
216225 478121
299166 360492
331019 447001
260443 483484
367034 483283
358812 423067
346046 413436
266735 369895
253039 293831
234739 302327
428085 475027
258105 333401
325239 404570
296674 431800
360798 377015
310260 381064
351990 354340
44462 386541
348849 400467
314004 363322
310448 362110
263657 470972
257181 412566
359506 481038
233154 363763
378529 478501
263246 484060
308275 341082
301740 315379
281419 316779
259469 435096
358081 468057
320184 418008
322396 407323
264645 319240
248572 265563
339090 360497
312244 462945
249442 423600
262419 415436
324511 341524
260210 370460
389649 401770
300413 363313
373952 376168
269305 412324
354687 389160
316779 347792
264995 341082
264657 410452
362063 434995
223321 386541
346694 376309
370473 416683
346015 400467
333837 449884
262367 380697
210313 264639
221486 337623
339720 417142
358160 481486
281031 356972
261245 362361
342374 347005
264712 354560
251968 360540
322180 369411
378163 472985
209728 307288
353549 361540
260361 418842
296102 478035
325905 359988
358490 484431
263657 356548
241041 357051
264995 446252
283875 480158
263974 355051
262554 381968
305790 318861
363322 478501
324532 354360
353793 450607
355011 404121
276390 352522
263645 376899
254719 406046
230449 334100
258962 300413
307684 370193
308717 333401
332737 364847
250617 347464
258648 357907
266970 335357
338862 407323
304903 310723
417963 418447
279242 339844
354665 389160
312455 351273
263640 442656
305422 360266
254810 482271
292807 406209
360266 387699
335083 418447
221494 342374
222574 229795
351137 387006
339824 376345
302896 464342
322450 369176
290663 292035
232888 344393
356480 364839
316578 359321
371169 383949
256429 369716
275364 443256
222693 339191
252602 423399
304669 355645
263360 341280
329357 341551
252602 300151
265459 392500
363661 392147
360882 364000
319240 412566
263974 481091
342676 424328
269601 356541
254810 483283
269305 403902
306548 308897
256383 261868
383212 420127
258281 263754
251900 445704
245838 337632
315476 361433
301585 380466
346046 420311
341885 463379
296509 357858
331242 363081
216911 301633
55077 343741
267569 360266
254942 347232
261973 362110
263354 381293
249299 400591
216714 296930
301364 414321
279242 382250
315702 377867
327268 356972
264709 362649
320378 367123
283109 301364
318297 436786
346464 394417
291295 477999
257181 400591
261637 363746
342374 416534
258149 303398
261708 377944
362121 404122
233154 360280
288840 401907
355315 400467
272317 309334
307940 346067
326806 364578
346088 369757
355388 355657
401980 454207
221132 357320
222330 257430
342098 421801
200135 311429
301021 357591
230461 445359
325074 364133
302896 383949
215375 306003
324124 444136
216479 335153
386717 397798
233668 405338
253099 300151
270800 328133
324122 392094
282058 369871
312624 467141
296503 337060
355541 454836
270139 343204
261558 325369
292807 360798
343867 357823
361800 474032
269321 383118
53468 362208
362824 442788
355330 379350
231509 340989
259873 360850
3302 441543
292303 308541
371475 384048
223324 295491
220751 433623
300413 308533
220531 393840
272317 280557
303424 370936
272424 361186
288207 311083
349957 377536
248342 435777
314343 482438
300648 411471
245838 261600
233627 360492
302234 441600
244537 386759
351314 386212
309457 335193
262158 268058
335371 470262
322142 350267
172229 364847
216225 313034
273480 478474
346050 400467
296849 368169
293883 383105
332973 447173
262133 398124
317272 354952
164133 418447
261303 440485
282892 380888
379888 414321
262030 290949
301838 312664
340944 391592
346340 376167
256897 375942
215793 392094
358997 376445
301587 401770
444136 478303
308717 354525
263205 290663
219097 292616
346046 389103
348455 479919
343027 378803
307684 399718
245960 306330
307183 378402
244520 300413
378577 385477
221138 349124
320147 476960
320147 349508
345347 378414
479461 484658
221859 478303
355206 417142
363787 420294
249299 392094
363574 404375
243903 473172
368458 480186
262158 368104
252711 355206
270722 305422
340330 479618
343412 369857
339063 377640
324804 325074
221801 460871
270722 287820
265350 337340
352900 447149
262367 381098
314004 388107
310129 311121
216181 470298
262160 354621
295951 358541
479106 484658
261531 345206
311135 344393
257245 378588
307305 361930
248244 433623
308533 358716
289371 464342
389168 461749
223324 305682
343405 362339
388107 481646
286827 358548
225430 307940
260810 408295
268802 470972
261405 329380
250244 377148
271620 337060
352408 369857
327268 417142
263640 340361
293362 362334
312663 407546
379339 388107
265350 314343
352252 484658
367406 370201
330787 369176
302478 334564
362036 449884
256443 283875
225298 383949
349770 471896
269397 430432
335193 369810
264741 265131
228284 252622
267012 409667
397552 447173
258149 356150
378529 426654
221801 363642
282588 316029
421380 469240
287437 354957
254803 259239
362361 374529
254066 385216
358272 418803
229595 244537
215071 310129
263202 296328
429374 436049
221801 435777
252622 310448
272348 432886
251453 435370
259818 336799
259895 403852
334329 341198
222330 349156
260443 418082
339095 454836
271308 309474
184266 419087
351273 374455
345752 371577
286428 356989
282588 452786
311430 470972
318128 447650
361998 406549
370589 423067
243563 266735
464342 470972
295688 351646
269305 318195
331849 423399
244537 347168
323421 350036
263025 378217
215829 365625
357297 363019
262719 444810
263253 306245
302564 404503
264033 398655
268802 385958
311430 363018
219905 351446
254630 461930
220509 481126
392094 412566
311430 400467
307940 404375
462355 479461
346001 449328
232424 272937
283109 467466
401303 428056
304891 329757
281453 360133
361554 369375
261233 314807
308533 370083
285398 412698
261531 362803
373979 436005
274026 274255
297990 370589
200457 443256
251871 314343
296577 354125
270861 427550
357283 358857
352925 368686
264639 414359
254630 426941
256078 351015
351273 363822
339109 477760
261819 421842
397798 404375
219097 265056
284818 327336
270225 326804
249749 256646
310842 385021
363162 417378
81029 449884
369129 374409
281092 344456
346067 362688
345957 472985
361076 420311
301587 381736
346027 375730
309830 346088
318352 331310
287934 293549
223321 348442
308275 484903
300151 354525
346509 352252
341189 365745
220003 422007
286794 354972
389103 435370
361540 426654
274764 482271
216274 301838
263205 428982
233146 406046
241502 379475
404375 435370
256443 375809
226218 361850
419117 429374
375730 420311
389103 451818
359518 473172
332706 379051
216122 353098
352522 367697
262643 301019
354633 370193
278572 403172
354518 361918
293362 311121
298281 434995
255194 325369
386717 463784
215730 314214
259239 261708
283195 316032
264538 464443
307181 372804
264552 358862
221859 452454
260210 460348
370119 412566
355541 371169
258455 360850
321546 373669
341885 470972
261900 263377
357879 440485
318158 390331
363746 383949
321449 344393
359531 377969
302896 379506
328777 374323
340944 380638
357555 464342
261708 327179
225969 360498
263025 337825
296795 329967
353549 477760
264995 431040
295240 317469
295951 350071
308179 327179
219097 257789
266079 422392
294728 316029
282251 460348
262584 389103
392147 414202
335321 339090
297579 314193
367910 442336
373404 384952
280326 286788
380888 481920
203407 418842
265433 362578
264414 479101
216122 264156
367299 469240
385958 478982
361540 477760
269397 356480
414321 452909
171111 344547
234296 418268
270225 405965
300651 482438
210313 440485
231487 344866
292614 328901
266735 268482
325612 428982
252486 454071
261245 272645
220853 306220
400467 463784
250498 399457
272317 338413
272238 417378
303942 383931
309830 362744
312652 330393
355645 362924
220849 341885
343273 377001
317376 361923
335153 359424
238823 261700
362592 369424
276585 424328
305918 365858
266987 425561
232501 262144
381185 419692
221859 259895
276603 358576
351137 354518
218104 310688
282516 372689
362480 366998
356150 381717
347464 379975
334448 360141
253108 429931
215793 261973
265773 392617
279242 403614
367721 373312
339795 463379
283249 380227
320147 363787
311430 428223
368528 387262
358464 418447
222399 296585
241416 260950
259400 314214
296026 319635
345672 346032
283875 348168
349960 458162
246071 364813
390331 426941
306330 354558
352400 444029
379204 426568
380921 391249
264649 276390
248342 354125
356042 422007
370460 392094
337825 428924
262415 400591
262039 348455
232165 485133
268379 425759
290541 359910
260363 298316
280772 410257
323967 344546
227524 268482
332604 339095
369682 370508
332973 351490
366828 403852
266970 326804
252818 310170
249299 410758
52754 346839
252951 333994
222247 318646
247219 418379
302564 358072
222247 378163
339095 346050
246071 296215
216225 310686
355051 452454
268379 354554
364119 481646
233627 441126
199706 308275
401802 483688
5257 355605
357928 463058
339795 379339
386134 477848
264554 282397
212015 368880
283351 302783
280326 298552
315397 370508
298283 429374
251453 346037
266458 384259
221859 348168
339917 354633
229239 308938
309474 311121
353575 394869
356230 368169
326806 425561
264515 314029
238855 261558
349960 473172
307684 417510
293825 326737
220853 267750
279242 308717
332591 353198
341826 349428
259915 351446
250495 354340
254942 368100
366828 382058
245539 301585
264122 376345
257829 297990
225792 349168
302160 305790
216190 435370
354525 360498
254193 365625
362680 382428
355279 399862
297431 441953
343701 354394
333401 373404
324122 356541
349168 376309
269349 276201
261479 359910
251900 308750
215781 274276
233627 358272
250244 444957
264157 265963
245157 482306
320147 430432
262160 437621
269601 362110
314029 370201
299821 387007
301788 470252
203407 317159
375778 400365
347168 443017
380794 405575
263694 386023
238682 262160
253039 435777
256383 332604
288937 341082
354859 403701
216190 261868
378769 476755
256707 431418
302783 387286
290649 351777
251453 428085
266735 363313
331019 435370
301587 358737
296577 472985
260210 310448
359337 417901
367406 379372
216190 230050
263657 393241
324124 364578
287598 300093
315774 392709
308750 445704
302896 435096
343118 354558
306010 429900
215829 262415
246071 362110
259469 414321
217964 344456
330289 335371
321203 369375
221265 370625
353850 379350
301838 351273
301838 483570
262367 339992
311121 481029
355325 384211
301396 405330
291295 352608
261994 344458
297185 418770
354687 354728
302896 403172
269305 356641
264995 377486
261637 344393
359013 469049
241261 286186
428209 441543
246071 412566
305790 396301
261637 385958
318884 387266
254810 303373
355388 366999
307004 484288
221138 383402
330787 423673
220853 245046
358140 383274
256458 363089
357674 447650
225792 380033
363574 379506
278572 435370
355217 362480
263253 471896
400591 422392
382863 473172
420588 465759
302564 438465
276062 354961
307853 376952
381793 424827
377640 447001
263974 312709
258418 324856
341082 373404
316032 428259
317780 430494
289371 400467
346067 435096
276585 315397
292303 409581
358862 384490
256429 349508
362110 410758
401980 471896
321260 354499
280557 360365
262105 393139
416255 425561
269142 354633
366956 484841
222399 386896
382250 424328
266735 357928
310726 341082
313950 341779
262306 330341
235310 258428
341885 472985
252102 327268
266254 273598
228347 382058
358854 399982
225430 355315
259808 398698
311344 337641
317128 357268
479461 484638
215565 268379
280481 412940
216252 317123
216442 253413
341551 426568
335153 432083
335320 344456
221494 383949
362105 470560
271640 362649
219097 297431
342235 457230
263657 414321
263640 373574
269216 338272
288937 361206
251453 357555
269305 332643
262367 384273
233146 406490
308750 381840
269601 396301
330633 359077
268802 380044
312999 365807
355865 485133
376077 385571
301280 395654
406046 484288
244230 371101
81029 300151
274311 389103
233154 304895
282561 344456
362649 384018
215793 335321
260443 464813
262809 296564
278572 379506
351141 358799
221801 405068
236273 424417
379888 419449
413436 463379
199706 223324
168216 266987
298139 355759
244007 263923
324173 364802
360683 371067
360498 484903
402346 449270
244537 278412
384053 428056
232165 269305
344393 384302
294742 380427
355265 377033
268802 435370
215574 304697
263657 472985
246657 308815
232975 351022
231887 358997
320566 340330
346725 360412
230640 246802
227524 370460
358474 418960
268668 330737
362744 429374
225916 370201
278616 343741
304102 376167
261254 266970
265097 326531
354340 405330
445162 452454
247668 362994
404375 429374
261531 268482
251775 262640
369857 418960
362680 409581
305790 416534
358404 466542
371475 475814
261601 401802
355657 462667
302886 346015
346001 400467
361465 478303
357555 481646
369757 379506
314030 432083
315379 410758
259808 347979
254480 345347
264709 320147
233627 458770
230050 419449
275493 339191
402515 438748
313950 362146
380659 425561
263694 424417
254630 258455
280098 351933
230050 309334
325594 355651
341189 376345
216297 395654
262027 307567
267163 302967
262193 355325
346037 355315
318297 375639
248342 393241
346001 413436
322419 416429
378163 428085
223369 317714
350491 484105
6275 302783
348602 409667
322419 346037
261023 265131
226091 363763
3084 356042
210313 219313
334448 365807
357051 358312
343118 358423
261531 335321
363993 364016
222247 463379
271450 351497
215829 382972
339095 362744
337825 428056
268661 435096
346015 379339
301457 339720
444357 454207
267064 378307
12443 482075
290541 351314
313007 470142
222247 362744
250495 376808
229214 232888
256443 261254
248846 260383
264951 300146
247461 300289
248248 265062
258443 363680
307567 355890
335153 428924
258455 305682
362153 420311
361923 376732
389103 463784
361076 375730
273541 357928
353850 378015
347005 472998
338057 484903
256897 283875
349960 374213
346001 428085
271628 335321
290378 402373
261881 353793
220849 472985
349467 410257
332973 340874
334382 382428
363286 406046
347716 378414
311857 371067
285021 359300
254942 294008
264649 332247
253413 265686
364589 451235
261601 270586
308717 310726
364119 417229
360252 378152
306330 478962
53468 272418
264606 332973
285298 384952
257789 307288
296674 463784
251453 467466
298573 333685
370193 397259
260947 264552
309334 341885
266503 308741
231790 348020
316779 360798
221494 249299
356042 398632
274242 481646
357804 451828
301457 322450
254630 357320
305682 377486
308717 484903
331310 346464
228872 248975
294742 388169
405635 461749
363642 371101
259951 365817
339404 380877
302896 346067
264033 410294
218089 313851
157812 396937
342235 405330
356811 398597
52754 221930
246554 425759
339191 343925
307889 346046
244241 373325
249299 267812
223321 356425
264538 362121
268379 430494
260947 269397
308022 397259
263694 460348
323421 354720
257181 383949
318646 332604
172229 220751
232461 296271
315774 355206
264639 478877
268712 362649
162749 356694
307940 464342
272317 464813
215829 246071
276689 419087
302967 345681
325369 351926
253457 380322
333837 362036
339095 397798
228825 256001
261558 351926
260443 452909
257789 297431
270257 369895
352252 484638
362166 380136
386541 391211
378350 477760
258648 346634
347942 376345
295491 320184
9530 339398
296417 484789
212015 384273
361850 401645
308583 457810
307208 385479
232424 345206
341082 484903
272348 360532
347948 403495
216122 301019
261799 340944
264515 363944
370532 452454
326804 437464
317159 457513
265465 484105
290949 434729
244007 350512
215730 482826
418082 428085
354739 362744
264335 354558
437955 478121
184266 392709
266735 416534
322419 357555
260402 338345
355966 434614
303584 438349
358081 432083
360798 450857
297579 321449
312311 420311
325002 402346
225655 349960
369176 418803
263857 403852
225969 362208
230050 359345
352676 441543
264606 296785
367034 434024
254803 314193
325919 329915
355265 358840
221494 412566
324124 372335
340944 447241
246071 472998
217958 386541
352536 361219
320184 342676
335321 383949
348849 364293
53468 295491
356548 470972
244537 369424
261427 272317
226574 295025
229328 323867
310129 418695
260210 272348
237889 322450
299259 444856
361423 420321
352678 400646
225512 261349
305790 364813
231656 265165
346012 467466
313454 388107
328901 379372
346067 416429
330737 417142
298283 463379
379350 379823
344468 346671
294304 344456
449328 475027
220849 296674
12443 444810
261868 385958
274242 419117
215793 257181
225430 369965
319104 370625
363018 419117
263967 407586
261813 286428
356001 403614
252602 333837
296684 330737
261637 308179
363043 460348
229214 320917
261531 339090
370625 372335
414321 419449
237889 354961
299259 346340
263904 304697
344504 345347
355051 406549
216274 259808
341885 386717
254719 261881
276533 353793
352252 484261
356001 363999
243440 360266
258149 382428
252602 288937
199706 363999
267953 404503
290949 417378
12443 280326
263025 340944
276201 348708
156471 351137
296577 467466
81029 423399
252602 431040
362680 389140
302160 339090
200181 401303
435096 449328
300413 356541
234296 307288
266735 310448
361076 414321
231498 371155
366135 368984
390331 418008
264639 481029
254976 360183
237889 369176
269349 297151
418447 429065
256443 445162
315644 396308
333837 382250
323076 418803
377944 384302
353741 398131
246554 268379
300134 418194
355627 419422
264995 484903
244537 462667
215829 366557
357047 362948
323046 356811
361076 464342
251588 300030
260102 306548
308897 420714
371267 385824
315379 324122
281537 347379
249299 305790
294304 363081
309555 406037
397798 435370
346001 472469
252602 258383
339095 379506
360498 449884
251968 304697
313454 441543
322419 377640
358140 467466
220849 429931
308717 356001
354580 360850
269142 299424
272418 426941
246071 386023
283875 340823
262160 385824
359910 478877
253099 264995
301280 447173
305682 331849
222330 262320
343204 370698
261799 362680
267163 345571
264995 306548
393241 426909
363642 405068
333837 347277
273398 276390
254480 392617
341524 479861
261254 261900
339095 375730
379339 436049
346027 388107
261708 423067
260443 389103
265371 451040
256383 383274
337825 401303
352928 355958
81029 339844
326031 389168
249647 258301
339917 356848
215829 347005
257430 366474
263754 294168
346694 349168
321449 339095
303522 321106
351407 366898
379506 447001
429065 434466
351137 356541
256443 342889
361465 382058
348838 478501
259818 301071
229195 320949
298283 416429
301788 364578
242285 336666
313933 397552
381717 383199
226218 379350
259239 346725
401010 484713
216455 272317
236273 412566
261965 480316
262962 268482
326806 438483
267064 370532
346671 354782
251900 316578
346067 418082
274712 306614
341189 443495
339095 362105
310301 341551
247668 313681
272298 360423
339720 428895
228872 262643
264279 377944
357644 369424
269305 357705
270139 343957
302896 447001
268802 270625
265465 322570
276062 322450
289371 428085
216455 386212
312664 341268
427562 483313
420311 429374
279242 341082
348099 354621
322419 397798
392709 418842
329380 358866
225969 338389
318646 400467
334840 476046
336687 355657
308583 385021
261637 339095
313759 380762
215829 303015
318158 361923
205402 227868
419370 424328
252711 266544
261868 302896
233468 266735
296181 380227
242776 245838
437940 472929
245046 253457
331019 389103
338573 358563
272317 355315
296417 481486
265944 352264
355966 478501
384490 473391
354125 368927
350512 376167
302896 332604
384952 423399
231668 305810
368966 369027
350512 360266
419692 477707
263754 471896
263904 331201
313199 316042
225969 331849
361540 410818
310668 382779
265351 478754
332973 366534
300692 431445
244537 484095
250003 341551
298552 377958
317123 365625
245414 263253
223369 463393
241014 394560
210313 215071
263274 368458
248975 478962
268802 357555
221233 315476
229264 248150
384109 451235
331849 360498
426909 463784
388107 470972
295851 444645
260210 266079
230050 307889
229595 484789
265728 307288
272317 351446
243903 457016
301364 346067
259469 447001
263253 362649
221265 478303
287598 361540
281187 362480
369162 472985
325376 400433
336790 448665
362873 418438
351314 481029
225983 305071
261708 344393
308583 376168
347345 361465
362803 412566
320184 361923
253039 341885
319060 381412
264498 291700
373312 448054
314897 478570
391676 401303
273064 445508
309334 428223
305230 451818
255764 263390
357879 364016
299601 470252
306245 353344
264414 275532
361206 380466
353408 398632
263780 421380
286523 361705
405330 428056
327054 357283
262367 479618
272317 385958
346046 400467
418082 426909
346088 472985
325863 365588
363763 370719
264932 359505
331310 394417
321999 441765
274242 341885
293549 346829
258091 351646
215829 362110
399718 481091
253794 366565
327758 366534
271628 392094
283109 357555
363676 404375
301740 392094
357709 364210
335321 380336
297579 386134
367939 417142
245907 256785
346509 355657
273398 308122
381840 384490
346067 388107
305682 449884
356972 419087
359345 386717
315791 484669
273541 478070
362688 429931
251968 421380
355541 470560
345731 379818
308897 377486
312709 352925
324318 357591
265171 342235
229214 383949
221566 302961
318861 387006
263253 277541
270625 346046
257181 368801
331201 360798
259335 348442
262367 361066
225969 449884
325136 370023
346001 447001
279387 363661
256593 256594
375730 464342
223129 254719
244537 462355
262415 272348
323889 441543
251968 432279
245451 426568
412566 451080
215565 419087
307889 463379
307288 418268
257904 264157
242591 264538
302478 347345
382863 399982
304697 462664
349640 391457
373952 442336
309539 451300
244537 366999
345957 464342
362744 452909
309565 362060
346671 389140
398698 433623
308275 356001
272645 342889
357879 386541
254900 397552
261245 264157
347168 355388
210313 362334
269601 342374
296417 479794
263974 399982
290208 423399
247178 262039
311837 354923
345826 424827
360532 361918
280333 290246
362592 364519
354125 426909
269305 302564
257181 318861
244520 400591
315379 400591
254942 300086
233146 265081
276079 343966
346037 414321
221801 363746
312664 398698
254942 278616
258301 358126
276062 299166
260102 295491
363017 406046
199814 386023
268712 385523
300145 352257
265245 464342
264246 332049
412566 432886
215832 391676
369682 376732
296509 426654
245046 306220
292408 480791
408411 432083
276062 296684
358464 378769
393097 417901
268182 344456
304697 363019
296102 362036
368801 383949
262995 401303
360497 410758
221494 358554
378402 415243
292807 386443
231948 263377
375872 425107
227524 262415
362334 401802
362744 472985
351905 383199
270625 354125
212015 263734
296674 322419
408236 409581
299166 418803
262415 387006
340305 381717
268379 306397
301633 359356
310726 338389
266970 427514
346196 369176
366956 484789
357175 358716
246071 424417
270586 391211
290208 341082
261799 417273
216133 251900
342374 370460
301457 441126
281031 362060
301838 347979
363384 389103
350369 439120
251453 355315
349467 427120
265245 416429
269321 285735
339004 368880
420311 451818
371858 396673
270625 414321
318158 362036
343023 363668
302783 470262
308897 417602
284981 340330
252486 356969
218006 377784
358140 368927
225737 376475
385787 437256
274242 362744
286317 380888
210313 414359
333277 482674
221859 319104
368190 435466
225504 339495
290541 310129
336868 482564
229214 423067
294008 307853
387286 480332
323065 449884
252622 300413
343204 380638
255764 357907
309830 311430
385451 386896
262193 357879
267082 358310
259457 357879
319104 403852
272348 382972
251453 361076
268712 367797
287437 330694
258383 356001
286201 364860
272348 302160
252996 354633
362092 456405
345957 369757
341198 452126
262367 296215
267257 300574
260102 363999
420514 432083
380638 391676
312311 423399
312506 379350
400433 451291
267101 384620
264657 300289
251453 414321
344456 452871
302160 410758
351209 376345
250495 351990
263253 406162
258654 355629
311430 418868
301396 351446
416429 428085
329418 337825
254630 362208
215375 377033
356256 464522
317780 425759
342374 356541
290921 362649
324124 476100
334002 347184
265563 305372
467466 485663
262584 346050
315017 333401
304697 467024
366434 371475
272317 363676
262584 318646
262646 356782
245539 361206
368927 429374
452786 457421
341344 438040
382428 477999
239666 345728
305449 344909
293777 323720
230340 470972
292807 362014
310572 311121
361107 363708
248553 307786
305372 409581
265062 299138
358160 462355
379287 432660
261383 408910
346464 361363
268668 360492
296215 422392
320147 404658
343925 385216
230050 447001
295770 354649
302486 371267
258886 344866
320485 414516
278823 365858
356548 362744
323867 360290
254940 285814
345681 392466
318128 380598
316338 483313
297185 363435
298573 378974
280098 284669
253099 354525
290949 429690
278671 354558
215829 306614
338728 451828
329117 344456
275493 295400
263918 315702
216341 242465
261708 384302
453273 464780
374309 375778
259037 274137
230640 364639
323046 359939
223321 310129
300574 368759
320949 399862
318147 337053
259469 449328
230449 238738
264709 271640
292301 378118
274764 479794
318861 342374
479794 484789
224950 380762
357823 403614
37243 365962
271628 300413
355050 475615
231487 274255
369757 371169
429986 479494
310260 430338
362208 370508
354932 373620
352157 403701
248572 343027
290208 449884
381364 390762
265131 387356
260383 356785
264552 353549
411822 463058
378974 381607
259873 357320
341189 403459
259469 309830
341885 362744
335153 360329
269305 302961
386458 472998
375942 445162
262715 274606
260210 363313
399970 417963
259037 356972
260102 458770
306881 463393
289382 351159
345957 414321
262158 351905
261637 327179
256644 380074
325562 345445
479461 479794
253039 429931
260191 347754
314004 441543
212015 386665
229340 479816
331019 363676
345347 384273
272418 418008
258455 362036
264515 272317
360133 370214
264933 362807
305790 434359
363089 397082
268231 381992
262238 355249
370912 376345
157812 217958
262319 456405
215794 343957
300151 323065
355656 484789
401191 438349
307889 449328
365312 444645
254436 303709
386212 401802
368458 376077
369757 418082
367623 368565
343204 357470
359575 444986
270722 290921
345957 452909
233630 381840
225504 470252
232888 383949
265044 295702
296490 340896
296684 354961
371475 434024
256010 359532
358997 367830
250617 367686
233154 368190
450607 478187
320566 346464
339063 363018
368716 452521
264499 337722
318629 405575
263253 376436
385636 467141
283179 481762
283875 324124
177742 449884
296102 380466
157812 362334
314343 380888
220592 318176
292303 477908
293883 382779
256458 358997
200181 261769
343405 373312
348849 428223
81029 177742
323580 464443
158762 298316
346015 346050
308741 338283
231509 444810
262455 379042
169551 270538
264033 391669
261623 356505
297990 327179
347979 356694
300413 422392
262238 355205
261531 297151
480158 481920
262584 268661
262629 480609
377047 447006
354499 367939
266970 413720
432614 458770
365312 481038
267812 296215
340944 428056
293777 314343
348056 363822
484095 484658
25008 378914
336868 484658
355046 355206
289371 426909
268802 318646
361076 435370
356480 406037
215095 249647
357005 375960
297990 384302
294339 388940
264995 424328
304915 379111
231498 295119
310572 418695
354488 386041
345347 370532
215637 380227
261479 355325
302768 388806
296585 452786
356381 380378
264033 472929
363054 376792
351446 370193
292807 358582
341082 360850
230050 346088
216252 221494
258341 375778
305416 343027
360525 386156
258424 428895
354525 357320
5260 223023
204961 337825
265459 305288
286234 296782
263754 417510
376269 405330
363676 479618
241337 256594
222399 258341
359727 432083
276603 311579
237889 418438
278572 418082
346001 346012
354739 470972
362060 369176
413572 483484
360021 481878
330898 370625
349640 351446
326767 377686
233156 364709
263864 356918
302896 348849
353549 439403
220003 362680
401303 452786
367049 480316
290299 389649
244007 362710
244050 320147
264183 378402
308717 323065
256443 256897
340305 433623
363018 389103
386212 414359
323967 343925
269305 432083
339095 369757
345445 387262
309830 363676
357858 378165
362688 472985
260010 304236
361473 367034
306397 458770
313603 356520
379888 397798
265381 278193
393241 429374
320236 378588
269601 318861
339795 414321
357392 417273
233627 266544
265062 309457
263774 301457
285393 363162
252996 452454
7722 379350
251453 270625
250894 462468
261601 441543
348442 386541
317123 339090
362688 426909
263774 270517
223642 224181
484261 484658
320184 357320
264606 446215
349960 378414
270625 369757
216190 362744
330737 367939
406037 406549
315017 354525
357320 376732
245539 259873
260102 315017
297347 380888
296181 341189
435096 463379
216294 221573
263409 368265
349168 361927
348442 386212
258341 368678
283351 330289
334061 441543
384490 430432
327268 418842
377640 378163
302967 388510
367034 479794
363746 423067
392094 400591
365963 378769
329967 433623
343741 349823
269593 391826
248633 303511
378338 417273
362592 412302
336868 367034
44462 210313
263168 318016
289371 429374
293777 297347
274341 387356
264538 323580
261623 380334
266544 354554
379904 384018
300574 339186
359345 464813
357674 393840
341885 447001
378163 379506
328901 428426
311997 482169
263253 301396
259808 433623
324422 379975
216455 363993
376297 380378
264657 302967
216133 430432
251849 335153
364133 383003
318646 414321
279242 315017
318128 341680
258455 420714
157812 359910
314343 357907
265371 303212
288937 301585
216225 359206
362744 475027
260442 376943
259873 320184
292475 389649
370109 436786
309338 376188
266735 387006
295600 376765
256644 369899
309830 464813
256646 345206
263253 344456
322450 367939
302194 358777
258455 339844
270861 360944
346300 391669
346015 467466
353362 438949
354791 479322
304236 389600
301364 357555
225916 358854
261601 478877
328901 348168
225430 272317
278317 361636
363676 419117
256441 449884
328777 363117
258383 380466
345957 470972
252102 346196
254193 475615
267163 395654
370214 376168
378414 397552
357907 363193
346206 379873
254193 267812
302783 392495
370589 472985
274242 379506
368458 408295
272317 464342
298552 299300
310226 369538
303145 468411
272317 366746
302486 409581
264634 478721
369162 470972
314976 356065
254810 333277
305422 362649
256383 435096
229214 326981
300413 433919
254193 297151
354739 379888
262158 426568
388337 397798
225737 265563
369695 381657
358140 433664
221930 363668
417273 472929
273853 361021
251588 412698
241416 340361
264883 371155
452909 470972
216455 401802
356790 444688
321711 359939
365625 460348
272645 375809
252486 340820
296674 346037
268035 304895
362688 431800
221801 428619
244537 436786
254193 424417
263967 384273
368880 371267
363944 364037
399745 409581
215071 386541
262613 265717
219252 330898
317780 365243
290208 360498
254066 325690
319279 384570
340944 405338
323076 362873
435777 467466
363322 421842
318646 363018
346001 481646
261023 362680
261889 402935
262320 304669
262367 389377
243563 400591
246071 266735
413436 428085
261637 321449
479461 484261
339834 344241
346067 363018
339090 362110
416429 452909
305442 397441
260197 341344
225298 370589
315700 362592
304903 460348
302478 361446
414321 478982
264335 378040
362110 416534
385958 463784
269305 395772
260210 269601
309334 346050
354739 377640
261574 446215
381840 440674
278935 323099
377275 416097
325527 351807
255882 380638
435370 481646
307272 361930
403614 424328
264657 343204
254958 256646
364589 442318
345206 383042
369757 467466
12443 258091
305810 390783
225298 261708
268482 460348
331310 369131
307940 339095
309830 362153
318629 331201
272418 382250
306003 377033
379350 400365
262494 262958
379888 393241
259008 260810
251849 268182
296674 429931
265094 326804
258383 357320
354739 413436
307889 354040
244007 378338
244537 483283
363763 462468
378350 426654
229214 369757
315017 377486
250894 346671
269305 325690
263923 346671
236273 282251
262995 339824
325369 327694
255764 377686
341885 379888
260210 324122
354687 418842
291576 327179
346050 418868
215829 357928
199814 412566
301364 481646
370625 375942
355645 356515
225298 344393
225174 268704
262187 476767
278572 354739
384952 418008
349508 476960
362680 363763
219476 354558
366974 367034
251871 380888
265351 446215
216802 372155
382004 400175
216223 341208
263360 430432
225298 470560
199764 244336
379182 436679
272298 339740
286827 381097
257789 262105
275015 384273
215829 433919
300574 346671
356515 442600
289371 296674
362744 363676
262193 386212
405068 454836
333982 355593
388325 442600
227524 361918
221801 355541
364979 379350
271308 414359
344115 377508
317468 366565
418082 420311
272645 283875
318646 419449
295240 296135
251871 363193
292035 337340
285398 480158
356480 473172
314807 370842
346300 362680
320117 365891
260947 434614
264218 305877
172229 367830
225969 315017
258654 297135
264552 358474
292475 355265
301021 302783
276198 308541
371067 394227
345957 449328
360025 368458
433138 478516
357051 482609
351273 379457
358160 443017
244537 332194
242591 404122
302478 324124
26218 356702
264444 362649
287437 435619
397798 418082
229195 273064
254193 305790
293362 483688
223321 478877
312311 380466
252711 339720
383710 441543
254803 383949
365462 419027
348510 361219
341351 352928
262613 264938
231487 366271
246554 317159
479106 484261
309334 414321
355046 458770
355231 479919
231454 412209
274137 360492
3084 351777
359531 362068
263629 276585
410294 469413
463154 473172
274712 300413
428085 435777
356001 417602
288937 380466
331849 354580
347345 478303
263923 478570
272298 379098
323720 428982
333401 382250
376506 377867
270172 476960
266735 361918
269142 362068
245934 362063
157812 483688
307889 379506
384863 419004
342262 382779
418842 419087
353549 378529
327290 380948
257829 363642
346437 425107
348849 470972
209728 216122
344393 355541
260010 390651
356425 374213
245539 362208
265171 362680
255465 257904
251412 446093
291890 354782
251595 278572
341170 373700
262193 310129
298283 363018
349970 353270
288937 323065
380998 469240
266735 321706
81029 354580
367991 391311
379287 381958
215071 290541
380466 449884
278412 355013
203407 268379
279242 333837
363574 464813
369695 378578
351338 380942
285039 347839
365745 365891
288937 362036
346015 386717
313420 398824
309830 363384
346839 353731
363787 419494
11619 316589
400467 420311
218388 279441
261819 378529
355778 482271
272348 342374
276585 318158
347184 386759
215375 389649
348944 443824
209728 262643
360806 385968
260665 450909
296577 369757
345957 447001
351137 392094
304290 363571
222247 345957
219252 452454
263967 358548
295797 376333
358092 364678
222247 354739
300574 447241
324124 445162
325612 481920
355315 378163
261558 358582
12443 286788
307208 333277
252711 317780
322419 449328
252102 367939
331201 366746
382697 400175
262962 264645
209875 337976
215071 440485
222812 463393
356520 358635
5340 316054
347168 480960
261799 422464
272317 362744
204961 245323
209728 219097
276062 389160
252102 360492
206474 282058
261558 454303
370258 429931
308275 357823
220913 378736
360850 390331
326767 357047
414321 464342
203407 430494
318351 443246
354525 360850
368100 382628
339109 434614
222399 261023
219252 379372
263694 267812
256443 265963
258341 386896
348838 365851
375730 419117
309474 401802
307786 330237
362680 417273
253413 302194
366974 443017
360798 406209
227524 263694
419449 470972
254810 263382
334008 446121
246071 475615
357555 363018
230340 341885
414237 445001
375942 448323
362208 384952
55077 311360
283875 345347
263205 325612
268058 332973
388107 435096
262039 349205
234310 341779
451974 466834
327889 385722
316176 362578
276914 432083
251453 272317
307491 406084
265963 347978
328004 363787
356982 368970
294179 358126
309334 472985
229390 258962
345393 350369
220003 274376
263121 360266
356426 433623
264977 418447
300061 353292
351407 360266
55077 426191
246914 312397
254810 443017
326981 405068
309334 346037
287820 306245
265070 373713
254719 312995
296674 435370
264552 441543
362688 379339
369131 382688
223029 307567
363071 446007
267082 346839
78429 366416
269397 445704
261889 362480
260645 265316
263253 325690
373905 376345
302967 363817
222247 393241
365588 369857
330737 430494
334300 355809
258455 259873
225969 356001
222247 397798
272317 313454
358140 481646
406046 480987
418438 441126
285311 294304
262629 371333
318176 437256
400591 419270
364794 369038
440945 484060
353600 378570
354360 442600
364802 371067
328181 368104
222399 368678
283131 446880
293379 296181
357048 402346
245919 306245
386717 464813
232888 369757
331310 430432
346037 472985
358474 434614
364398 426909
354728 392709
262643 265734
5257 19317
364016 384211
332604 346067
258301 450731
351575 375942
302886 359345
81029 260102
173229 332737
301280 320485
324122 362110
225430 449328
357748 369497
340896 398837
215794 368699
262570 368528
233954 314807
463784 472469
343204 431885
306320 361186
301788 374280
252699 341189
319635 481878
358554 361918
177742 285298
256078 407586
274764 483283
323065 356001
282096 480157
216225 442318
263339 386380
357470 370698
246957 367208
322570 363286
379267 414851
221801 314193
265056 401018
348056 361418
390331 461930
354952 376345
365042 383003
312999 362795
225298 371169
357047 377686
403172 418082
313391 351905
303145 326366
254286 414906
343867 354580
230538 368678
310572 386541
281821 357393
309572 375978
323889 369213
356405 374280
354687 419087
354633 355051
330382 346508
216252 366557
263904 388107
298552 371267
378736 380904
266085 309968
311430 463784
254193 310448
254900 374213
356042 377941
438399 480893
280665 373715
305790 351137
345259 367408
318861 335321
265062 320291
342374 366557
256383 379888
379888 428223
222812 413606
362688 435096
265339 388107
355656 462667
347168 484789
310448 351492
263774 392709
369757 379888
263754 367406
265960 354558
262942 295685
315379 335321
259457 325919
371067 391592
157812 363993
362334 483688
274137 441126
420311 447001
264606 265354
359575 370698
325448 369038
241014 381070
307940 388107
244050 319169
199706 373404
229595 481486
404375 464342
278572 296674
216122 368164
308179 328854
329933 369131
222247 435777
289361 340510
261531 400591
228284 302160
300305 376436
351591 385142
227524 362110
253039 481646
262105 353793
308583 381378
354580 361084
366974 484658
350199 351926
260947 313420
384371 483570
351209 417273
307491 388107
263663 410409
410758 460348
273047 370208
307567 378191
258455 382250
215832 435412
307046 367408
241041 356563
263253 365858
267415 300086
265717 305372
265350 362948
311486 457168
292408 480132
281187 368831
361930 386896
253039 467466
257430 324806
355657 484638
271628 364813
356425 478877
361813 433623
216225 262306
296490 378769
258383 333837
317272 344456
355778 385479
309830 475027
288135 345492
5340 324806
280098 370671
348849 362744
353549 357858
225577 309572
376732 461930
266376 372169
262518 318297
359518 394417
254193 274712
246166 303423
358635 361626
351777 384744
259457 348442
263360 364839
235310 263681
258105 347277
223029 377954
296684 306397
354580 458770
319104 324124
256897 359531
358140 429931
382840 425561
302564 311360
264995 331849
349467 352834
245539 390331
283254 364586
354952 428924
350071 358541
257414 352882
264538 320359
355593 399511
369757 463784
309555 442924
369682 390331
177742 258455
301764 483236
253083 479606
332296 419692
358854 418379
337825 376345
356224 357283
262584 363676
426941 461930
25008 269305
266735 422392
354813 360492
296215 410758
346088 435096
316779 406209
306124 379287
231790 355506
301585 354086
349722 418960
266376 355533
391592 428924
301364 472469
328133 356065
299166 315774
254810 355778
216274 360215
295770 424544
335044 378181
258424 457513
286794 332103
233468 252622
272418 296102
307046 351015
265062 298910
420714 431040
223321 396937
291574 302783
301764 364404
254193 360497
370589 460871
335321 387006
253099 339844
215071 261601
354558 357288
243903 349640
259469 472985
261637 297579
404375 426909
326519 384048
264414 401878
253024 367797
385958 472985
362014 409667
312999 405330
272298 378323
344456 399968
53468 252602
313007 326381
278616 385824
320180 362716
334563 344871
246071 336741
252818 306245
409581 441600
223324 363999
304891 352522
316779 377015
323065 354086
244537 482271
229379 425759
279387 383402
231121 352565
260372 282058
274242 429374
387006 400591
267064 419692
338777 347416
349960 361363
322450 417142
254286 358921
274242 378163
259469 472469
289371 368927
261464 433623
216297 254480
355778 366974
270625 485663
363313 469468
270257 358716
265023 450482
225792 405330
256443 419782
272348 383949
279242 360498
370625 375809
271308 364016
294179 450731
357461 385026
185150 366395
328777 480763
361473 476960
260210 339090
249749 254958
306449 355865
261497 307684
247470 357112
278572 359345
265245 309830
305699 360252
7722 375778
379506 418868
351777 418529
366746 377633
331310 340330
3084 364235
384048 434024
245539 380466
276062 423673
216122 219097
418563 439856
425092 448073
264639 309474
305790 412566
363641 434516
233154 262995
315774 354687
268379 418842
272418 285298
262962 357928
341280 362592
354728 458770
362744 377640
318128 357674
379339 475027
335321 464050
346088 403172
231487 266087
262027 378191
309830 357555
251849 361458
268035 381793
322450 354728
256897 362361
354525 362208
311430 464342
301788 476100
339844 449884
328169 355718
421592 436679
268231 402000
259895 476100
204961 363763
307567 377954
290299 300688
291295 381412
378350 394394
262105 264156
370625 484525
353048 377958
310260 318641
259469 464342
221801 302896
297268 363840
216133 320147
261609 362578
268058 363668
299166 362873
344456 346151
252711 263774
301364 379339
427463 468633
307208 362592
261712 272317
361076 378163
301764 352928
363817 384018
260443 419117
262895 382428
303373 355657
254810 481486
360683 391669
269601 306614
360811 392466
361998 367406
347277 354086
293777 481920
336741 360532
359612 433623
396749 406037
258281 316114
298283 464342
288937 352706
314067 383118
233668 370912
268802 341885
215793 324122
262768 279441
292614 379372
295851 365312
266735 271628
293288 381185
320566 336842
397798 429374
369757 393241
362649 473172
221138 418447
271555 381364
261558 338777
343867 362036
357320 449884
360608 379818
278572 447001
313034 364589
293860 403852
356641 356814
236273 366557
278888 346671
251453 452909
370119 400591
436005 470262
252622 335321
308541 336829
7722 374309
260102 403614
359345 414321
353549 355966
267163 427514
253686 369682
216277 238112
306397 425759
343158 354778
361433 366135
263390 286317
397798 428085
215565 367939
286186 341268
263645 295522
320184 362208
263388 355718
377001 379258
351490 360515
296577 385958
339720 362873
363970 374455
238994 317904
258042 378089
222139 371067
323065 354580
261681 356370
369810 377027
376946 438273
362680 442600
353864 364893
272317 356548
260210 364813
231238 302961
302194 329757
324318 330289
426909 435096
263208 379894
228251 281537
217958 310129
263754 345347
352995 400175
229379 317780
261837 380876
296782 354558
354554 367939
262144 483814
245960 266970
295050 368458
261574 394791
257181 380336
348168 478303
367545 478927
296674 403172
230340 362744
383949 469468
224337 376345
231524 381717
383949 385958
343535 363668
222573 261023
363018 472469
258774 361170
260102 361084
359345 449328
320949 377024
225983 248975
244007 387784
276431 286186
316032 367721
366974 462667
302896 470560
373404 417602
251864 349208
276603 300086
262584 452909
206474 253669
384109 393183
300688 301587
215565 315774
220849 318646
357320 382250
287156 355865
344393 369757
220849 416255
268482 475615
274311 356811
363574 388107
300413 317123
262507 322316
258341 282588
366999 443017
309555 340896
339720 392709
351446 441543
272317 339095
303427 372689
367446 379032
363787 404658
329418 376808
364133 377027
360576 377914
224140 418960
262415 392094
338844 373312
258774 343741
334563 348349
327758 352565
245960 340989
302564 384924
341268 347979
252699 361824
296543 384474
377640 463784
331019 414321
294179 428564
336666 388996
230340 297579
236273 460348
358310 379350
302160 312981
362208 418008
234396 352522
301364 341885
351908 433623
272317 462664
449884 461930
292169 352608
357555 435370
263918 324804
302478 403852
360242 401907
253039 485663
366886 443191
289371 464813
258428 441543
194214 393541
320485 395654
247843 263062
328484 436786
308533 369895
344411 364520
314029 382863
296674 435096
225430 400467
226730 363318
354739 369757
379506 416429
223324 308717
264515 363124
212015 254605
399457 443216
357555 368927
287647 441543
340361 373574
310448 342374
326981 386134
401399 440643
252622 363313
252102 354728
247970 269305
308897 424328
296509 302530
263208 381364
258169 398597
362014 373905
320416 469240
325905 362820
354671 361021
348849 358140
261868 431800
355533 383003
5226 381768
351147 364589
342793 357055
259457 481029
300413 387006
231228 470788
269305 363668
264025 375960
309334 429374
367851 451828
265717 376475
355206 389160
216223 337825
346015 447001
245932 355645
358635 481762
261531 262962
265171 269571
353793 401018
305372 360141
258301 397441
284523 354607
345957 379506
233154 446121
266544 268379
338057 357823
301396 476117
328901 364270
354558 378914
215829 406162
215832 483056
246062 295688
260102 333837
291386 292476
247178 277746
216237 358862
324560 456405
362334 418695
321711 368017
263774 418438
261245 348168
293872 342374
258091 317334
243563 244520
346046 346088
326031 337159
348168 377969
346196 458770
261879 355747
364893 378338
266458 425107
252711 418438
321449 370589
259632 354791
263238 367220
341082 362036
381565 383178
358404 363822
260361 392709
253108 426909
346050 478982
258455 478035
228825 365891
215375 349142
339720 354499
356541 383949
265421 367787
302564 376943
305924 412324
356848 360515
225298 254803
225298 230640
275517 303427
307889 435096
55077 369411
245907 313875
301585 347277
311538 393333
363018 385958
327268 354687
403172 426909
155840 272298
304697 362334
357555 403172
310129 350708
363591 381185
359910 391211
221801 371169
262188 397552
225298 428619
374529 398880
269305 387699
343658 382423
358140 362744
362873 369176
307181 425561
262584 354040
346001 463379
431800 470972
413436 418082
363018 388107
279242 417602
314615 329471
301764 341351
263774 323076
272645 292614
357461 359285
365435 403495
221265 470252
333685 396467
295685 380427
341551 380697
352121 407586
344456 368169
216252 249299
328901 452454
284981 318585
261708 385958
342434 396704
326767 362948
339844 341082
262584 357555
362060 389160
223324 478035
264279 473383
267257 356515
244537 283131
369871 439056
361066 388510
276420 391676
412894 465213
358921 401010
342889 361446
245046 380322
360493 419465
204961 233154
279022 379616
354739 416429
323967 479526
325919 362334
264758 348381
386884 481878
254630 384952
340913 368966
254066 383063
225430 346027
254066 268712
264657 365380
262809 380054
361446 361465
432279 474823
339917 370193
298283 435096
263980 285379
368927 470972
297990 369757
229238 354525
266735 282251
323967 341805
261900 378578
346027 346088
298717 401277
216267 259021
369981 380921
261427 348056
296792 470560
220751 374455
346634 363193
306330 379287
229595 462355
264318 306866
251900 354724
338057 403614
262613 305372
357555 393241
272317 413436
428619 470560
264033 366306
222399 400365
264657 391676
265963 379372
311500 446093
222247 404375
262345 371067
346080 435370
355778 476960
281474 311449
268482 273541
257118 354724
271308 483688
262839 419313
258149 363822
347507 384330
362649 384863
303830 304895
270625 426909
296215 412566
362748 378402
346050 463379
252102 339720
437783 445175
290208 333401
245539 296102
225969 308717
231948 301764
304895 401303
324560 432412
325369 338777
246071 261531
251453 404375
248342 251453
389103 418868
376368 483313
261597 465075
290541 338039
216190 346050
263025 409581
370208 441543
376167 384109
278616 418960
379704 391311
216832 481842
242067 317469
244573 330074
326630 362649
364519 398124
267460 358997
388337 389103
253039 348849
308897 341082
334564 358320
255266 328412
346027 361076
262948 302486
255764 290663
394791 401470
338348 355865
362036 362208
258416 275732
362036 418008
294008 376952
231790 406490
216714 305480
280665 351811
372335 470252
264498 398632
216225 346340
224337 483570
264832 380948
366488 385749
269305 381185
345957 418082
330787 354813
363708 379204
375639 397552
262450 362649
331310 349960
284320 335153
301585 382250
375711 456405
327268 354813
380820 428259
346340 362710
256897 419692
215832 376436
363384 363676
457016 473172
347665 379350
318646 354125
262160 341551
299705 303145
346037 449328
366999 479106
333496 414886
317376 423399
322419 414321
296674 467466
307004 352257
307959 340937
261366 339883
308583 333283
369129 377508
339109 378350
254950 317468
270349 338345
272418 300151
254322 302961
345957 369162
307235 324173
352706 420714
365745 432660
362300 437256
346027 472469
260210 301740
255764 286317
259605 381717
216034 438204
360497 370460
369981 373905
331327 367545
355657 366999
6275 291574
257181 362110
216225 312397
337451 346671
228468 385205
254480 360266
263360 269385
272424 306320
265773 395654
327179 428619
419117 472985
269349 317123
226574 231509
341083 387159
225728 268711
274606 332198
262948 379287
386200 484803
285393 358777
315791 325377
269571 344456
367064 421725
385958 386717
269305 344635
302896 346027
355471 420588
265564 398597
341524 379704
283109 341885
331310 359518
315774 441126
330737 355206
270586 396937
369162 379339
290541 396937
346050 356548
272418 431040
319104 374280
265056 307288
370083 400591
261819 339109
306157 383641
345837 351446
225969 363999
262315 371321
262193 310572
263121 379946
301585 403614
363574 449328
261023 378517
209873 382779
242067 264499
314004 477760
314129 341551
313420 359300
223369 344299
324806 368169
368169 469413
215829 361918
305941 354623
55077 262315
337825 354566
369889 379350
375942 455265
358563 482075
349823 408295
355205 467041
344393 363642
357555 449328
263253 264731
340989 361930
307272 424183
326981 344393
354040 363018
276585 320184
258455 418008
220849 435777
307567 325448
359531 406549
362036 431040
216366 261558
296674 449328
261837 334851
380820 444029
354398 440005
252602 306548
322450 355046
301364 467466
44462 391211
315775 397441
349320 438949
297338 349961
46794 337825
243326 371475
261842 352603
355279 482128
367406 445162
389103 467466
357709 398610
296102 306548
290663 428982
269305 332973
248244 363089
210313 351314
283195 307078
357591 373979
343741 369411
343204 354394
172229 469455
320147 479618
367527 375978
272317 467466
355046 369176
357928 478070
363993 481029
270625 481646
356548 435777
362153 428085
290541 363993
229195 289382
268717 304102
262367 367034
366557 411822
216252 351137
341247 398131
267812 324122
350708 441543
254322 432083
280612 367123
230050 429931
248975 368880
339844 356001
346027 413436
356448 444029
345230 357516
321449 470560
221233 258169
347198 420321
323967 396704
377218 384273
347345 380904
346027 346067
234310 478767
292614 375942
269349 416255
248564 481878
338057 338389
245539 357823
217958 257904
254480 344546
262188 320485
231509 355988
331901 435370
232564 294117
357150 452780
264657 293328
225504 428426
270172 328547
252996 370193
249299 422392
328511 367323
80059 302967
328854 384302
254193 400591
261479 364016
262965 365858
242261 360493
328901 478303
268379 417142
227524 463058
296684 369176
361918 386023
231572 369038
312185 339467
365851 440674
312311 333837
222247 259469
281871 367049
356230 378721
311344 417963
262367 351490
260443 378163
434614 478501
355541 377944
362105 371101
229135 356713
368648 379836
216252 342374
351446 384048
462667 484261
258383 360850
291576 297579
371790 393312
274764 366999
239940 245932
217381 477999
287600 377769
379372 403852
264498 361818
369757 384302
265960 456405
302896 472985
268668 354813
379506 404375
392709 441126
336842 467041
363492 401907
400467 426909
306330 340989
265441 287934
243903 303373
258169 366135
361512 381504
352900 419692
272645 372335
215793 221494
323867 326031
311827 312244
257118 482063
263923 264554
358563 370589
225504 272645
295797 358525
354251 427562
266376 291295
362121 460850
261973 342374
264709 476960
308741 384517
223324 354086
223023 263238
301364 348849
243997 358737
344456 405574
349640 396749
351446 390475
302478 378736
266735 358716
378414 392617
251871 293777
261023 318195
354665 362873
262367 419692
278572 472985
379210 386041
291295 379098
364813 410758
265717 366488
318646 331019
346012 419117
413436 419117
299766 384092
366746 409581
378163 418868
267163 360266
307684 481091
262030 401770
308750 473391
347277 417602
233154 352138
349508 430432
259895 342889
301764 376167
261254 429089
265433 434024
363676 393241
246554 354982
271308 310572
278198 376921
291295 339740
322419 467466
233331 336842
215829 336741
305613 314214
261890 306010
233575 263686
349640 473172
262160 366534
263062 352925
377033 389649
260443 346088
361076 426909
259895 377969
220849 472469
346027 359345
359345 379888
342374 396301
309334 379506
435289 444935
317272 414350
297261 361266
368927 414321
359719 376475
225916 356848
287239 322142
354558 451828
265056 480987
355046 423673
265986 284981
221801 297579
362688 368927
265963 375809
276585 342676
366956 479794
355759 365682
309334 346067
357591 392495
53468 370508
263774 276062
230340 467466
261799 337825
359910 363993
263245 440005
243077 284981
243563 335321
271555 430432
366828 478303
234310 380878
329757 352522
349168 365439
261427 304697
344087 419494
261023 337825
322419 419117
290949 302194
254810 307208
282588 388325
274242 464342
346027 435370
418842 452549
313967 363770
346300 354952
368190 417273
222247 285814
269397 404658
251453 356548
346725 363384
7722 324532
339824 340944
216455 311121
299163 437955
253099 362036
361465 367029
268182 302486
358799 454545
297579 301764
305682 333401
388107 476136
328854 477848
339795 472469
295030 315680
363999 423399
384018 395535
337088 344456
357459 470142
300651 357047
268057 295240
245539 426941
248975 264335
221859 272645
262238 262904
225916 312709
333283 356243
267257 462468
264414 443191
225916 258281
349016 357051
348838 421842
320485 396704
246071 318861
371067 384053
244230 428619
293379 346839
370698 431885
338777 352603
296849 316054
262995 354952
419117 435370
264414 280098
236273 268482
224337 482457
361418 446215
305924 349124
340271 362068
215829 263694
215071 261303
262613 361021
336868 355388
233627 389160
358716 378402
223321 364016
359531 370193
384515 446121
349428 365439
349640 355205
286788 377958
217233 451828
294304 364860
403172 463379
426909 428085
246554 306397
352400 379182
337128 366416
219313 440485
346001 464342
276689 458770
223136 448182
250003 338272
350512 444856
269141 304669
346725 402338
307889 400467
263967 362924
301364 470972
354739 420311
296271 403701
260443 307889
215829 460348
263967 433623
256646 355718
294728 373854
253686 315397
356972 392709
272418 361206
344782 383042
342235 356426
360850 362208
263657 467466
296674 418868
366746 388107
259895 478303
261245 359531
252999 388325
269305 418960
360266 378414
223642 347197
300289 320866
327694 391942
374280 480158
254803 386134
346027 346046
261637 302896
370936 382863
245960 371267
378163 414321
274242 363574
404375 414321
295851 481038
358099 358867
364813 472998
360266 380252
350369 354855
316578 430432
421380 474823
375730 379339
341208 371067
250495 304697
309830 426909
248342 302896
346001 362744
229238 361084
296509 378529
225430 393241
232888 363642
330875 367910
352522 417378
307940 378163
337340 357047
363921 383118
254630 361206
236850 264005
449328 452909
279242 361206
325827 373312
300651 380888
9530 215754
308275 354580
266735 364813
264995 272418
343925 395654
355155 360608
246071 268482
251849 407586
292114 417378
354957 404092
262265 264279
388107 478877
301764 415556
354923 378965
259239 302896
269571 275493
392094 469468
326981 423067
376445 401399
317128 466680
262428 363512
260102 357320
276420 369375
262193 264639
268661 361076
54666 363054
222247 403172
384474 417763
268668 389160
317334 376946
346001 378163
254193 387006
358997 386380
308717 338057
264995 478035
244007 264972
217958 348442
397798 435096
302896 385958
298492 358474
319482 478474
274712 296215
359385 438788
360498 403614
296102 341082
254286 354947
337332 384273
287598 302530
251453 369162
301364 429374
223321 261712
221801 472985
254630 382250
394227 430684
370193 481091
278671 307272
282892 300651
256897 266970
436786 473172
367123 380666
381859 410339
355966 477760
362748 362824
330284 332766
266735 406162
221138 358464
379888 463784
272317 362688
264033 352121
260443 386717
251453 301364
281928 325612
297990 358812
300305 415151
251453 428223
320503 373715
267257 334008
173229 383303
317123 342374
314193 383949
237889 346196
273047 317955
225504 342889
184266 276062
393313 406209
356520 379339
331310 361363
258648 428982
254301 275493
231498 261396
331019 348849
420311 464342
289371 419117
216225 321388
261303 396937
366934 476117
296102 301585
268035 376345
252483 375960
246071 315379
296102 338057
279242 362208
252015 384109
308275 373404
336868 414109
262850 362092
324124 478303
339109 353549
480826 484789
275493 340944
81029 320184
266544 458770
216225 252050
379506 475027
225430 435370
360850 420714
331849 333837
290208 305682
225430 363574
230340 328854
310723 410758
221494 300413
302961 483825
349770 370532
325369 352603
317272 346300
346032 386881
261584 369497
302160 392094
283249 349252
302620 391601
225430 447001
361405 362108
249749 364163
377941 391669
361021 476145
280612 398632
335153 384620
225728 428982
298283 357555
364801 364802
320566 463154
283875 452454
242591 347915
263413 354458
319635 403701
215375 354632
248572 286548
263341 386380
370800 430432
301788 445162
254616 347581
297135 315775
397798 449328
377486 380466
257181 296215
217402 263780
290208 338389
296255 376472
332973 415243
302961 359727
184266 237889
370936 436786
378350 434614
308944 316176
300151 360850
216802 414359
355657 479794
274376 313829
287437 318635
344456 389714
172229 247271
260818 261889
270625 463784
467466 470972
253039 358140
232888 328854
254301 358918
355778 484841
265734 370938
305924 378769
386918 440005
348965 376297
253462 405726
361800 384290
346037 388107
377640 414321
81029 384952
400467 447001
307889 339795
322419 362744
248975 375711
318297 331310
235933 347948
299601 480158
253099 279242
311344 399970
253039 379339
364907 482457
348849 481646
312311 323065
354554 430494
261712 362334
360497 392094
217402 380998
319341 400591
339824 447241
264279 470560
263253 264657
233146 278616
312987 344456
216252 422392
296674 363676
259021 354425
346027 435777
365380 370343
449328 464342
346001 475027
346671 347464
260947 375978
384211 386212
288840 361107
375730 413436
283195 359300
290663 337340
320416 354772
304283 393392
412566 478070
262160 263205
229238 331849
252711 276689
318158 449884
254719 450607
382791 397026
367034 481486
348838 358862
346067 379506
357879 483688
258105 279242
343273 351933
327179 385958
363068 386331
350071 375777
261368 338345
410409 455265
282251 392094
315397 418008
270586 310129
264279 435777
177742 254630
359531 428426
216225 385096
244537 362592
355865 364204
430432 440674
355657 484789
223029 378191
264183 296504
264664 410294
360916 376345
351446 363124
258105 354580
304669 377508
356425 483688
252818 264110
268482 478070
215565 306397
301585 312311
199814 271628
261842 358582
344546 397552
215832 337825
262030 300688
273480 326804
369965 448035
335321 365625
263857 361465
298283 307940
308275 380466
401764 432083
382972 400591
262888 291295
258648 482438
262741 304895
354739 435096
254976 367197
297151 360532
252622 305790
222256 374036
248248 325681
330341 330393
245838 295899
354876 354982
310842 441543
262367 395654
221566 265857
261499 376827
215829 410758
262640 317714
398523 435460
300151 420714
308193 337623
315397 357320
229595 315700
258457 380734
262904 302967
365625 383949
258105 338389
339992 350844
230449 355605
263774 268379
376345 401303
263341 390651
264039 478570
340648 441543
266987 362300
299601 370625
274712 302160
264033 383118
270139 315768
329967 354777
346015 472469
263754 299424
278412 365042
250405 376943
323588 392028
298552 361930
233468 412566
225298 291576
270142 436318
323967 342434
357879 441543
322439 387334
254940 371858
300659 421689
53468 339844
225792 425979
269305 352516
363993 391211
301740 400591
317123 382972
345957 363676
357907 380888
339095 416429
312311 317376
314615 440005
351273 478179
365817 379873
219252 286317
229238 357823
278572 428085
359719 385749
346464 362166
339095 341885
236850 348170
384018 405330
338389 354525
323867 366488
290158 316032
310572 355325
230381 278833
312995 343741
386559 412927
283109 379339
373715 379144
354878 477725
296181 337825
263205 377686
294339 365858
264649 329757
272317 441543
262158 361107
342889 348168
217964 384018
262265 473172
231368 320935
270625 429374
263974 354633
308179 326981
216455 261712
229238 417602
268661 359345
269141 377508
420311 426909
305790 422392
341082 363999
209884 331682
341189 389140
355890 369038
395535 430432
362036 380466
279036 347206
329357 362649
339720 362060
254803 363642
277541 292599
311430 363676
288602 306330
340271 370193
304364 389176
354040 416429
264649 273398
354125 414321
249373 334448
177742 361923
261881 262460
261712 481029
309597 378974
216252 266079
320566 331310
333401 339844
325674 355605
413436 472985
327179 384302
307940 355315
259457 356425
375809 478303
403172 467466
354739 379506
344456 382800
360025 376611
262241 311816
361206 377486
313007 382840
317159 392709
322421 435370
354125 472469
215071 481021
315997 452780
262415 297151
308897 360498
317123 396301
263360 473391
326031 359719
256458 390651
408910 414906
297135 299886
334061 482075
244709 262629
267163 352516
258341 261023
352252 483283
346762 362608
267064 447173
240055 269305
229238 338057
443017 479106
358997 363089
333401 354580
435096 463784
252996 340271
411250 467141
267064 360266
356541 360497
337825 411355
239462 387356
382779 444029
177742 369682
317272 360798
361930 379287
53468 279242
351446 415436
222005 351646
253861 484855
251453 298283
380336 400591
352138 352264
363255 381097
267812 469468
346088 420311
296027 319635
256429 278823
272317 339795
363999 373404
358997 401399
356230 373312
273963 370671
235090 272348
237853 265343
350386 382341
259239 384302
322419 369757
276603 350249
222247 385958
256443 375942
393566 408146
172229 361813
219252 221265
266079 382972
423673 458770
356520 447001
360498 420714
462355 484638
221996 454062
435777 447001
419692 447149
264639 270586
227524 301740
346509 367034
265773 386165
349252 379350
309334 404375
328854 405068
199706 315017
233468 362110
261745 335636
319169 406162
254803 428619
324806 341779
194530 324856
272348 361626
306245 329357
257181 342374
317159 425759
266079 268483
227524 307863
215574 274255
199814 262962
217402 253794
262188 344546
260210 410758
354086 449884
263864 356540
348838 439403
256001 262942
296102 354086
233154 278568
341885 346027
54666 305613
306397 457513
308717 331849
439403 477760
385026 407546
265563 326031
454207 477613
8527 347834
340944 349477
217133 301072
281928 481920
318646 435096
323967 340514
278823 362592
248437 410452
267064 301280
290208 312311
225298 264279
259469 355315
302886 346001
339720 418842
251595 470972
254900 331310
219169 438483
334061 376077
420311 481646
361918 400591
225298 296792
264279 460871
361658 371155
295379 361107
366974 483283
316338 383118
344393 363746
265773 419765
265963 445162
246548 409666
271628 464050
354911 433623
414359 478877
348461 354251
296474 361930
296674 369162
258105 431040
5340 378557
296102 449884
293379 379350
299853 378736
369682 420714
371067 431885
264870 356382
284274 315112
359114 369889
219252 375809
419117 464342
307940 346027
380598 447537
275493 313420
349960 352925
375942 406549
307046 346839
294304 331242
352252 355388
326261 342374
356954 441691
391211 396937
204961 362680
375730 435096
479461 480960
336868 366974
257904 418915
417378 429690
286548 481878
362353 481878
334564 415536
352400 401470
366843 478754
280700 350708
335321 432886
261368 355865
324173 356919
296674 414321
268035 365016
253099 373404
227507 418915
263754 312709
470560 472985
267812 274712
360525 470142
37243 348565
265963 452454
301364 356548
259457 396937
321617 351777
285814 359688
216225 355958
242285 327694
301764 355114
225430 356520
306548 362036
272317 274311
259037 392709
272348 336741
357470 385675
300413 361626
260361 330737
264498 339824
285873 400591
335371 392495
268379 367939
346067 418868
267973 351596
222399 379350
446215 454852
289371 378163
270139 354394
242067 482306
300105 481554
363676 420311
329933 362649
225916 417510
296577 318646
380598 393840
290663 323720
320566 352925
354040 419004
235090 451080
260130 361818
340944 370698
261881 450607
215375 358737
381057 433999
387784 428056
359345 463784
229379 354876
264279 311135
373404 382250
261868 467466
263239 354040
318195 347665
301364 435096
302160 306614
223321 359910
354525 484903
230050 385958
307889 307940
227163 268638
257181 396301
363787 445704
300289 346206
351908 410402
343027 397181
331849 362036
360973 481878
220509 267199
308897 354580
438483 446215
467466 472985
314153 382004
342082 466090
316029 356042
274311 296674
316176 433623
419692 447173
240618 246551
274137 330787
335153 406463
305790 357928
261881 307288
353549 434614
247668 361359
263253 404100
375639 436926
308741 478187
290949 358737
399968 419692
237889 252102
346027 429374
264279 274606
258383 296102
272317 378163
376297 474032
245539 384952
226796 264279
252602 338057
262584 265245
371341 383118
282588 375778
354961 417142
320130 348965
364289 364578
454836 470560
283109 472985
375730 393241
260210 266735
234420 359300
344393 460871
344546 479526
359345 420311
348056 376077
347232 442336
285814 483484
346037 413436
287820 384273
320936 373325
262160 329357
303015 335321
360498 431040
266079 317123
261712 418695
339844 417602
263464 398495
216252 475615
339095 452909
346001 346067
244537 378704
356541 412566
229268 388107
357047 357907
248846 261965
435096 472469
348442 396937
265104 380378
342889 375809
261601 396937
339063 428085
262640 263864
325827 381823
417273 462468
419692 440864
262584 307940
319169 369162
264639 311121
283131 311513
279242 338057
261349 368169
274242 361076
221132 276431
44462 216455
378260 386597
200457 231509
367220 388169
216190 467466
308275 420714
293441 316377
265565 354476
254900 359518
354724 420294
237380 362948
265382 357883
281031 301457
307208 480826
259457 262193
297990 428619
295025 312988
312311 484903
362299 364133
351209 357392
313829 365439
257904 261900
341268 433623
262187 357625
278407 438615
263694 301740
361465 415536
53468 361084
268035 382004
356480 358862
308622 352400
378181 378307
350098 465213
251595 357555
335321 442699
393241 485663
274242 339095
266544 356972
225728 258648
339795 419117
230050 475027
259895 324124
276603 463762
346671 379350
226004 469880
172229 478533
327179 370589
236147 331736
354739 475027
349142 381736
347277 373404
262519 309555
215071 414359
264279 358563
5340 264414
359337 365576
325863 418960
262144 382779
219313 271308
385616 404220
210313 262193
403172 404375
452549 458770
229238 310726
264634 346829
301585 308275
400467 464342
219313 481029
298283 346046
226574 384273
336687 358862
234420 406046
361636 371331
236273 261531
395654 419692
248342 370258
429374 447001
420714 424328
379506 464342
244230 477848
263974 367406
324804 335083
331849 431040
295685 367220
267199 363054
324318 335371
309913 327758
480960 484638
268802 429374
352400 471191
259873 376732
302886 464813
302896 449328
260210 362110
356515 469413
237530 424544
300688 306003
396163 438244
256996 355759
262367 345206
345347 480158
370671 443191
330633 368314
358464 389168
296473 325681
219255 376333
326031 365963
200181 374309
272298 410257
263253 398124
366109 386881
346015 355315
299166 355206
199814 296215
387739 478927
216133 473391
229135 290219
299821 349961
266458 283290
265564 366135
302896 346015
216442 276390
317714 359025
359345 363384
312709 351446
370460 422392
346037 470972
303830 401303
378163 435777
265717 348573
251453 318646
253099 357320
282588 380948
303211 373298
296674 318646
339795 435096
350199 440005
358716 430432
400467 414321
296674 322421
296674 345957
301420 450838
268711 282892
435777 436049
346046 464813
217381 410257
262850 307272
367697 379203
257818 365858
312244 320566
254193 422392
331019 377640
251453 363018
362105 405068
346050 435370
323967 436901
312397 476795
263780 469240
247668 301838
230538 452120
12443 275603
357928 400591
261837 393333
316114 352252
177742 318158
346671 386559
363162 379203
258105 373404
329357 405330
343273 443191
216252 383949
266079 312981
381412 477455
323046 368984
215829 424417
306548 356001
216554 256383
263904 377633
269305 345702
259895 264157
253754 304283
304593 318297
267082 327290
266544 452549
304697 310842
413436 416429
258105 339844
263629 382250
225298 363642
346300 361423
272418 417602
307850 359295
251453 435096
252622 310723
309830 379888
252602 449884
324729 361892
177742 376732
362532 476948
172229 332643
375942 478303
11619 420333
223324 315017
424328 461930
360664 427802
314733 413697
285071 369899
286317 300651
464342 481646
265062 389913
354394 356713
383558 387662
230538 261023
263025 354952
334382 469689
307684 352925
326381 358140
403172 452909
313007 388806
260102 478035
385090 428657
363018 414321
355315 452909
361918 424417
434614 477760
320147 369424
379601 440704
162749 398698
246071 263694
354687 418438
318646 472985
285393 329757
284818 479256
261479 478877
429374 464342
198767 222567
362068 375942
483283 484261
258281 370201
397259 410759
362680 401303
332247 434729
349437 391826
298854 374145
363668 364133
297151 360525
289371 346088
378769 412324
376475 478212
251453 420311
360532 411822
11619 302830
417656 425759
274242 463784
314193 423067
271628 296215
304593 361363
335321 386023
344546 392617
216190 296674
272348 303015
261479 372155
305230 424870
300688 401770
199706 417602
274137 417142
359424 468263
252102 317159
365745 433109
480960 484261
359910 372155
478121 481249
269305 438788
254630 370508
269397 358862
355778 484261
336842 397552
375730 400467
258484 331310
296504 443988
268668 430494
397552 457016
371331 467176
2829 442736
215565 299166
222567 478303
257181 422392
269142 355051
337340 370938
264414 301738
225983 346389
266987 304353
328511 382428
339186 376345
254976 317714
264414 338157
302564 451828
307959 364721
225298 232888
262320 368169
260443 339795
243997 301587
376808 451575
245907 356395
354739 378163
241125 282561
301788 324124
260210 296215
262904 267163
216133 269385
345731 427900
307786 341625
309830 481646
311500 480316
230340 379888
361540 478501
388107 464813
440674 445704
347464 469413
362060 417142
354499 417656
269305 319788
348849 420311
253031 417573
309830 404375
340989 378040
359663 362994
172229 422185
259021 380024
361446 478303
227524 460348
292476 362063
377640 379888
357153 452780
297347 370938
359663 361359
271308 481029
360025 384849
285298 315397
309334 413436
264657 354394
339795 397798
278572 348849
416429 463784
478303 480158
357555 447001
302896 413436
346509 484789
369757 418868
316029 379350
263360 445704
306548 478035
356548 414321
332887 354876
297579 308179
303231 470788
428085 467466
217958 401802
283249 327290
309830 470972
244020 362820
357320 377486
225842 326432
392617 419765
367034 386239
256383 394869
263780 405575
295030 357051
301364 318646
339398 390431
315774 346196
269601 460348
363117 428924
342235 376345
334382 354896
261712 396937
223324 484903
263754 399968
290524 305071
225430 309830
301067 363929
267101 269571
290130 309790
222247 309830
305790 424417
361009 383118
325827 428564
362300 379144
362680 376123
301740 360497
270625 362688
352522 379203
254193 411822
362649 363817
216455 386541
339917 375942
225969 377486
270225 376077
254810 482564
331019 361076
156471 360532
279242 301585
270625 339095
254950 356602
278572 470972
289371 472469
379823 452786
385958 435096
223324 449884
258281 308022
261396 382779
309830 463379
266970 480987
313851 372689
363322 426654
426909 472469
321449 326981
70846 369129
298854 304290
346067 348849
341885 362688
331849 354086
277541 355718
358160 480826
339720 423673
215565 354813
298532 370200
225298 244230
250495 441543
44462 338039
308461 385720
254108 336712
272348 370460
278572 346037
260197 362480
264414 331682
369716 370800
329933 394417
317123 362110
258149 420311
385824 451828
397798 413436
378163 463784
323065 333837
400467 475027
380794 421380
355013 356405
222547 390783
305924 418447
224337 259089
264995 308897
313199 416255
262584 388107
298386 369017
351926 391942
362680 373905
250237 420682
333401 361084
379506 397798
272317 296577
373404 431040
216252 301740
243578 258173
310448 368801
258648 300651
251900 263360
364813 396301
355046 419087
376472 457935
293379 336829
223641 389103
262144 383105
267082 344456
308750 358862
302160 335321
261884 358159
359939 398597
380466 423399
265379 379350
383274 425561
336752 362063
161559 244336
336741 386023
368349 480186
247668 293825
322419 428085
262809 369695
44462 362334
339063 339795
413436 428223
230990 342235
320949 424896
264335 340989
337797 439068
319240 360525
339795 470972
356641 357052
261837 355523
256443 429089
274140 351777
11653 292303
300688 358737
262435 426568
272418 352706
362080 379601
259895 265963
263629 320184
382250 420714
249299 296215
234296 301019
389160 417142
354665 354961
353463 412302
341247 353741
418082 463379
339720 354982
264995 300151
250448 452871
309591 376475
286548 366416
297338 303427
253039 261868
328484 476136
317123 386023
316377 382428
263121 436901
346015 464342
447537 472836
354525 417602
259324 479953
307889 322419
254657 314420
262306 437955
295685 365891
384273 480158
264995 301585
266970 357748
379888 389103
338389 423399
364119 416250
353654 452786
296674 339795
356243 385021
349957 426654
281821 358309
264515 328484
216190 431800
386717 404375
253413 379203
335153 358563
384952 426941
296585 297268
216190 414321
298283 426909
251453 309830
378163 379888
346015 419004
362710 376167
265563 376475
346001 404375
425561 433664
352608 439281
355593 370078
310686 438788
341885 481646
360609 367208
354251 365312
263238 294742
305372 359719
369176 458770
308022 417510
306614 400591
230050 416429
216294 298532
257181 469468
354558 384848
346046 377640
265563 385749
262039 273047
265734 276925
330875 333283
376753 378483
244537 352252
224337 444986
333496 420040
333277 364929
377033 401770
379894 381364
228825 345361
233809 302665
338389 403614
343204 387784
357591 470262
277541 437955
370214 377007
346037 369757
351015 407586
305422 448665
304895 362680
275493 362680
333633 359575
272317 307491
225916 439585
311430 429374
252996 362068
262518 304593
5226 415090
254193 318861
332604 357555
308897 362036
358140 429374
258105 305682
378736 415536
265686 367697
351646 364801
380227 380948
229595 479794
332604 435096
234420 383042
249923 402346
328023 451818
424417 478070
363770 363773
272418 315397
346671 379873
258484 340330
256001 294742
381992 391311
258648 363193
311430 435096
219313 309474
328207 385470
313603 428085
216252 442699
264933 475750
293860 334564
384371 391592
202556 269305
269142 358854
328854 371101
259457 310129
362110 365625
221494 357928
362937 401564
259895 379372
317272 417273
348849 403172
248975 251849
257414 356000
250495 478474
313420 406046
243077 252486
305682 373404
370589 405068
216455 270586
310928 363817
351314 418695
359575 371067
294008 328940
254193 362110
275493 402301
253462 480987
360497 412566
320949 351159
263253 360493
234310 358464
289081 333283
5340 296849
382428 427900
276689 330737
264436 264758
260762 261890
354125 431800
371169 454836
221859 283875
262189 345837
356056 376297
357555 362688
216225 292782
264279 369757
366135 398597
361540 421842
253099 356001
417142 458770
216190 346046
292314 357928
254810 480826
361512 414624
380136 399968
223324 308275
358862 440674
349770 384273
351446 367203
302886 400467
274712 410758
265465 406046
336800 370671
351777 441543
322450 392709
301457 346196
274242 435096
262367 263121
162749 301838
414321 435370
288937 308717
274242 355315
377941 379350
358866 420194
272645 285398
262306 426909
256383 417229
359531 405330
342676 426941
301457 362873
258105 264995
463379 472469
285398 445162
346027 420311
215793 363313
418447 478767
343027 360141
264995 458770
292807 350199
266735 319240
256474 444856
199706 260102
332973 380697
245539 361923
290921 477999
327694 360798
336701 358742
313603 355315
332643 345571
300151 361084
222247 346037
356541 392094
354607 368169
262584 464813
405965 426503
342374 383949
166139 242208
261303 311121
216252 410758
278616 313420
379339 464342
384551 385142
384273 403701
272519 355605
332973 368686
268711 370938
262018 442600
261601 309474
259469 339095
382800 415151
328484 351446
330737 354665
309830 419004
363193 377686
357669 365663
268661 393241
318158 418008
296149 379267
261007 298854
219252 342889
386134 423067
371067 386884
304283 358994
260102 362036
424328 449884
255764 282892
384863 385269
359181 484288
267257 367686
355261 362674
309830 361076
302830 420875
356548 472469
230050 363018
359264 368759
262519 351446
263754 370193
363817 447173
380820 479494
361359 477613
358812 405068
216554 419449
332604 385958
223324 253099
270625 296674
262367 263754
306881 362339
357320 362036
369162 385958
215375 381736
347464 365745
371067 412209
398930 442600
438553 482674
375730 386717
266735 460348
298130 381968
221859 370625
206474 260372
315397 320184
341082 403614
302967 405574
252575 359077
256383 307235
341189 356042
296674 470972
344456 367830
232424 385021
360290 397133
264279 291576
270625 435370
253039 353575
318646 346046
266735 310723
352678 366997
293379 452786
268035 401303
314733 390651
263967 480157
264639 391211
369682 384952
264279 326981
357928 361918
265081 355506
367910 385021
263360 362649
375960 402060
261531 358554
200453 326031
380466 431040
362744 463379
388107 404375
310448 364813
314004 358862
346088 348849
261023 325527
363480 382428
241052 446252
329418 343204
230538 375778
261368 349156
236273 475615
296145 340361
263918 358810
477760 478501
362334 384211
215832 357055
274242 346037
375778 442600
268668 356972
263923 480043
320485 360266
216252 424417
402338 407323
222247 418868
243253 388337
355465 382779
263121 397552
219905 264515
363054 466298
254101 287878
386896 388325
265245 361076
409231 470262
229214 244230
156471 317123
262193 440485
276585 369682
314029 476117
378414 436901
364119 393241
232888 311135
419740 480378
346001 397798
336741 424417
262570 290913
339109 394394
359345 452909
221486 308193
229795 345083
298283 403172
230640 396995
227163 263253
344277 347942
222823 441543
354982 367939
245255 346065
385958 405068
252602 424328
221114 479322
300651 325612
282633 485627
296792 384302
261461 325074
308179 344393
236273 392094
254900 346464
253108 369757
314067 354923
266991 361266
357555 379506
269385 430432
264110 423563
416429 420311
371790 410294
339328 441691
346067 377640
161559 312002
355657 481486
307889 472985
288266 451828
348632 398698
340989 381958
251413 281871
345393 380252
269397 363787
246062 376946
300413 318861
244537 262367
352121 359663
302486 308541
320171 437955
309474 351314
360515 417510
341082 361084
370193 406549
245539 341082
263657 472469
261531 365625
315017 360498
231948 331614
345957 420311
363018 481646
245539 312311
360916 382004
353608 369129
232888 254803
261461 305924
269305 345347
300151 306548
225430 475027
221494 439856
305682 308717
378306 378323
230340 384302
300151 373404
389103 397798
262158 363708
254480 262188
360266 427514
317123 422392
251453 418082
364907 376345
348168 445162
315774 423673
274625 339824
258149 262367
308275 424328
240423 251496
230340 393241
253039 354125
323076 423673
288207 370938
249923 264028
246071 410758
357320 446252
336868 479461
272418 423399
280333 377566
245539 373404
346067 379888
339881 483814
365312 387784
254193 472998
301585 420714
264977 377036
452909 463379
233057 363089
266079 365625
375730 463379
302896 362688
348510 351575
316176 360613
251453 475027
301585 339844
296577 414321
283006 377007
229595 406549
309830 346046
460348 478070
354558 456405
346464 473172
272645 359531
380697 401399
346509 355388
318861 368801
258301 262640
358716 412566
380697 433623
317123 469468
286317 480158
348168 375809
309334 363018
362166 374213
320485 392617
303634 346671
231228 321345
254193 282251
344220 380150
355315 363676
259037 354728
228495 264414
339090 386023
224337 346671
215829 363313
359531 478303
307940 361076
221801 232888
380308 401010
253099 380466
293860 302478
288139 349320
375730 379506
376077 483825
254193 268482
216252 233468
264156 405726
276461 410964
265963 285021
254101 323867
363836 378699
423067 454836
266679 345412
356520 437256
360532 460348
288937 478035
393241 475027
259469 357555
230050 301364
318297 351490
484638 484658
352900 381185
265148 287598
357555 379339
338728 355593
219252 351218
355778 366999
271640 392028
251453 481646
265056 450607
219313 418695
339795 346015
351805 369647
355140 405890
371469 426191
252711 417142
303634 381070
223641 225430
253024 258149
365312 432472
288937 354086
325376 341826
260210 300413
346067 431800
261303 261601
336842 436926
393241 472985
253108 470972
264122 289153
369497 372088
269385 473391
261245 377969
340823 342889
253023 417706
361918 412566
270225 409666
298910 355865
293883 483814
328854 371169
362744 403172
259037 369176
376345 378845
331857 376849
361446 366828
382250 449884
435777 485663
281031 327268
338057 341082
254976 263864
258383 308275
317790 361824
297990 363746
245323 337451
351905 427793
363746 371101
357879 414359
377024 427695
358160 484658
386456 392065
361998 362068
53468 264995
228872 335628
282892 481920
362153 416429
276585 295491
331849 357823
237530 295770
222812 254976
300093 313869
263073 335153
296503 319799
264156 276533
346001 348849
362208 380466
260810 323099
272645 348168
312734 394071
346671 417273
352516 362649
358072 369213
267012 377015
243077 261799
402000 479861
317123 368801
354580 356001
262962 460348
252711 346196
428982 481920
322419 389103
271555 282356
236040 323696
243253 357998
343741 371469
346050 436049
315397 317376
359531 452454
361446 448323
341885 345957
244230 363746
338272 363822
366998 402935
355541 385958
359910 386541
230050 357555
233154 378338
308461 356000
280346 307241
366557 460348
237889 296684
369757 472985
348849 379339
479461 484789
310448 315379
241436 258428
354633 406549
221972 483570
363642 385958
264645 273541
354876 430494
225298 363746
311344 377936
55077 376272
363591 376943
260950 340361
264033 387784
373715 478754
316029 443495
321203 441543
269397 308750
361076 379506
259021 373340
354791 414906
320566 406037
254066 362649
346088 362744
354813 369176
254810 462355
341170 377047
233146 265849
259400 360183
261937 297268
362441 363668
380093 430432
325074 341779
302886 464342
355388 484841
357565 441543
272348 424417
298229 351209
290921 430432
261799 346508
357823 361206
355778 484658
365588 366434
318629 474823
222247 298283
406037 462945
312002 345347
225792 316042
233331 243903
286639 303315
309415 314615
381378 383710
285873 392270
322570 405726
349124 483228
217244 278412
346196 360492
216367 406046
317376 384952
238738 260762
319169 358092
265171 267101
339095 379339
344456 437955
354724 384490
355731 383118
365817 408146
400467 403172
303525 363794
234420 347978
53468 431040
263209 425979
263851 363318
303158 385636
263168 401010
262367 325690
265564 321711
279281 401435
346050 467466
294785 326366
199814 264645
312778 460850
340944 428340
263253 350512
265350 323720
366828 380904
346037 379506
328777 363763
354739 414321
367830 451300
352121 428056
385958 470560
265171 275493
264033 346671
199706 431040
344456 365682
251775 314214
254480 335044
315791 332444
401018 480987
269305 291700
220509 377027
330787 441126
349508 369424
303315 379330
357052 451235
379975 384515
312185 430945
267064 396704
46794 365891
346027 346037
222005 379975
356426 360242
319240 335321
379888 478982
362268 387262
261937 282397
302961 437955
308275 331849
215565 252711
222573 296585
361076 403172
224337 428924
265351 373715
233468 300413
251453 346015
376792 466298
263974 299424
310623 366482
407586 462099
266376 305372
225430 270625
362688 481646
414321 472469
274712 392094
261819 394394
356541 396301
339095 470560
346671 391669
363574 407323
307889 386717
326767 337340
264474 345344
265245 418868
228872 264335
217964 302967
267430 385021
355315 393241
295491 300151
252622 267812
309830 389103
348838 363322
359357 383042
386896 400365
300413 303015
262958 315011
348849 386717
345731 428994
219252 375942
274255 479618
273541 317123
365625 396301
254803 344393
354932 390651
360034 400467
210313 216455
341885 346015
264156 265056
320236 347581
344456 384638
223324 288937
297579 477848
237837 339824
298281 336752
361471 458762
305790 386023
370193 399982
264995 356001
400591 424417
171111 264414
221859 480158
217901 299518
270625 386717
265963 285398
293777 300651
462667 484789
385090 433138
253099 347277
365891 376330
265350 357907
349508 412302
264552 365851
299886 355629
304895 343204
274255 326804
227524 319240
245539 264995
357879 481029
298281 421592
258654 305442
228284 410758
238497 263780
416429 418082
268711 325612
302486 361930
253023 274255
295321 319104
322419 339095
221561 290921
256996 297579
266079 324122
322249 478059
245907 356016
378578 381657
247668 376505
317469 337722
320434 354923
258105 356001
320359 393541
81029 418008
81029 357823
296102 308275
284818 345347
317469 447300
378414 479526
313950 321703
282007 454545
274242 428085
270538 297185
216802 483688
364320 371858
367939 458770
362873 419087
348708 402515
436049 485663
258416 416255
359910 364016
365851 420294
307940 375730
367034 482271
242285 482835
266735 392094
254193 356541
272317 309830
272317 435370
301071 320295
339917 358854
308179 470560
261819 378350
307940 420311
369162 467466
376544 483570
222247 435096
348442 414359
297185 372005
263663 339976
310448 312981
298283 449328
345752 370196
357555 400467
354207 401303
348838 418960
362166 473172
345957 346015
315017 373404
229758 378529
233468 356541
215368 480763
259089 482457
258149 340330
327889 381064
227524 386023
242067 295240
11653 346671
307889 475027
358854 379372
260947 368100
261245 328901
300151 384952
324804 349124
254101 346148
262415 317123
275493 277120
262958 366416
263663 455265
215793 370460
301585 431040
360141 471493
225969 361206
265986 477908
215368 337451
264033 288135
321797 393312
358867 366416
292475 377033
231509 395654
265038 356641
261868 346046
209875 480826
305372 386444
235090 278823
309334 363574
200181 252999
204549 344241
484261 484638
339495 342889
304408 379350
215832 264657
311430 379506
264731 329357
286548 305426
345571 352516
318861 357928
314004 348838
269305 341957
358840 401770
427793 485133
356972 423673
354724 440674
254958 277541
254810 264709
340361 364133
297579 423067
297135 355629
216554 354125
338057 417602
360473 378563
360798 370719
363019 388107
263694 410758
380904 478303
234296 480987
231572 355890
353590 384330
276431 312455
268231 341524
362105 477848
311430 362744
299424 355051
216190 472469
264499 317469
357748 378699
339063 379888
261245 283875
249299 271628
351646 364802
354632 377878
406037 436786
358812 479504
171887 391669
355206 392709
221114 408910
254108 425979
364133 427793
250003 262965
319255 367208
264995 354580
273541 360532
400591 403310
318803 379601
376732 384952
302194 434729
292408 369442
230050 339795
157812 391211
290200 327824
228872 361930
354739 363018
379888 464342
307863 379475
272317 478877
217402 251968
263121 395654
369538 387286
386717 464342
376544 428924
332604 472469
296102 343867
375608 399168
245323 350896
257189 369129
361626 481762
379888 429374
200453 262158
246071 383949
261383 354791
324124 375942
281928 337340
265978 378152
313851 323421
268379 276689
433623 454207
231368 311579
345656 369862
328287 401197
398880 480158
296577 362744
264110 345347
274606 358563
341082 362208
379704 381992
377024 437271
263864 376178
254193 412566
216252 260210
232424 371067
360108 432083
265753 326381
223324 356001
351605 364860
271628 302160
216252 246071
295119 310668
261708 302896
341779 478767
215829 261531
216797 263967
258654 305459
272348 362110
355315 418868
358854 362068
384053 401303
360242 398495
358335 358997
366306 376345
362082 464036
273398 434729
222812 305613
357320 361206
310572 481029
346196 441126
298283 363574
281031 339720
222005 324856
368104 379204
288266 375892
342434 352834
232975 371331
288266 341785
322180 408295
217958 478877
237530 443216
221265 355013
282516 297338
346027 397798
251968 320416
307940 447001
392094 422392
274242 357555
253462 265056
304353 385787
224181 263408
223095 361850
383949 460348
262887 323511
387784 447241
404375 435777
242465 398568
339004 365682
266735 297151
300935 394071
319279 483825
204615 361548
302886 363574
285021 350708
262958 478892
282892 293777
384849 429089
237889 356972
210313 261303
366413 405330
269385 369695
358335 380150
240055 307183
364678 417980
346046 426909
379140 386884
379287 385824
268668 355046
244020 362900
157812 261601
261205 357688
287820 360266
274376 407586
420714 423399
341551 415243
301740 339090
219252 256443
231487 437464
354499 354982
418868 419117
333633 383973
234310 419425
354728 423673
348965 401010
291744 296280
286788 299300
264279 386134
362144 368468
219252 356405
480826 484095
394417 473172
248846 480316
346509 484095
340823 415536
272317 419117
234038 365963
240055 479618
223023 389631
279242 305682
307272 378914
377969 403852
172229 343706
184266 355046
262887 347170
253108 261868
306866 359337
302967 331310
311430 475027
279242 323065
352926 359668
358554 475615
215829 400591
209728 257789
359612 384570
359829 366395
245451 262158
221801 327179
350036 354720
299601 355013
346027 354739
264515 441543
216190 429931
225430 452909
346037 377640
44462 293362
355205 463154
254719 260810
307208 341219
261637 423067
252486 284981
362994 477613
352925 406037
339495 372335
216252 416534
228438 483713
267064 349960
363322 378350
264954 302961
272348 281950
364270 375809
308750 320147
78429 481878
274764 347168
352252 484841
308275 478035
263629 318158
231948 364589
215829 260210
312981 342374
419117 467466
295851 432472
373715 476046
254803 326981
346300 361263
347507 470298
354728 418438
362744 435777
323720 326767
339095 346067
261023 380948
335304 363216
265459 367408
270066 402515
216225 441543
272418 276585
362873 417142
346015 363018
267064 378414
385216 447149
311430 318646
356515 379350
311827 340330
271308 386212
265563 366488
370343 384371
393241 470972
267163 268058
253699 358126
367299 441543
345957 346027
296102 317376
255465 274026
261479 396937
296684 354665
244426 326804
233242 427679
216802 355325
264552 304697
348944 368516
350199 377148
380794 432279
274137 355046
253796 386972
269142 367406
309092 350949
272317 346027
261427 388107
259457 338039
253754 265944
379506 385958
337088 340896
377001 476795
262962 478070
361084 424328
262133 357175
266735 269601
346015 346088
223324 341082
261881 276533
260356 346839
258281 352925
234420 265849
318861 412566
225430 322419
261023 346671
261900 369390
359424 481570
225792 341826
330875 373952
386884 409581
261479 414359
353793 418268
435370 464342
356541 469468
229829 408146
216223 376345
212015 346437
283109 426909
261837 371594
360683 361423
379869 414851
312311 362036
300151 308275
356541 365625
380904 415536
157812 215071
281453 283006
363089 389600
178640 311005
358160 367034
256495 384517
436679 471191
310448 392094
232888 385958
292614 415536
326031 351905
355541 423067
177742 370508
244537 479461
309474 391211
216225 253023
215071 363993
262238 397552
184266 362060
358320 361446
270625 346088
215071 270586
271308 351314
301788 478303
338039 414359
261479 401802
297151 475615
216267 362166
216366 327694
264389 438115
296271 409581
223369 314615
376272 426191
323867 346148
269305 358022
225969 323065
263694 364813
285398 328901
443017 481486
267257 337825
254719 310520
393241 419449
410758 469468
449328 463379
263326 332973
339063 435777
247843 340330
221494 339090
261597 271452
357823 377486
224950 254719
223324 420714
301838 363668
369757 405068
220849 370258
271555 408617
300151 354580
362110 382972
254066 256897
376457 404190
258341 379350
264110 267569
315379 387006
354665 354728
234396 329757
322181 420037
385216 405330
351933 366886
470252 480158
262962 342374
463379 467466
340823 484525
303634 378974
319169 412566
358160 479106
267163 269305
261461 324804
253727 363817
210313 364016
254480 436901
337340 380888
46794 378845
286548 393333
220003 341189
343405 378721
365588 418960
297990 383949
361298 465992
305790 392094
393241 397798
203407 301457
339063 359345
233121 354791
309334 435370
266735 433919
263205 341551
425759 457513
357040 437489
261973 335321
370473 391826
396843 478533
229214 302896
361465 378736
266735 400591
199814 227524
468633 478310
352408 366434
325905 452123
264335 307272
354040 371858
291700 292169
261799 262995
361076 389103
251143 480853
216554 332604
354558 362547
374309 386896
343204 481249
357928 424417
353874 401399
306548 446252
320025 349320
297261 332353
269601 469468
283285 402060
156471 386023
261205 305613
261601 290541
256398 379267
359345 418082
302896 377640
355077 435619
432279 438399
418868 435777
230538 379350
340944 369375
223324 264995
357555 364119
270517 356972
277541 480421
238855 351926
256441 384952
369899 484144
311360 408295
215829 254193
351908 363641
373404 403614
288602 361930
318297 320566
265354 483056
304915 360730
262962 386023
265094 344456
302967 362592
312244 397552
270625 298283
252699 297508
381216 425979
267163 274255
263629 295491
262958 319635
233627 367346
282397 451040
362068 399982
219905 301396
225430 311430
309474 386541
340823 359531
363017 388648
231790 233146
291295 364586
262415 366557
355672 365159
273064 430493
194214 404122
309830 435777
369899 375711
157812 293831
354876 425759
308541 333203
300093 342307
326806 480421
215565 233627
363017 450607
260010 358997
216807 307183
212015 354487
377941 422007
339095 346015
305288 385142
265165 350844
276585 361923
244007 339186
378517 379350
352522 434729
261303 290541
309334 375730
343701 379287
340874 341189
331682 351933
263967 449241
337825 387784
243253 359345
256429 362592
281950 392270
261600 421592
228837 393312
258774 479598
310129 364016
269601 304903
264110 471896
289081 302961
263205 265350
379339 404375
261667 362937
256458 354932
254976 262640
264414 284669
364976 378699
346067 420311
346015 348849
273064 399862
263918 418447
282588 296181
346027 435096
341082 356001
254900 349640
236192 360183
365807 481878
388806 416255
322419 481646
215793 368801
220849 435370
288840 441954
267257 365745
272348 319240
258428 304697
263967 343204
346046 467466
215829 315379
370938 380888
305682 360498
315397 382250
261464 261652
351273 359612
333283 442336
234310 378306
335153 444810
341940 354923
251968 366565
308897 373404
269142 399982
264995 373404
370719 482835
265104 408910
251900 356480
293362 414359
215832 362680
211998 360293
274712 356541
362144 378145
313169 367398
301396 363822
210313 310572
345957 357555
254900 318297
370625 470252
308897 335153
355657 479461
359000 440005
252102 457513
268668 327268
337825 380638
356001 373404
319169 342374
317691 478982
322450 356972
389103 481646
379339 413436
253107 355899
264938 408005
221265 299601
362803 460348
264279 396673
293441 382428
387334 401980
384053 430684
349168 413035
234296 265728
326031 378323
318861 400591
289371 346015
357000 460070
281031 417142
254480 480158
308022 356848
235310 406046
295491 362036
349428 359216
221859 377969
221265 292614
374045 408910
261601 386541
261637 358812
273064 351159
363944 366934
258424 354876
302896 428085
246071 396301
355645 367220
265773 313933
314499 384869
299424 316114
267430 367910
244537 358151
268058 479618
288937 339844
336666 352603
282892 428982
263253 307183
281453 300093
367721 382779
261245 301788
369757 414321
327048 339992
263923 265371
314343 363193
314193 328854
401303 405330
262570 387262
351926 482835
251453 354125
358548 428056
347168 479461
269349 411822
375809 387471
418695 483688
254719 298139
345957 435370
297185 306253
177742 426941
279387 349124
418868 435096
308717 354086
354687 362873
324890 376345
235310 368349
215832 387784
270625 309830
282058 439056
215793 342374
479106 484638
301740 356541
274242 435370
304169 340330
230340 301364
312624 431813
236273 342374
392025 483825
360672 383118
363642 454836
184266 330787
231509 349960
302936 320130
364133 364683
345957 463784
346001 418082
414237 434466
311121 414359
295491 377486
232564 312999
298283 363676
240618 349709
462355 484095
225983 368686
158771 367312
254193 262415
262238 364519
267202 405575
200181 388325
339095 344393
335321 368801
229795 396467
351664 368759
344220 359552
379888 431800
339095 370589
318861 370460
336769 365402
320485 419692
263270 479606
397798 452909
354461 360154
225916 294168
403852 476100
327268 362873
296786 391211
276062 327268
260746 342699
222247 435370
358554 411822
302896 363676
305682 354525
369757 431800
329967 398523
341885 431800
344393 377944
248342 318646
272348 364813
457810 465075
360973 409581
212015 264867
363313 365625
318861 356541
356001 449884
365807 366416
44462 157812
354961 362873
260385 360683
314193 358812
222247 463784
237889 259037
306397 339720
273398 290949
268717 362710
333837 361084
263923 264033
377486 478035
352603 358582
361076 470972
289473 342848
400467 419117
247470 385090
350719 385616
271628 382972
239440 358723
46794 472929
271308 293362
316176 388107
366999 367034
262367 264867
364979 452786
352925 367406
188312 318297
263270 352603
389160 441126
272317 361076
386541 401802
317272 379350
227471 296795
302896 309830
353549 394394
256441 361206
159060 261623
347979 363668
369899 424183
323580 362121
353463 357644
229264 294117
389168 412324
263168 363482
414321 426909
413436 449328
264414 326804
318646 348849
319169 443017
312311 347277
364802 431512
221859 355013
355809 383118
296684 362873
390783 463393
215793 411822
290208 373404
290913 368528
403210 420608
224337 462468
354525 458770
292475 358840
260210 400591
301585 323065
210313 357879
262584 346027
306614 410758
272317 346067
270625 361076
340644 463762
362688 485663
300134 379111
230050 358140
264157 445162
316114 336750
391457 473172
355315 356520
365588 434024
363384 375730
351905 362299
391669 431984
273398 417378
354652 384364
229812 379364
219476 262187
262554 352097
322450 354813
355541 386134
243563 300413
338766 344942
351490 362649
259037 389160
261024 430620
307272 432412
400467 416429
225298 308179
355778 462355
321449 384302
362803 387006
253925 353030
287239 373340
341885 346001
233154 314067
264515 367203
356694 480348
263377 384273
385216 399968
389182 478982
253099 308717
276062 339720
306866 346437
258654 299886
264926 356475
226218 261023
3084 394485
290158 345895
443017 484638
324810 354772
309830 386717
265371 377061
247843 394417
269305 357697
359345 404375
262030 358840
262367 305422
218089 303427
432472 444645
216367 420176
358160 482271
378529 421842
340330 352925
412 438085
217958 261303
263681 368458
326804 344866
386041 443495
266970 274255
262158 341551
324464 380044
377633 405575
222573 293379
241261 247668
306662 360141
227451 301295
311344 377036
245451 361107
368927 475027
296543 452521
368801 469468
243344 314444
302564 358022
355051 399982
330787 458770
376345 405338
353224 420525
287820 302967
210313 396937
262715 309572
262105 314505
260102 356001
309830 355315
375942 403852
354665 419087
256545 420608
334061 336799
259239 371101
328977 379601
379946 395654
362208 424328
292614 359531
341189 417273
301280 315700
278823 412302
251595 369609
244537 355778
290921 365682
81029 357320
296417 366974
357288 369899
358737 358840
352252 482564
349124 383402
378699 429089
346046 475027
334564 347345
346015 362153
362592 381840
269848 370517
356541 386023
225969 272418
157812 309474
295731 296575
364519 370936
319240 400591
258424 425759
249299 252622
221265 221859
273480 444856
339495 470252
238855 261842
266735 272348
379506 386717
261303 441543
365817 371333
366999 480826
221494 418563
295491 478035
221494 301740
354499 457513
400467 418082
324422 334008
218089 264010
346015 346046
303830 440273
219548 360609
46794 417273
295981 344192
254810 263754
313007 366843
297990 423067
346015 346067
338413 381717
199814 318861
312999 481878
352928 393183
354813 418842
325612 357907
360608 477455
252996 263754
332604 429374
324804 378306
301364 339095
354086 356001
223321 261479
81029 360850
160382 395654
270625 419449
326630 430432
369757 447001
254193 342374
352252 366999
271628 422392
282251 357928
307940 363018
321449 369757
268058 351905
256442 300093
276062 346196
261708 328854
262367 347184
263062 374213
234296 441953
346001 375730
253686 276585
358862 378350
184266 299166
377148 388996
344666 427772
223273 279147
266544 418842
225298 384302
78429 262613
261708 363746
272317 346050
258455 308275
379372 480158
238738 320117
308897 364802
362036 382250
254193 382972
363018 377640
358160 482564
234739 358404
259457 386212
435777 464342
354580 420714
259469 302896
362649 430432
431040 478035
270625 346067
219097 234296
221801 291576
307940 339795
244520 382972
363318 391676
356541 410758
245539 431040
355206 418842
363746 369757
276201 386156
284981 296861
315476 366135
355759 367787
264867 356331
315397 362036
233331 356425
263205 300651
292475 358737
350386 479762
354580 373404
257867 370542
270625 301364
359531 384273
216225 437955
307004 375978
318861 364813
306157 363318
331849 377486
263780 301765
230050 356548
312311 354525
254337 364589
274376 385720
248342 253039
286398 433681
304327 319169
377969 480158
263062 312244
252699 433102
301633 362146
339795 400467
264552 477760
376732 449884
264444 369131
230050 251595
230658 392466
307940 379339
262455 306253
258455 403614
290208 308717
263062 340330
310572 478877
256078 344544
346015 435777
297151 387006
262962 269349
366956 481486
317468 421380
315774 323076
310448 380336
290663 363193
263390 362948
328570 358149
364907 472929
248342 379888
333685 356070
352121 358548
252102 296684
420311 472985
305924 325074
326981 371101
310448 317123
261652 433623
259239 363642
229379 457513
467141 484342
463784 472985
312981 324122
331019 435096
307183 443988
307940 318646
365891 383118
369965 386717
262584 447001
329662 344504
263754 480158
9530 353099
302886 418868
346067 363676
283147 363708
325369 358582
351446 356480
351446 386759
377640 464813
272317 301364
362649 367797
309334 379888
278572 363018
290949 367697
369716 412302
249363 376921
310928 419692
215793 227524
229330 351446
369757 464813
358812 454836
355206 362060
316454 483552
354728 362060
358997 389600
298428 388337
311135 405068
421491 484288
426568 441954
363676 379506
254630 259873
264639 348442
253108 436049
254900 473172
227524 342374
254480 265773
294785 355747
245539 376732
260210 356541
226730 369293
229179 448054
168216 440915
221957 349437
324532 442600
247970 327465
359224 378260
13807 310520
276390 369899
364037 476117
346050 388107
334002 354791
301765 331201
414237 429065
258484 362166
300589 375872
219476 371267
244007 275493
419117 481646
263694 324122
228872 306330
243997 354632
418082 464813
280979 355533
232888 302896
306866 393097
230050 307940
306190 360181
432472 483313
358423 369899
361923 420714
261558 327694
246071 335321
263253 310170
331019 472469
386541 388107
356480 367705
258416 380659
262584 362153
225728 363193
357928 460348
261890 300935
257789 360623
362717 392466
241416 296145
348442 478877
365851 378350
356811 361433
375730 464813
392617 395654
354125 467466
352522 363162
296577 475027
298283 475027
296795 351273
426909 452909
365858 412302
231498 367721
360141 378803
375942 418379
281950 285873
274712 422392
263205 337340
346046 356548
78429 338185
318861 392094
431800 435370
271628 400591
264335 478962
238497 356602
234396 417378
426909 470972
348460 351407
162749 247668
378402 384018
318646 346050
307940 475027
278742 342098
260102 360498
467041 473172
364404 384109
78429 478892
388107 424827
215829 317123
265990 375942
225983 358716
261693 263645
267257 417273
258648 268711
354961 458770
362110 422392
290541 481029
339090 356541
308275 312311
357555 389103
351284 363017
362994 376505
244007 431418
382428 397026
292035 297347
296215 302160
220751 300589
249923 440005
354687 458770
395654 396704
346050 435096
216225 356641
273783 353575
462355 483283
223023 317272
339795 377640
435370 475027
348849 389103
238112 336752
291576 328854
335321 361626
293860 361446
253108 348849
306983 361363
324532 368678
346509 443017
339835 385479
344393 470560
347277 361084
244230 385958
339095 346037
268712 405330
264926 304697
359531 484525
317272 387784
304903 412566
44462 272317
261349 262320
238616 362702
335321 360497
310572 351314
253108 346067
302886 307889
254719 426191
242719 379612
359345 475027
244537 355205
367910 381378
318646 393241
449328 463784
262570 418428
306003 358840
275603 376946
227507 384863
256441 295491
262887 265421
254940 407323
366998 368831
363574 363676
377036 417963
355315 362744
203407 332887
216218 302961
376345 391592
354125 393241
351697 480186
339720 425759
261845 449381
306614 460348
341625 358903
254900 263062
352925 391457
296215 351137
367545 479618
254801 348888
262027 369038
331849 333401
285968 310668
220003 267257
262238 473172
262584 449328
221801 477848
229214 264279
341551 378402
269305 406549
381293 390783
324810 366565
347244 360798
379339 429931
267082 296585
254066 263253
272348 310723
229758 378350
397798 416429
289153 358548
272645 403852
278671 358423
278572 378163
264414 366886
260810 371475
354961 418842
357928 370460
370034 401399
221801 358812
354086 357823
420311 435370
219252 470252
346027 363676
367034 443017
262133 362768
306330 378040
304353 350098
418868 472469
316176 441543
382250 426941
285968 471191
360532 475615
215832 308541
253413 329757
228682 297261
184266 458770
220849 253039
279242 308897
288139 438949
352928 415556
300151 312311
360850 449884
346001 346037
377640 435096
263629 370508
223500 356602
252711 369176
343925 405330
251453 283109
264433 421985
312311 338057
157812 261712
268379 296684
262367 332296
317985 400175
246071 422392
362060 423673
252622 306614
267064 436901
55077 371469
340507 366999
309572 451291
300688 354632
261254 418915
322419 388107
305416 358867
342676 360850
418008 461930
230050 253108
253686 361923
334564 403852
354687 360492
266254 464780
297151 392094
300413 357928
359345 375730
297347 428982
235090 433919
199814 272348
285071 362092
292614 348168
262367 398124
258455 315397
272317 377640
44462 355325
233627 301457
379350 379866
322450 418842
257829 370589
286758 362795
329933 378402
354086 373404
205402 359151
287727 332973
241416 363708
242591 323580
227524 357928
258091 377958
267430 381378
265465 480186
366488 417963
313007 398131
354739 361076
228872 265734
270625 435096
283131 448598
262971 405965
272317 354125
296755 380378
330875 383710
328854 358812
258105 417602
225983 430432
368927 446215
268379 354876
353048 376946
263360 354724
268057 337722
300146 310596
299424 481091
272317 290541
221859 256443
254810 346509
231449 379111
261497 358854
229214 261637
282344 307491
300574 361263
261303 363993
221494 335321
454207 482657
370460 460348
373340 380136
301050 365441
369411 408295
251496 349961
230050 296577
352257 484288
254630 320184
250495 262306
290921 418960
332973 368880
306548 384952
319169 400591
370938 378699
354687 418803
272317 470972
370671 377001
281453 370214
256383 293831
435096 436049
246071 460348
330341 478121
278572 322419
296343 348455
355966 394394
269305 365439
322788 333769
443495 464317
368927 385958
369757 485663
339795 418082
413079 452780
308179 460871
217133 410452
262460 401018
310448 410758
261769 262304
358867 481878
414321 435777
233627 322450
322570 406046
215829 257181
204961 346671
358423 362092
297261 418663
206474 243706
308179 321449
309334 463784
259469 369757
331849 484903
401435 409952
346001 435096
262494 397181
311121 348442
272238 304891
237889 268668
364649 377446
311035 420298
339720 354876
358160 366956
316176 373772
353741 470142
354791 380378
356480 365851
310448 324122
296102 305682
346046 363018
318646 385958
233154 341189
300413 366557
362649 481842
306614 412566
312311 403614
216133 381840
351218 370625
251453 470972
348168 406549
400467 472985
308179 385958
365720 452871
378350 478501
295491 373404
308541 386884
276390 332247
296674 346067
265371 352882
256383 345957
215565 389160
234420 352257
396301 469468
320485 436901
229239 346839
188312 262518
252674 262809
346067 346088
264335 361728
2829 265371
257915 362649
357823 424328
251595 435096
347005 400591
328854 383949
346088 447001
332604 431800
258383 331849
265343 369695
202677 262879
259873 461930
253039 416250
286548 397181
288937 338057
268138 303398
19317 272519
177742 360850
263774 355206
301788 375809
247668 259808
363089 479256
302486 389715
246071 370460
465099 478303
358563 385410
363018 375730
252622 368801
355315 363018
313420 352257
362744 397798
380948 416330
272348 410758
307940 341885
288937 295491
302961 473631
261601 272317
371341 376345
354111 432083
264157 285398
296102 310726
266544 441126
266735 366557
329357 353344
276062 354687
252622 272348
347416 440984
358335 360242
327268 330787
332194 476960
290541 309474
373312 381823
228347 478303
270517 423673
263390 370938
343412 366434
215071 310572
262193 384211
326381 364119
264161 364794
262584 393241
221138 363661
393241 464813
365891 388169
269349 348708
259457 271308
264645 276201
262160 268058
309565 354554
221930 351905
462355 482564
339090 365625
267812 302160
333982 349588
405726 450607
272317 426909
430494 467262
302896 346001
258774 371469
265728 480987
245539 362036
225567 294179
53468 258383
447001 467466
261769 275493
330875 381378
231572 262027
263253 406549
285968 371155
261245 452454
305480 311368
314214 363054
315397 361206
428223 435777
262238 264867
377060 480826
264639 272317
370625 377969
229769 373952
378786 390431
219252 372335
378307 378414
199814 475615
460348 463058
264424 296518
252102 276689
276062 315774
199706 296102
322421 341885
221452 384273
347345 382058
229195 377024
253686 461930
267430 442336
367029 478303
360034 418082
222247 346046
302961 351646
260210 366557
357256 389810
355645 443495
346088 375730
253039 472469
418695 440485
339186 472929
156471 273541
264414 312814
260210 315379
362334 481029
254193 261973
356946 433642
433623 477613
260102 279242
360133 364737
216252 365625
356243 442336
227507 265734
357869 361475
279242 308275
339095 363746
258383 290208
342952 360141
369213 454207
297261 376458
300574 337825
292303 360141
266079 272348
318158 369682
364813 382972
237889 252711
304250 419782
157812 356425
341268 358335
287820 363817
278412 352252
200181 222399
376445 390651
314004 365851
318646 386717
223095 226218
253099 424328
346196 354665
307940 346037
410758 412566
262995 417273
238497 469240
226218 296181
363676 481646
271308 355325
300651 346634
262584 302886
383949 396301
295491 312311
283109 472469
272317 314004
376345 412209
251849 479488
300413 370119
203407 306397
263967 351209
282892 286317
347942 387784
226574 263056
340330 349640
384136 398632
262193 290541
248975 354558
340944 354952
262160 369131
297151 460348
292614 319104
274311 339095
296145 442656
318585 341344
340271 375942
315774 339720
363817 381185
285039 333547
311449 378356
315017 341082
358784 371985
349508 480826
306548 380466
244230 377944
238497 438399
270538 329558
385021 466121
296215 318861
317376 361206
301457 417142
261637 470560
346725 364320
345957 472469
252602 403614
299300 349960
360609 364802
355966 363322
266069 408108
357907 362948
339524 344504
262105 368164
377640 404375
222247 467466
251871 377686
360034 414321
297268 379350
306157 339804
267430 363017
305790 469468
331849 338057
301050 438949
356541 366557
318646 436049
263657 426909
216294 370200
427695 482128
359575 431885
263864 314214
268482 463058
288937 424328
216455 483688
304353 465213
253754 393392
247843 320566
339992 362608
274242 470972
269221 296473
287820 376077
322419 426909
371333 452780
212355 355896
263967 337825
293362 359910
353549 421842
322061 360281
381185 476767
301364 362744
253754 358994
269385 269397
281537 438262
315774 356972
378323 378769
262367 349960
262850 343118
262238 468304
379372 452454
317039 333283
330694 358019
419465 435233
263694 266079
233627 354687
259808 374455
225792 365439
479106 480960
354633 377969
354580 362036
322419 403172
342793 400175
274242 348849
256545 334037
317123 351137
368801 380336
324124 452454
328875 351132
363817 477707
256646 328169
233468 267812
369757 464342
276062 441126
261313 312262
221132 341268
299821 433681
254630 424328
379506 419117
263253 329357
346015 375730
276062 419087
268802 346067
258383 338057
249299 368801
363676 452909
266544 296684
340330 355205
335321 351137
262367 401764
364449 379287
349313 484288
308583 383710
258105 354525
230640 346335
363286 420176
258428 351697
261708 386134
220853 403210
280551 381823
222247 339795
358238 372295
324124 374280
