6625 8148
5831 93436
1211 8905
1368 54443
3914 11017
7534 8559
830 51474
1642 57129
8508 10576
10951 84450
4720 9218
6134 23185
3875 8655
7517 57333
7168 10094
57669 246184
3842 6242
7534 11285
5831 8881
1368 10159
51175 90488
81839 92345
5111 10935
7408 10460
6134 23560
79643 148423
409 3716
908 10733
6622 23020
11222 151903
5878 337867
5516 8428
5437 101060521
10951 23774
5000 83667
8242 64061
5708 64282
79035 81555
409 6949
6731 653604
9184 10808
219 3996
1312 9156
22948 113457
6950 7278
10094 55930
23049 56006
50813 541466
6809 50804
3959 113457
5719 9861
1213 8826
4085 8379
5108 5567
2319 84687
10576 57521
5518 57224
4088 8266
1627 10092
55671 55968
23014 84769
81844 147841
6232 6238
22862 79682
2064 6836
3184 23358
4627 283431
1455 6272
1456 51474
2580 51474
10959 50999
7514 93436
4641 113251
3192 6206
8450 9973
1936 6238
6134 26986
4172 10615
11224 79670
7267 112714
4609 80205
11224 54931
9274 166929
1958 5708
9179 196528
6117 25813
391 23603
5062 8874
1660 6134
5364 7046
10322 54972
6731 9031
3837 6875
4624 152185
84612 84859
80179 92521
8833 374654
84524 127253
55755 128866
23392 65979
23760 55735
6942 9112
3339 28952
5430 58490
1829 4627
890 1026
9053 9632
832 7414
3835 83608
1073 7168
9456 22938
1496 54949
6147 6731
60 57584
5683 124739
9774 51535
10312 10492
6744 8826
1212 2060
6472 8607
9328 10951
8914 84514
6734 9922
3842 84303
5905 8021
2976 23394
3801 4810
7544 55166
6622 9343
2040 51474
7869 259282
983 6621
5290 5296
10749 65065
3801 57697
22974 79711
5518 140710
26148 84033
11346 26037
4627 103910
523 1627
1062 6623
3796 7073
8073 23046
3192 339230
4627 23303
3065 8361
6272 6712
10174 11104
3646 6205
10270 84661
1453 3831
3836 54815
49854 153241
9040 28952
4673 169714
8661 90441
6606 79939
571 81610
5590 259266
10051 23397
9218 83394
9967 9984
3895 55299
8812 84612
4155 4624
6143 6731
4256 7184
81555 112464
9112 10492
8357 22909
8481 57536
79913 84897
51116 80218
8336 9939
9559 9897
57092 79003
1785 9184
8351 23133
4646 55930
4085 23649
6272 7516
9179 51106
4085 55666
4641 79002
7329 57461
2280 92345
7798 399687
5786 55671
60 9052
1130 387119
7469 25920
3184 3190
5518 80143
3833 5903
960 1627
7917 26509
5111 29128
1062 22955
25900 57708
2314 29766
29922 85378
6134 56902
4802 6472
4628 10627
10621 55718
55558 79913
1662 8726
3716 151246
9202 9700
8615 55589
7994 54596
324 56987
51507 84458
830 57559
3646 55226
6133 55166
6134 26135
51253 254065
9184 10576
6840 10627
6232 25998
7879 9052
5201 113457
8735 27109
85439 399687
5000 222229
6672 83540
9939 54840
11224 56257
3911 79837
22938 51361
10730 146705
4641 51474
9646 83855
8517 64425
54821 81555
9582 9774
3607 8819
3183 55165
9646 54433
3188 23623
64282 84747
830 10092
9209 11346
10390 10452
10121 51143
65005 65080
6168 9126
64928 65005
6836 9517
2665 221150
4869 51493
4085 4292
51026 91445
4302 84444
55425 57187
3397 9958
4627 445815
9448 26127
23269 23613
23385 84061
9646 54487
989 4735
6731 283489
51184 79677
5111 5424
9184 10575
4998 4999
10456 79724
10972 100302736
3833 9441
25814 84790
488 10490
6209 6731
3184 84219
1643 10694
51026 54927
29888 80143
5903 10527
11186 51517
546 84289
4629 4637
5163 115201
302 79709
6731 8351
9231 84779
8974 9919
7112 7343
7917 201626
29127 55140
29072 79739
56915 64282
9777 81790
2317 5906
3833 23451
23469 58490
55388 64770
51143 57794
7534 10413
5903 84220
3983 22837
51026 55735
11346 55607
5441 6829
6238 7866
23001 54972
5930 201627
7916 23404
1454 10612
6418 79915
4690 9685
10575 124359
6015 23269
9493 29127
4430 4628
6134 10556
2319 23607
5436 29079
9632 286077
8658 8924
830 55930
90480 254065
1024 440093
9696 63893
6134 6157
5691 5693
6224 8661
699 5888
706 10972
7517 10963
4088 23759
1778 1783
2317 23603
58516 64426
3837 10762
4641 10992
2353 84916
55677 55704
3178 9987
56160 79677
84148 284058
1627 51637
6230 6238
4751 57082
1017 116840
3855 10763
4928 5445
51026 83590
9258 79172
6301 84875
4795 80198
5516 25843
22828 93380
7461 22919
5868 25777
6132 6731
6418 80829
9559 83692
1173 1212
161 1212
10159 29956
6122 254065
4751 56987
51633 55177
708 55907
25824 57606
9968 84445
22841 23157
9517 10558
81857 100526767
1894 84687
10575 10576
9939 64175
4929 57648
983 10574
6233 6238
6134 57696
4288 10951
9344 22919
6612 84135
1432 80179
5693 84159
1915 6646
1368 51026
9667 84254
10528 84916
10211 64423
4928 6396
890 6879
163 1213
30849 112714
10084 114034
79073 79188
23060 55110
810 7525
3611 319101
8452 89890
7278 7846
162 8905
708 10845
11315 57669
54443 399687
1059 57332
7515 51639
6731 55907
5052 5888
581 10908
10159 27243
7267 23063
3983 54443
3159 6731
51363 80895
11243 79980
163 9632
26984 79003
1213 57706
3192 6210
2091 54984
5784 11224
8464 112869
9061 23530
3895 11160
9258 54972
4704 51512
4810 83667
6426 494115
81 1627
6950 55135
6801 7871
810 998
5878 133957
699 51366
26973 55100
58477 84790
4841 11224
3181 3188
2091 8354
6731 81627
84148 283489
5516 9989
830 79613
4869 6167
3184 22862
7532 29127
2782 10575
6731 9425
8535 22994
8338 9219
1213 55914
810 79901
6134 27043
2355 10025
10198 10291
5524 84162
8508 23528
23644 440275
3030 6731
26148 80218
6134 6135
54617 64837
10951 79968
54443 60312
3688 6747
55170 284217
6294 8148
4645 7168
25959 55605
4686 201627
5903 729540
51426 171024
79577 123169
10617 79621
3182 9232
27238 55702
1407 102800317
5536 85015
1459 10075
5431 8607
7341 9631
9197 10111
79003 283237
5291 5295
4088 84128
5520 51340
3276 6426
54512 57332
10957 23644
5226 55110
9919 10483
64978 65008
3192 90378
2107 51175
3775 54978
55795 196441
80218 128061
2317 2319
8661 51493
4256 79596
23291 84501
983 90580
23397 55027
2317 79901
810 1212
830 5756
8241 9321
23126 283489
1153 8438
5500 10409
4628 55970
4627 5357
10299 64946
9903 55858
1373 93436
29074 65008
4751 347240
29966 55917
4701 55177
8677 93436
10067 26092
657 4701
51026 284119
55605 64397
488 285282
3993 10347
27333 93380
9321 23255
55177 133957
10109 10403
1778 10492
4627 5286
3728 5878
51512 65125
1984 9126
8514 51143
708 5518
1666 2956
4869 7508
9531 81610
5080 5116
5928 9112
830 26030
8615 26003
6238 134430
8085 129831
10621 121441
7536 10611
1211 2316
2817 5584
3672 10456
9553 54534
5202 10730
51750 57215
3797 6840
6238 6727
4641 23384
1738 10013
10153 10492
4287 4299
8724 63982
2664 10890
7874 90102
6272 11060
55327 143098
6132 6134
5878 83985
5163 10659
2521 5935
4641 84081
25979 51026
10535 84722
3475 79921
25972 112714
5000 10951
6890 154141
10360 11224
1736 92345
7520 142678
5708 8658
1488 7764
22974 84458
54737 55023
5208 9877
4085 10381
51496 57410
5700 8924
6134 6136
1059 11004
10801 126353
5586 80230
60 135228
7283 79031
9209 11258
890 991
701 10989
2017 10097
22930 51593
8295 55578
2146 10075
5437 55718
3192 8971
22916 57644
657 4719
7464 11258
4646 11346
8502 29127
5708 7158
6134 79682
26277 54386
10452 84617
4723 5878
8819 57597
9092 24148
6607 54960
27333 84612
9419 112714
79848 85444
4172 51637
54512 57418
6134 80198
51430 54978
6566 55603
3396 65008
57405 83540
2771 11346
4628 10094
8674 116115
22985 26093
1627 3983
51514 400793
23046 24148
7917 54873
23170 27241
3176 7168
8878 25886
23022 121441
3678 7169
6301 65056
2975 2976
7517 26046
51433 57587
25978 79784
4839 6731
60386 114791
1211 4641
6272 22862
23065 284361
29127 79801
4625 123283
3959 10844
9314 84501
5576 729440
7203 9141
9659 22919
23019 29883
6801 9532
4149 51264
580 672
1213 54504
11116 57534
60684 79090
8266 55605
8354 55735
84246 92421
161 51512
11346 445815
3709 4641
7415 84923
488 9493
6169 6238
1104 8350
3184 54984
27238 84811
50813 285429
3192 60488
6272 9816
9031 10951
4627 5501
6731 117246
4701 93380
22995 79882
4869 7866
3801 9730
54972 58478
6606 646960
1627 23118
25793 26190
830 1345
2040 128866
203 22841
3188 26122
657 10525
3188 5352
8607 54891
5987 8697
8535 10971
5440 25885
5371 92715
9903 11160
8936 57224
8777 9559
84061 124602
6093 23545
55764 81839
10075 10142
10121 196441
9219 57798
4621 7869
9662 132320
64397 81930
23085 23607
2146 10951
6275 122060
5163 55968
8655 23138
6734 90231
9462 84131
60 10095
8761 26986
1153 11224
7464 29766
8826 9948
5500 27332
2317 5297
6134 6188
387 5493
10548 128866
60 23094
1024 112950
23255 121441
4627 22800
6202 25998
79780 112869
10730 79760
6169 9129
23515 81704
4627 23400
2972 387332
3609 55170
657 6513
1398 4926
781 57644
10848 25836
5982 9129
5052 7204
585 374654
8480 8655
22938 55858
2956 4436
7942 57533
5062 9815
1062 51251
5478 5936
84881 129831
810 2060
8819 79595
29922 653784
5771 10213
3192 57109
4659 54443
6453 10342
55108 84168
2975 22870
5984 8661
5878 23001
7879 79901
3833 84458
5981 9694
29127 55165
9926 11224
2972 5878
8615 22903
4628 7798
5562 8407
4171 4176
1487 23028
5518 151246
9789 60559
5516 57464
3066 10363
8615 9919
5878 25801
5531 55671
8036 9185
5567 8481
8615 9209
6837 64432
8615 55626
5393 64397
10959 221496
9218 11331
3646 27292
4619 5163
1832 163786
9774 26097
409 23242
6830 55718
6173 6238
5436 145781
9910 221749
3320 11338
4172 54962
51317 51652
6576 9218
26097 57187
5144 22995
54927 55177
27339 51340
9646 55785
10981 23650
800 10460
10989 55735
4869 58506
1499 2931
1982 8661
1718 2091
4116 162073
22848 51512
29088 54534
2817 10951
4751 8881
10923 54442
22938 100381270
7542 8615
617 4627
22919 55722
2976 5047
8655 197335
60 26128
23397 57181
9590 9859
3842 6472
5894 9521
11004 166929
7247 7257
1627 80179
79659 81839
23136 374654
6156 10528
3646 692312
8607 25980
476 84790
10294 112714
1892 7917
1024 400569
54557 55558
3836 9611
93380 441519
10951 79813
4940 28952
5980 10459
8481 64770
54821 80135
9774 84321
7278 10165
1368 51474
3161 8655
3801 10907
6844 8933
7534 23469
4738 8451
10574 57599
581 55814
8735 51244
114791 345651
203 84811
10528 55720
6129 6134
9156 147700
60 51512
830 2771
3838 29966
810 60312
2071 6731
2734 55159
6134 23367
800 29899
369 11140
23385 63901
65005 122704
657 9926
5111 57648
2317 8496
60 9330
85444 157570
6193 11224
6272 9847
11315 51366
24137 90550
6134 9031
4729 93380
9019 10458
6741 23158
54949 55035
11116 729440
3993 50855
57169 114294
6776 11342
3189 5500
908 112714
5438 58490
10025 11224
657 151188
302 23392
84859 197259
80351 113000
2305 85456
81 4628
10403 54875
54596 79830
9794 10075
11130 11243
5052 81567
10421 51426
9197 10390
2316 26030
6647 56648
55929 93380
8021 79902
5931 10363
10492 23389
23063 387119
1213 65125
5928 10036
6238 11168
51008 220134
642 56121
6744 84930
4439 9895
8481 22852
79003 127253
6747 80817
9917 93627
1024 8351
537 10159
22826 51652
657 10273
9532 10963
11116 55012
10081 23014
4928 7372
10450 51340
3020 84254
85313 93380
51646 60493
23397 83444
10972 51593
7584 22839
2597 375248
7586 197257
1387 22903
3161 55362
7257 56254
3192 54954
3192 3609
6238 54552
4927 23511
5518 54973
23389 54557
29127 90102
8826 10973
1104 8355
5108 55165
810 1072
5165 10694
2783 54442
2491 64105
5868 148423
983 114799
23352 64689
5518 78994
9129 51116
6603 9972
11346 29766
7917 729288
7278 9419
708 30968
4641 91624
2353 64326
391 10159
23137 79677
51026 51079
1639 6183
11116 30849
10328 83460
5371 57533
830 4292
9052 10159
3688 56994
6165 6238
54534 124995
51074 83460
2959 5438
5878 284119
571 51244
699 23522
3837 7737
5878 80728
4686 23082
79038 80233
8819 51538
3987 54972
7919 9774
9532 91754
3397 8896
3054 30827
29766 51474
7184 55159
23013 83706
1994 55604
28990 54433
10526 23361
7087 151246
8508 10574
23001 54386
4641 7169
5518 11098
7879 57498
1213 9260
2319 126353
6426 51322
535 10159
3192 22907
54534 116541
8241 151246
54442 102800317
387 57038
24140 54552
23074 57680
9218 54822
2618 4686
8655 117178
5245 5878
4085 51647
1656 55802
991 3658
3184 9885
1459 55644
6128 8563
3339 374654
829 23607
367 23197
752 7283
3184 5494
5869 63967
3192 57215
4641 9209
51143 55364
3185 203068
8036 55112
8451 10036
7417 7879
1911 8535
8881 84572
1107 6731
26986 134218
8607 54556
4641 10094
7013 254065
79939 93436
55605 124540
4628 9685
790 84790
5515 54973
818 54443
3832 6166
5052 7257
1627 29763
50813 83540
8087 9532
9688 9972
9662 343069
2935 8761
8932 10363
476 23392
2036 6046
84456 90378
2314 2316
10952 115106
9961 84131
11258 84516
9731 22994
2771 55327
10694 84790
23421 51150
7372 151903
5516 22994
4713 5878
1781 8655
54433 57486
699 84458
6597 50855
2332 7329
4580 90488
3914 114789
657 55967
4719 93380
5567 8615
3845 5825
56121 64432
5108 8655
25930 29763
10459 23468
10393 29882
3188 79832
24137 55558
8450 51138
4216 6272
6611 134147
4928 25909
6840 54443
7329 9972
9926 25923
7517 10165
10432 51512
4802 55922
3065 8360
6203 25998
2747 6607
4627 9527
6209 8661
2146 26148
4076 6238
3189 9919
829 4641
6142 54512
50804 79576
9903 51603
7257 25962
9329 91746
5693 10067
3309 57510
26130 51175
51244 147700
3192 6202
4928 7175
6238 9349
30827 54978
226 23397
56915 115752
4946 114823
5433 6829
22916 55596
4354 10146
10540 51164
2146 134218
10067 146705
26064 399687
3959 80728
571 23095
1374 11091
9129 10084
7171 26128
10036 63979
10097 79031
6500 200933
2037 5080
1627 2778
55755 93594
4869 10643
1459 11234
24140 79922
8330 51147
4300 22936
4628 9489
51073 92105
3065 57649
55327 154810
990 2683
5245 81555
7262 51430
9789 23478
9646 10579
8863 375248
8531 8607
4088 6926
708 5245
4085 55813
2317 51552
5586 5917
10772 54557
1209 55143
6229 10951
1915 27241
522 23421
5202 55718
51101 84790
50855 55870
7874 85313
1453 79939
51608 337867
9779 112936
4354 55110
642 672
7874 27238
3842 55362
9851 22994
6238 26354
64763 116115
1912 57332
3326 11140
2091 51602
55362 128866
60 23164
9525 83874
324 1495
27031 54892
3192 3608
6510 6606
9230 10159
8089 57634
23131 26517
5250 84790
23019 55571
1653 4869
1213 4646
3833 4928
7520 51750
9114 54442
22841 80155
9939 85235
1876 83746
10769 126298
208 1620
5500 7170
4928 11051
2521 3609
1017 1211
9694 84991
1627 170954
7283 253260
5689 5692
23471 154141
2109 10128
6426 9984
51604 94005
10286 22938
9218 114880
8237 79073
6606 92745
26277 79780
3796 220134
11279 84168
4627 5064
955 29127
6399 22878
599 57187
5576 23177
6500 8480
810 9824
22803 54962
5693 7337
10011 197259
8607 55257
1479 10921
54821 55794
498 84790
657 79026
6048 84790
1654 6426
22850 55844
10763 79922
51652 79711
9689 23708
64965 245973
5108 56946
27241 84790
9442 9968
7158 57646
5534 26277
3646 56902
5501 26064
9695 80205
9185 26973
54534 64981
55558 60684
6923 8237
832 1639
60 51474
23623 79837
2033 23242
7283 84451
9253 51512
10956 51092
2319 57498
4771 80351
8615 9685
4869 6122
4439 7520
3308 9733
1454 51512
54956 89953
808 2316
9743 10492
1627 55607
523 9525
81929 83667
9128 23307
25906 51434
10989 55526
1937 128866
526 55362
3959 6500
6606 6625
6647 55165
6093 6747
51426 83855
5869 8514
1104 1666
5894 11346
10844 29922
10651 90488
8451 55023
10013 79778
57187 197335
5095 117283
25940 197257
23780 64965
51538 54556
8668 10575
10845 55722
1453 9274
4172 8473
9212 114876
3065 10363
29072 29993
10808 84833
6790 51008
9525 25978
3983 399687
6048 25923
310 55704
8208 55791
55692 83658
1173 29766
161 1213
821 5567
3184 114787
3611 55742
1828 26100
5516 92105
1213 5119
25945 54892
6607 9518
23019 27044
439 51608
9767 54556
11091 29123
3726 51115
22938 57461
7270 112936
5500 6711
9662 63916
535 9525
7517 8661
642 8148
1613 5500
23071 80011
1107 9112
5706 10213
3614 93380
367 29920
7756 55110
657 9217
94005 116840
6836 8607
2521 9667
4149 10952
3735 10806
10013 84916
10767 51013
5106 5546
7266 26091
10459 84132
8321 79003
3633 84612
1104 5903
8653 11224
1781 5048
788 54557
25879 64946
5018 113457
701 55699
891 1027
3148 399687
7334 10749
6500 7514
8668 10694
26128 148423
6135 80218
51160 170506
10174 28952
3837 23225
6240 55602
163 1627
6809 26973
8655 9685
156 57606
51021 80218
26092 79670
26122 54556
6513 23385
5518 25939
9525 11269
84078 404636
6709 80179
1829 29766
4008 10211
6144 6731
1915 7155
8940 23607
3159 9694
9525 55909
657 286410
1287 112936
6238 6499
6830 25885
9862 51430
7203 55135
2733 7329
4628 23603
6607 51808
8563 92856
1195 5664
1209 84612
5993 5994
54596 259282
7278 9275
7391 23352
830 29775
9495 494115
6272 114789
5213 84131
10270 56252
4719 51026
8178 80143
8569 92421
498 3775
3832 102724334
2317 7879
5576 93594
25929 134353
8351 55735
8826 23164
2017 2316
6185 7879
8451 10920
27238 29127
8826 26750
55140 79677
4152 11004
54443 57553
6632 25929
1069 25824
1329 10959
4848 55683
3192 4839
22919 91624
203 25929
6232 23019
3065 83746
10464 85444
9197 26227
1073 4627
9559 9836
581 26098
5371 653641
4627 11344
6223 6238
2580 5261
6125 11004
8602 9525
81789 90324
830 5710
10376 80179
5878 10908
810 57486
7171 54443
10616 10959
9126 84033
5577 9919
5371 27089
5047 8604
11258 55320
23397 64151
5595 283237
3835 10018
4690 8976
9114 9218
498 54927
538 58477
9847 10492
51421 80351
5500 55930
990 90850
1967 6238
55644 57223
7905 23545
9928 11113
23603 81873
22919 55755
5052 53916
9968 54797
7405 9525
6238 29763
4629 93594
6418 49854
6015 8535
6418 29915
54520 170506
51430 202018
54973 64859
1620 5524
163 8905
3192 6201
22916 51593
7262 54442
1460 6046
55364 220988
6187 23014
4552 8621
2733 81929
5371 140838
11224 90850
1627 6744
642 3184
5567 79848
1969 2177
3993 9730
2801 10763
1643 10920
22994 85444
83692 147700
8826 29766
55215 100287932
57169 92749
8697 29945
1829 51474
2125 360023
9984 84248
9587 23241
8514 8729
6625 25929
7529 55835
10625 54512
81 830
10193 54922
23515 55635
6500 84261
9685 170302
22878 26046
10142 55755
1666 3832
5394 10179
25939 84458
2491 79682
121441 729288
6603 25939
8819 10682
6625 115752
22919 286262
2319 445815
8812 10921
5584 7551
3959 80005
11004 338785
4719 10959
203 1666
2317 115548
55110 57576
7917 8438
1073 10972
7533 10120
54439 80145
28990 79003
8615 65125
54978 79921
2319 64423
60 5756
54534 64983
23133 115004
10471 339122
6275 11143
25939 64393
6117 6119
4137 9793
9646 123169
51608 84833
4998 23469
9052 10097
3895 9320
8379 9587
830 140465
22995 23677
9877 55421
6500 57509
6272 26056
7520 129531
4627 29763
23016 54534
5518 9859
1399 80742
5888 8535
8358 9495
22852 93594
5567 10142
1994 23358
5515 6747
3184 10284
8661 9669
116840 146956
51092 389541
11043 55602
9551 84790
1373 3959
1915 6840
10921 84864
5500 91624
8615 51026
3797 10095
4067 7257
2146 8726
2316 23164
57169 80319
8661 8663
4869 57062
9694 10025
3796 51366
8454 10928
8558 57599
2534 4627
10959 22800
51 5894
5213 7283
9722 10452
6048 9183
1453 28966
5499 9878
10134 51026
30827 80335
4627 10093
23379 57332
10972 387263
160 8615
4641 8662
1104 23165
6155 55421
11260 51175
55425 57599
2976 6853
4736 6731
513 3775
23636 80223
8294 55166
5903 347734
55814 101060521
2316 23242
4641 23607
11224 54505
9857 57534
8021 23225
3832 84256
657 9810
25998 55720
4628 55589
6510 23385
3065 8350
10627 80179
79913 85377
4664 55835
55605 160851
6647 7525
1741 8546
5707 10213
23332 55165
11224 221035
80318 81930
9972 55627
5430 10856
29074 254065
55165 93343
23392 25994
51362 151903
1613 3678
8881 64682
3796 11004
4085 5558
23269 83746
4350 4869
1108 9219
7072 80319
11130 93643
538 4221
55135 64928
1601 80179
5902 10311
6138 6238
5261 8356
2317 65062
8241 84612
29127 54620
808 1627
5932 22974
65065 91754
9689 81620
810 4644
6202 6731
387 51474
9793 54535
57405 147841
23060 25923
57187 84321
7532 284403
8087 57187
3192 51191
5546 51340
4116 11234
3609 26093
6809 56886
331 3104
1130 51143
4627 51512
9513 54930
9793 64794
1725 5595
84991 93380
26046 55166
11171 26099
3065 22948
60 10989
5983 25998
8454 29882
4792 80728
1063 29062
6731 55193
9218 9527
6683 7251
22870 23111
51343 246184
4869 6218
23094 51474
1477 10575
11319 55667
60 80179
1063 113130
23528 114787
8697 51343
830 5286
2782 5082
5108 5577
5701 10213
8826 92521
830 23403
590 151246
7111 54443
1191 9662
11224 26156
4798 8607
3312 9531
2091 8357
5033 57606
1718 121441
3842 10952
3895 6130
3192 57332
8813 22994
29763 115106
4354 51616
8481 9532
10492 83855
302 5500
8036 8241
5436 9440
6208 6731
22847 51092
83706 124245
1063 10146
9260 22832
657 6624
23063 113130
23376 51637
4701 7879
8881 10381
1069 3832
5631 79791
6731 55720
4641 26037
7272 25929
4751 90231
11001 147841
219 151648
6613 7329
2109 9793
7840 80124
79169 221749
54534 57674
5931 6942
23397 84135
8237 90850
6418 91748
1026 9134
8826 642475
146956 151246
629 121441
10286 27339
7905 92840
2956 3020
5869 55252
7248 64146
6238 79039
10094 57587
657 9601
5725 25792
3646 6191
8615 23052
5903 81929
9611 51013
55364 79643
6396 9632
686 113130
8148 27332
3398 64062
699 55083
9061 27333
55558 55605
1407 162427
1399 157285
9183 11128
1616 23001
2130 9862
25930 129531
3914 81855
4790 4792
2553 8454
28952 28991
25949 51340
26019 65109
51363 55684
9112 10606
23505 94005
4508 23385
908 5515
7917 9958
29074 151246
642 7046
11116 23093
11004 51150
10079 84146
1994 145508
4646 399687
3184 3188
55835 64837
5261 8351
5478 8569
3309 10525
6272 57179
9532 30848
9859 55722
4800 56941
6731 10248
983 9114
9531 11346
23421 401541
9213 128866
84612 162461
4067 4627
10159 28962
3983 9260
7533 55835
1294 6622
998 4628
5576 9495
5111 56254
5091 9793
3192 8890
5693 56984
10806 55722
2956 3021
51474 60312
3726 55588
10092 11346
8480 9972
4298 23283
4149 25855
9371 10198
10951 84146
10121 10576
11011 25842
10651 28990
54433 79084
5976 6272
8881 79971
490 538
6647 64837
5516 26063
5500 11034
7168 30850
2801 8615
84108 84861
4869 10528
7001 10763
3309 54556
5878 9213
27243 100526767
960 10959
5261 8353
54520 404636
4074 6015
25865 25983
5693 9491
7266 11080
10036 81789
6731 8353
10733 171024
8678 10221
4625 25824
7741 29766
23020 83706
51585 55602
54737 84833
6881 51160
1601 2580
8826 55930
51514 55339
1063 5903
1186 4928
11177 121441
6122 10528
6173 6731
4137 6535
9559 23325
6093 10042
5711 151246
51496 51586
11224 23521
23607 56992
5908 55135
960 4627
498 10476
10885 254065
23091 440145
9859 22994
7871 85369
3895 9791
324 23291
8218 80179
1212 8615
4791 4792
538 64210
701 283450
10075 23510
8243 10475
10801 54443
7879 10128
310 9662
8089 55929
4641 5499
3148 10972
151246 162461
9129 11193
9141 10574
2580 57706
64427 93380
10951 83746
5520 10179
5424 10714
9961 51175
3073 22909
6731 11224
4088 51008
23607 25978
3993 23144
6045 10138
26133 57644
6829 25886
4628 158405
5861 23603
10938 64282
3065 10928
6853 84168
1659 51340
3688 79709
6830 151648
7329 55627
10153 10528
6809 11130
3326 7278
11321 101060521
51605 124739
10273 57224
5394 6238
204 56675
6134 6208
80006 81620
51512 102800317
3192 64318
23400 51750
11224 79184
5725 125950
8454 26046
5586 83590
1017 91748
4751 25906
10190 84790
830 54443
81930 83608
23309 25804
5371 8878
9342 26509
29072 51495
6731 56919
2064 9217
5987 10959
4513 6257
5045 54557
4627 4771
4719 5878
7168 23170
657 6646
7159 11228
5297 23603
6711 23607
5500 25842
6125 55644
51026 90809
8615 26146
7798 29766
9731 9738
6141 6238
1019 8826
1104 3837
3315 84790
10342 51540
3184 6431
5903 55746
10128 54442
657 90826
3309 23022
1781 51143
10051 54892
10528 51602
4645 8826
5577 8481
3184 8829
28952 404636
51729 84946
8100 11130
7168 345651
51512 85021
830 5705
10426 222229
6169 64321
8531 114548
1781 7248
1213 64784
4288 10006
51474 79026
9150 79980
3093 51230
657 2319
991 25906
79443 84890
2319 4628
2091 83732
3726 10992
335 9061
3797 22920
667 7168
4074 6045
60 90850
7416 10959
4627 27245
3726 4012
1176 9694
1967 6134
115704 286205
11193 23067
3842 9495
501 23071
10528 23521
537 6683
25885 79657
1642 55827
4928 10762
5979 7917
9445 81930
3192 5981
1627 9456
1212 8650
3183 114548
22862 51341
1213 115548
7917 9322
79598 121441
3192 84864
5707 9861
29882 29945
4172 79892
6418 9841
7184 112714
5577 9659
983 22948
5436 11321
10342 51652
5987 79921
11138 54534
8905 51602
6883 64858
2131 11004
4628 4644
23072 54737
2317 22800
5436 5469
1062 23650
1616 23468
9260 10094
2664 5867
57122 59343
11130 57688
8661 10480
7508 9694
8607 83444
10939 121441
6749 11224
1408 1454
9527 9939
9052 11346
60 51552
4863 23708
988 10286
6731 23367
9824 399687
3831 64837
7170 79003
7846 11004
6418 7644
60386 79760
7414 84164
331 9693
2677 7283
22995 54880
50855 91039
2963 5435
3832 26353
1073 2316
1627 286262
4580 9513
699 5339
6647 10016
58490 84337
11346 23164
9667 9694
6731 57592
3185 9053
4628 9828
6187 11224
6272 55705
3192 55781
8754 11004
8411 10540
7917 54557
2783 11346
10576 51514
1019 10580
5869 7514
6776 79956
4779 65265
5515 57117
657 3728
6709 10211
3073 7278
9859 84318
1454 84254
5429 51547
2319 23603
23511 51646
60 6840
3839 57122
8607 55003
3836 10856
65008 124995
8841 9919
7431 55226
4007 5094
3185 23435
22903 51512
657 10939
8476 51496
23355 57617
6134 55299
10959 27249
857 2319
5347 138716
6622 23517
7533 23077
7203 51175
1017 55589
9092 9128
1627 4643
1958 10940
57082 100527963
5725 55225
5111 5982
55140 117283
7874 10075
7398 64781
2802 79137
790 9532
10190 10575
830 10095
3993 286075
27072 374393
5097 152185
54512 92140
3008 84779
9329 55133
11190 79023
29945 170960
6748 10459
5584 28973
160 51474
10409 11346
2648 4109
25939 57648
6238 7407
3992 28952
292 23385
1969 51079
54534 65005
8036 113146
4354 4686
8615 81555
6921 51496
2935 79080
9349 9532
5518 51603
10528 65083
810 399687
8826 55589
10594 22938
56886 57169
9440 64282
9209 25813
3159 79149
3185 134353
1063 124602
3831 8554
830 11217
10363 55758
9061 9757
9188 9231
7267 8454
55703 84779
23405 79913
8655 23515
9319 11224
23211 79003
26092 27333
6241 25906
9219 10951
7168 26030
84079 112936
8189 53981
3797 11127
55364 151648
5584 84930
7461 8914
8826 26064
9525 9605
3192 29941
3726 10492
10526 114879
23650 203068
4998 27292
57187 128866
23046 55069
801 51474
3508 163786
5108 55755
5139 54442
8677 124739
338 440145
23404 115752
10898 81608
3832 4297
5245 93380
3837 5902
1876 8242
5878 54978
79921 81569
51150 57187
9275 10989
10980 122769
10390 169714
23197 84790
6272 22853
5516 28227
891 3835
2316 2778
6647 23517
8411 57669
11346 22800
488 54940
3476 10694
4869 8971
3065 57798
6741 55108
58490 80349
84759 122704
4928 11097
10528 25873
4088 23592
163859 339122
7266 10963
54809 285203
857 10959
2521 9582
5518 55756
6683 10548
810 2580
5119 23607
65056 92106
538 57003
3192 23076
84759 115704
6275 29796
3718 6150
3065 8099
657 10456
1374 3775
4898 5156
5567 9495
3320 8899
9793 55083
3188 4670
6134 11168
546 1105
1627 2317
445 51143
9919 56478
4678 8514
1464 2935
11258 57335
2237 7469
10492 81846
6683 57498
5604 22994
2317 5339
4437 55509
10557 25813
8260 55686
55858 79677
3066 23613
9821 54557
9818 23636
5519 151246
7082 10198
9662 11234
515 3775
23197 55142
1017 4644
3837 348995
54821 55684
27341 81930
29882 54499
84271 128866
2040 23607
1198 3104
2114 64928
5728 57701
6134 11224
2332 9733
120 810
5599 22796
6683 23607
10758 51175
10575 25813
1104 9883
6711 54443
5108 123811
1523 7167
6731 23774
1781 7520
8573 55083
8563 57187
9862 11130
10120 11258
10436 11224
9329 25824
3192 84946
7534 90161
84988 128239
23392 51092
818 1445
9948 29766
2135 51026
3835 84722
29088 65008
9743 10575
2317 23421
2580 9919
1062 23122
8940 57187
4026 91404
5393 23016
5931 9112
1062 9632
7917 51341
4619 147700
23385 90231
7517 10970
9553 79137
65008 116540
4627 23022
5927 57669
84078 256586
8089 146956
8940 121441
4641 7919
8428 10128
4712 124602
50618 723790
4627 135228
5494 26092
8535 9179
5500 63898
8452 54998
1029 6606
54978 55362
3796 11336
6134 51441
823 79587
7168 10409
5252 54512
8089 55660
26092 100293534
9632 93343
5955 84790
10426 114791
10617 374654
6396 9939
4149 57708
5894 8659
3178 3609
7431 51497
813 7517
57332 100532731
5311 5518
10363 54815
23215 26148
4067 51474
54487 83660
4641 10093
8227 121441
3184 83855
3021 51426
8735 9710
3069 80223
3832 7798
9869 51321
26091 55327
7942 9532
10286 56259
81 80179
25865 51335
8481 57534
9590 23309
9712 27338
51363 57480
5862 9114
25847 29882
11004 51256
5094 23503
54475 84501
10627 122769
6606 55012
5577 57534
1213 23644
8655 11011
25939 55683
5645 10075
3726 9325
535 51026
1741 27034
1104 8353
6731 54881
7464 10959
4869 55226
657 79143
2782 54442
2491 64946
5932 57187
810 26227
3329 7517
9133 57466
4627 4645
9262 9878
6129 8661
9611 151648
7398 57035
4848 84458
1153 3178
1340 9559
1173 11346
830 11346
810 8301
9817 55718
1643 50813
55166 401541
5528 9646
8312 139285
2316 126353
3065 84629
7257 55234
5518 9989
10284 26093
1340 8089
27072 51428
1212 9260
51317 117283
5111 10572
60 4641
7559 246184
538 90550
9052 128866
55700 57534
7818 8943
81 2316
6949 11228
5567 26127
5435 55818
11258 64965
1029 246184
81569 112936
7741 10226
51474 283431
3396 54534
56996 81565
9328 9330
2108 54557
25885 54596
23141 25842
4298 57332
6607 84928
7295 121441
51575 54433
4643 55930
5983 6238
10419 55644
8615 285282
2319 5770
5591 22870
6829 58490
4074 57332
6134 51642
22938 80232
3791 8031
6607 6625
7329 55722
2580 57498
1373 9532
84437 84612
11040 26517
3775 29956
2665 4088
908 10574
1289 1459
3188 10492
83461 404672
6426 8563
10884 11104
8894 54512
5515 29888
908 113457
3192 51077
2799 11116
5693 5705
3692 6238
10207 10413
9275 284403
6890 26046
3309 9612
9662 24149
1213 6646
7852 51026
3192 23173
406 1407
5586 23471
5516 55917
6950 23046
1781 22919
2923 4751
51523 124930
9063 112714
9631 55706
3842 58477
989 10801
1163 51053
3993 10042
26148 58525
6625 6628
3856 6606
2967 11224
9179 11154
27243 55165
30827 91272
3727 55509
8826 140465
1287 7818
7272 51191
55602 140838
9136 22974
1642 90488
64837 79677
4904 10492
9218 79777
51340 57456
3065 11176
752 79913
657 3320
490 657
4624 54972
54534 54948
2316 7111
10884 65005
1639 83658
5562 54332
55809 91748
9128 338657
8367 55166
4085 8502
5111 83481
3434 5590
908 51175
5869 25875
60 8218
7515 92715
9440 54512
8535 10616
1213 5576
22839 54892
3983 4628
3833 57572
2778 8243
84131 153241
3956 10159
9013 25885
324 2011
51160 84612
6272 205327
983 119504
103 80145
5091 7517
983 10575
79677 197370
7203 81569
4645 54443
8655 343099
6187 6238
55644 124944
5499 8148
8969 9939
10409 23603
8508 9735
7169 23603
55421 126526
6238 84717
5878 122769
2040 9218
7515 10465
3065 54828
54820 84458
4627 9260
6132 8661
4100 26057
9456 285527
10013 29777
1778 29998
5501 6840
3833 9972
5527 22850
867 5700
1181 116092
51750 56946
55166 79019
3833 10611
5347 26278
3678 5500
7184 113457
5435 548644
5717 22909
57617 79767
3611 134353
3831 6272
3397 6929
8243 23095
5216 10211
6272 81846
151903 339122
4659 10801
1801 9128
324 57584
908 55135
3707 51575
3801 114879
2091 8355
163 80179
9131 30968
80324 121441
6238 23016
994 7529
9585 54820
9321 10939
10075 57179
10575 26127
9939 192111
7037 23603
4628 22994
4723 55177
2317 3845
6646 51026
55930 399687
8295 221895
8985 23291
4869 8761
8021 81929
57558 64750
3192 65095
5631 116447
409 56667
8535 23187
2491 79019
8451 51514
7137 8165
830 23242
7204 7741
25813 80020
54663 254065
8295 140807
26277 65057
7534 22841
6500 283237
2316 6396
9662 54919
391 7879
526 6683
207 6949
26502 81839
5411 26093
6837 90390
23286 27229
6764 54443
80179 84168
5903 5987
8085 84193
9853 79643
9716 339122
5111 5425
7417 10959
64946 80152
3096 55602
3326 113457
5982 6731
3184 170954
701 51366
5576 285753
1017 4641
9197 79873
4641 7111
5111 10179
5728 50618
5982 10528
79980 100527963
2956 10038
10671 11258
9532 22994
3726 64427
5518 5547
11224 54552
6134 10951
2011 197257
6625 6632
1785 124602
5500 26030
10808 11080
9694 64393
810 2771
3329 7283
8655 256364
3181 3184
1017 399687
1130 4292
25929 54433
10286 51642
23065 51234
1211 4627
9183 60561
208 678
1368 2317
23195 29882
5371 100287932
54512 57050
7879 201595
2194 7283
5052 79830
54820 81565
79711 83715
22800 23603
7942 26148
539 51026
5878 58513
4849 6238
1017 55689
1452 399687
3065 5931
4026 5523
22994 55165
4750 9731
11224 25873
10627 103910
593 10611
1062 79709
9862 93380
25923 79670
2872 92399
5518 92105
57648 93380
55909 200734
4608 55135
93380 728911
6134 6159
5878 7417
22994 57606
208 9179
4116 64080
51026 64928
5500 7168
5515 5523
8452 23603
830 445815
29997 93380
7170 55930
8452 51138
1620 10459
1509 9939
23338 51147
4085 9274
23376 84256
7251 100526767
6622 134147
5501 494115
1778 23248
5500 6840
1340 81555
2040 5878
4637 8535
55914 80817
983 124540
1627 85439
5163 8569
10528 57696
4869 25909
4001 23385
387 8569
8697 246184
3337 9532
5878 8677
8517 56667
23411 51474
3615 10763
25843 26127
2317 55589
26973 55699
64282 84164
72 11258
23242 399687
324 222584
7111 11346
1778 6622
4869 26354
7257 23392
6238 7343
1829 5500
6122 6134
6238 64897
7095 9693
2590 9179
9895 84886
6015 64319
57129 124602
3326 84790
3831 23080
8036 9400
7112 23774
3673 57035
2319 54557
9147 93380
8881 90459
3065 101243544
4627 26136
9128 57222
5725 57169
10250 23347
7917 8266
1452 9632
1213 129531
585 11116
10951 11143
9314 55844
7182 8726
26098 79791
55802 221908
5906 8826
23780 441518
7533 9513
4705 5347
5245 7112
1075 7278
8315 22916
8031 55605
10535 51105
5500 116143
2778 57187
2195 3688
1104 8480
22994 55027
8291 23095
22919 146909
10054 10055
93594 374654
2316 5756
8295 10856
3611 10631
6426 54439
8189 55339
1627 10409
2040 4627
54930 55722
10971 25865
8492 54875
7168 8826
11224 25940
55215 55364
11258 29763
55835 64784
26093 51077
1964 6238
55706 81929
3184 55027
3836 7398
10097 126353
4067 4628
10111 51092
79901 128866
506 81555
9131 11331
6711 80179
3959 80097
9326 23071
1915 3376
1130 3188
57132 80223
9824 11346
983 9133
4302 8089
1213 10432
57596 220134
3550 84057
3835 10421
4627 11190
5245 51026
5573 5576
1729 79670
9218 23595
4728 9218
9789 51026
4137 81789
9419 113457
4478 4627
9984 23091
55559 121441
3091 10763
9296 51026
25847 51433
4609 51150
2314 7168
999 1500
3184 22880
8661 23185
26127 29966
5445 7283
8881 57587
1173 54443
10801 23157
10403 55558
3688 9319
5163 29920
1785 7248
3007 84779
25875 94101
810 7168
5518 25896
22938 25949
1454 8312
6152 6731
2317 10146
7542 9218
23633 79682
23195 128866
9188 10528
23385 51605
810 4641
6683 93343
3398 6938
57701 65008
10109 29766
23283 81608
10476 54821
3337 7283
22974 57592
50855 55140
9631 57122
2521 5499
5562 129831
9587 55536
7534 29927
57794 79003
4848 56672
6942 81569
10957 55802
3842 10730
4256 5954
9493 10921
5393 10528
9733 64852
10484 51512
6201 6731
7110 7874
1666 126206
6522 22936
27072 57617
22826 100526767
51474 84687
5562 23385
129685 374654
9928 84790
3192 10940
9070 30827
684 7112
1022 404672
9859 284403
6134 84319
3606 8454
5869 91614
7517 115098
11224 65993
1196 23061
657 2746
5983 10528
9903 51184
514 55362
5631 90293
23046 29894
5500 157313
4998 10067
3184 5936
60 6950
9859 80198
991 4139
60 445815
2316 7798
10094 11258
9685 9861
5925 26091
55644 57533
51069 254065
10580 26092
4836 6238
23001 30827
9777 51548
1213 4704
1627 5756
3178 3184
3775 3842
4641 57482
10528 54984
2186 3993
6134 57099
808 399687
25906 57587
22837 96764
813 51430
830 85379
5700 5704
6228 26986
54443 55589
488 5825
10193 29071
9704 11127
421 999
11004 23117
9738 55722
7879 10806
6134 11198
60 9919
6426 9582
5165 7203
4641 10160
5438 55602
1642 79016
5500 55075
10921 81550
8295 10902
60 10552
4641 11078
830 9260
80351 166929
2280 10452
5700 5710
70 5500
9919 221092
10073 26092
8697 9493
4660 5500
9169 11222
4869 6134
25896 79913
1282 22920
1192 23603
24137 57674
10574 84790
1212 9632
23397 64793
4627 85440
8411 57596
3646 6137
701 55364
5515 57464
55166 80152
8470 51474
1627 29766
11104 51026
80006 80349
51026 79143
6272 9958
4256 55127
23064 116840
5878 27352
1212 54443
722 151903
80153 221908
3833 55749
7741 57539
10179 51013
5111 55835
3887 6776
7804 79706
6882 10403
8225 11224
5979 8350
1069 10963
8338 25929
4088 9372
5700 5716
87 830
2316 54443
4729 5878
3192 55602
10390 284403
23285 23517
5518 26512
5693 8702
1390 56852
7514 8242
51073 54534
813 4256
6837 51003
10112 51079
4627 10134
2109 25923
8411 29127
1213 25778
6683 25945
1729 4035
4298 27125
9026 51512
5532 84991
9129 9416
10460 253143
6652 57587
1399 79834
686 80143
830 4643
4751 5576
51430 81875
3836 6597
4651 84318
5562 5564
64770 85444
80179 143872
1739 1741
11338 64781
7168 8623
9702 124739
22862 129831
55559 115106
9774 79228
4478 8291
9665 51512
5878 56987
60 2770
4644 29766
9939 10542
8573 221749
60 8301
3726 22828
8930 10112
8218 9919
3835 26586
9559 84916
3192 10949
6272 55299
4629 10092
5586 6646
8615 84445
1639 10540
6790 9314
3009 3192
7533 51106
988 22938
1213 8615
4149 51008
9416 22920
3912 11116
3925 7415
6801 11235
8487 25929
6790 51547
998 55684
4175 8914
5690 6500
3065 554313
1072 11346
6624 54443
56121 84661
9219 53615
808 54443
6711 11104
3178 100526737
51512 64784
22994 85007
128239 261734
3791 55739
7690 56675
2146 9978
5717 10213
7170 9260
8301 84726
5902 404636
708 149986
25923 54929
1111 5311
51512 150368
526 51729
7919 9984
5878 54940
3797 23144
3181 3192
722 1062
3065 84263
8971 9777
1453 1454
4869 6203
6596 51608
8924 9126
11224 51504
10179 51010
9326 9793
10613 128866
10464 55722
5493 11346
4292 54617
54465 123283
3646 6135
3892 6776
6790 57539
9984 123283
26063 51474
23588 51363
5433 5436
4641 6494
7917 64781
23405 192669
22909 148423
10548 23607
92345 400793
10492 55505
6788 79172
2317 5861
2316 57482
1387 10847
11017 64225
6134 6206
4513 7942
5435 11321
10694 51236
788 3184
3726 11143
701 991
3267 4354
5878 23354
5595 10658
2074 6731
546 102724159
79080 114548
6147 10528
57697 387119
8295 57634
7171 25847
4869 55720
11212 25906
10413 154796
6731 51602
11224 23567
7879 51056
55706 57122
7278 127254
6418 11091
5501 23603
26093 79736
9129 10606
6133 6134
5690 5692
8314 171023
23607 29127
1058 54499
4869 6229
1453 8312
11346 23603
2553 2950
8615 222584
7283 51150
60 4659
11212 113130
27072 79035
5371 653643
94005 115106
6674 22995
5529 57224
11346 55930
3959 29922
5931 23309
26064 55930
9218 10390
23175 25929
9429 10211
11258 92749
3337 7266
4629 10096
3482 3688
1718 9793
51366 55035
215 5878
3192 6135
63967 81790
54865 83460
8481 9662
2802 8452
830 7169
8402 26092
9525 9824
54535 80124
7037 22870
6606 84928
1072 29766
1870 22995
3633 3725
4641 10627
9722 147700
10006 65059
1062 90933
8295 112869
9587 83874
3192 79009
55823 57662
857 9218
830 1627
103 3178
22837 22850
8331 51147
55142 197322
4646 80179
4628 8218
4641 8241
6731 9212
1062 1783
55689 112869
1627 91624
3309 10963
22992 92421
10959 57498
9329 57332
9939 11187
7581 10749
6731 9816
51251 440145
3178 10180
821 2629
2934 4628
7126 399687
7072 22936
10769 55669
10574 55605
4641 85439
1373 4085
6272 146956
3104 26097
5518 11234
5546 7804
29966 284217
4144 51608
8569 58525
51678 55327
5862 54927
7112 79960
6764 23603
6141 254065
4869 6157
10328 93380
80179 140807
708 79697
10527 259266
5435 100820829
5888 51092
5516 5531
1912 6015
7203 8439
3842 54535
22909 57708
1783 51143
90378 203069
29966 85369
832 55930
5515 57697
9218 23586
740 54534
6134 54914
26098 81839
9141 10576
6607 25929
6301 11171
5356 151903
6908 79643
11113 54443
5825 128866
9632 10075
7384 93380
25923 64080
1627 23242
9700 124602
3028 10528
25978 54962
4641 57175
55752 57673
4627 6709
2597 112950
1876 4149
1213 3092
10159 84317
54475 161424
2547 26277
25939 79707
23385 60493
9361 9793
6152 8661
7203 57599
10749 23136
5018 7278
1213 30844
3799 9824
10921 53981
6142 6731
1627 445815
5213 23376
1660 3192
4580 8940
830 81873
3020 57599
8661 8668
22994 123811
4298 79707
6188 8661
983 57688
8036 23089
28952 170622
4627 22832
4643 9260
55011 101060521
4297 10951
830 4967
5979 10492
23376 65992
10574 203068
999 8502
3192 9652
10951 23338
8833 57599
1453 57082
6522 11004
5431 7266
6238 23367
8607 54799
3925 79033
3958 5595
4869 113251
9847 55671
25886 54958
5436 5439
54148 65008
3958 5518
2107 54557
3096 128239
7159 7534
1892 121441
4869 6144
11127 56259
23438 64601
3726 54995
5111 26984
3030 4609
10513 55110
55671 56949
573 708
996 57680
10075 63971
6238 51065
51512 51726
9984 155435
5771 79767
9015 387332
10460 375056
79003 84294
9777 55536
11279 27352
8454 23014
91748 151987
4869 54881
11116 64770
10202 10460
9342 10490
1212 6942
8473 51507
3329 11091
22995 84333
8607 55011
9217 51026
6731 64769
1153 10528
4149 83746
8615 51512
51606 128866
11198 54465
1615 5586
5297 10492
6203 6731
2319 23064
5435 25885
6494 8826
708 114785
7257 8655
8826 9208
9100 11224
11098 22938
2091 10419
3691 79760
5595 8266
7257 8314
25980 83460
51503 80155
8218 51512
23385 128387
23613 55205
25930 57102
5888 91748
5500 9824
3020 5156
5644 23376
5692 80011
2935 5204
11331 26127
1329 5878
5700 5708
10844 121441
6647 10999
5500 10694
1627 11217
9968 22794
79443 79707
10376 84790
7905 57572
6731 25873
9875 11258
11196 25865
1173 10651
10808 11260
54676 80198
55352 58525
3646 25998
6272 6675
9919 170302
9126 55346
6625 7295
11171 23185
9218 9600
11346 81873
79003 79767
8668 11171
25879 54820
64770 80184
6837 55558
830 23384
3146 56675
6238 55755
9882 64837
8452 55975
3833 81929
3726 55090
6731 90957
6491 8089
10848 22919
8087 84790
2114 203286
80198 146956
10078 22995
25842 84529
60 81
832 11258
6418 374393
8574 9646
3178 8446
78995 120892
80124 261734
521 3688
10907 200734
1452 2547
8314 253143
10342 100526767
54442 92017
113130 221184
10763 55704
1741 9821
5977 151246
6093 57181
4646 7168
5831 84131
9053 9989
79023 81929
8467 23014
22936 57488
324 8312
8508 84629
8766 54521
5584 55035
5965 10492
7168 57587
11104 101929876
7812 57169
6400 81502
51512 259282
5984 10528
857 55177
3337 10808
7267 11186
3993 23247
1063 79590
3842 8803
6921 25793
10951 57062
83667 84219
324 8379
10146 338657
6611 10848
23255 140710
64975 65005
2091 6238
10856 57132
2872 55558
160 399687
1062 53407
84444 347240
657 285282
25923 285282
54499 89953
6711 10211
7517 56704
37 9793
6185 9777
1024 9412
50813 51138
387 10159
8535 23753
2319 9052
6134 65083
10458 55971
79682 401541
3842 10694
830 5099
1130 3842
23644 219988
54556 55257
6419 123169
10627 399687
160 23607
55509 58477
1062 1936
5170 54442
10179 23095
2580 286077
7283 26071
22919 23122
1454 10458
23383 23468
10989 148022
9685 51512
1643 9978
22995 57509
4670 26093
23392 152185
2064 10855
9518 10055
6134 6160
1445 10969
4204 128866
4627 29944
112714 128387
79813 83903
9525 53407
10634 51750
1073 2317
1017 84875
23708 79718
4627 4660
4946 283209
4627 84790
11258 54433
23398 151903
9667 220988
54386 57179
5577 84318
9610 11130
10492 57335
445 7391
26086 83855
140710 256586
3675 3688
11228 57486
5111 51514
9948 11346
2194 3832
60 2934
6272 22894
10763 55626
5599 80742
8409 55671
534 7879
6093 9475
2491 55166
2037 89953
2114 9328
23780 51426
3796 5579
6908 79101
1017 1613
60 1368
57534 343099
4641 7798
722 26093
23285 58513
4735 115704
7417 11116
23071 54566
11224 81550
6605 9274
10464 57534
5192 5261
1191 2923
1627 57530
10084 26121
7533 284403
4928 7329
830 3709
6731 64897
30817 51143
5515 55917
56852 119504
20 10981
11116 284001
1181 10929
3977 51026
11116 51517
1315 11190
4999 125228
22826 116840
80179 81873
1459 23271
8243 23244
4619 112936
3192 7311
10248 11073
8766 80223
6427 7917
1062 9377
3956 51026
2935 5033
4646 51512
10985 84790
6921 387522
51535 56339
7520 124944
9527 10159
1653 4628
10847 83540
657 3315
5888 9903
5516 6950
8517 9230
58490 84310
672 84950
10096 399687
8031 23095
8411 80351
6385 51474
1642 84254
9128 10575
8815 10951
5591 10856
79991 220988
2934 5500
25906 119504
1639 23650
1627 6709
8697 81790
3984 84324
708 857
50618 55671
29127 64708
2146 8539
324 5318
8243 27339
54464 80218
9694 79002
8658 10112
4085 23191
5708 10213
10651 54539
3842 92745
810 2314
1627 2314
6500 84678
7278 10576
27349 51652
6272 201161
2146 54919
5567 5577
1616 9031
3842 57003
1783 5048
9567 23708
2074 6134
7905 55364
9320 10112
3993 55272
3633 83540
51562 112869
9550 245973
6257 200081
8574 22994
808 9260
6134 6175
7812 8446
3832 9282
3726 9521
9798 25930
6872 8452
10746 10971
701 29882
3178 3187
3192 6141
4175 79892
10221 144983
9817 92345
2534 22919
23567 26093
3192 10607
7515 9569
9392 27072
781 29994
2146 23512
3188 5831
9218 11160
5436 54797
3796 64699
29945 246184
23644 112869
7150 114548
310 55735
8208 9219
5256 7917
1017 192111
4869 6138
8358 55735
51160 54978
54534 55034
7879 81555
51512 222584
224 7283
2706 22841
10528 65095
4690 29102
9218 653519
1212 2317
7159 10413
830 55589
5584 7515
9054 9646
983 51596
23094 80179
54891 79913
1017 23164
3833 51642
7533 9454
2629 10525
9984 79886
22994 23093
3189 92106
8968 23133
7917 51548
810 81873
4149 58516
7905 22992
3184 23196
657 10409
5954 54442
10694 121441
1062 89796
8666 50618
25998 114294
23122 140710
4801 4802
2873 8451
22878 60684
2071 11224
8697 89777
6139 11224
983 3801
989 23176
6124 84318
699 9829
2590 8438
8148 79811
1453 127253
1454 8481
56061 89953
2316 51474
2319 57530
440145 653784
10694 116143
3601 5435
23019 125950
55830 56886
160 1213
8451 8533
3309 9810
6801 10574
9646 23248
5710 51608
3609 8148
9989 29927
27238 64216
6607 64834
5311 56675
7520 55004
1793 6606
662 9183
2747 84861
657 9798
4152 10112
9939 286077
55761 56675
7416 26127
4735 23176
2011 79033
6238 51637
5590 11128
6611 84726
7874 81545
9972 348995
7112 9221
2590 9061
657 3716
10342 729852
4810 124739
22841 22994
1856 7126
79598 347240
966 4627
657 58477
6238 84864
991 9184
51474 54443
5499 9972
7517 90850
7517 9440
23385 79139
6764 10211
9585 22992
7168 11346
29927 57122
3775 7922
861 55722
9112 57617
27238 55814
55110 80006
6608 79139
9968 10952
10426 121441
8021 9818
960 10523
10651 25813
6134 64769
4105 245973
51474 57003
25886 157570
25764 80218
6176 25998
5411 9939
6711 55930
23376 26985
8089 10073
11091 57459
5595 387522
55177 79143
9231 9851
998 56990
10179 124245
10492 57062
9972 55746
22907 121441
22933 54442
5981 26148
7529 10746
1459 4074
3726 8019
6942 25942
125058 284076
7529 9493
595 686
5693 5708
126917 149986
8826 10097
1024 9440
3093 5514
4625 51548
989 4627
7517 10992
1643 2873
6134 57532
85378 222229
10211 60312
23383 56683
4430 7168
8295 80314
10146 64135
11186 11234
2319 6840
4641 26521
7027 81620
5576 11214
1181 27238
5531 10574
54820 81037
7272 81037
6125 10528
70 4628
387 10626
9810 27338
3833 5253
64770 153241
54442 112464
3181 93380
1213 4952
63982 259266
11258 54596
3192 8661
8243 8574
55626 79016
6238 83590
3065 57708
51776 79003
3718 256586
51575 57224
4641 51586
10120 10694
26277 79571
9605 128866
9632 347734
11198 55166
5034 9939
9821 10972
5432 29127
23020 53916
7533 10971
4437 51143
1290 23291
8711 9919
5518 10847
5903 10762
5286 8301
1616 10951
5347 5932
11331 79073
6790 10025
10763 10769
490 3688
10528 57488
3796 26046
4629 29079
8655 9203
9532 10049
5201 55605
156 9128
581 83608
10376 112714
9804 51474
1445 1831
3801 9859
23603 26063
4149 10942
538 441518
10193 23138
7917 10312
10286 26135
5514 7517
2580 139741
56992 84245
526 5878
4350 6238
5903 57003
7917 22862
6134 55505
9126 138474
1616 7343
25994 56121
3607 84148
55700 84790
4713 7879
5500 5756
51474 85439
9360 26093
3434 84501
9926 10456
3185 100526737
6134 6311
6134 54552
10092 51474
22995 55914
3192 9349
22938 55696
3832 4999
1294 124602
7084 25906
2317 3983
28952 29099
1453 5576
4711 90378
55012 84318
9467 51474
9559 10444
1915 8924
8533 50813
5878 6890
5747 64601
5888 6093
2618 9532
1662 10528
55671 284611
4627 92521
3837 84928
6672 26046
57708 79682
1212 9126
9919 84726
1454 3796
10049 51366
3836 10474
3726 155435
22800 55644
3688 6510
10128 440275
302 1627
27109 79621
51646 84061
3932 23271
54433 54534
55166 201254
1104 84928
8677 9342
2146 50618
57534 81037
6183 54737
51079 202018
6046 54904
10772 23065
7533 9493
9525 128866
10093 54443
55722 90102
8826 85464
10460 285527
5693 8458
8697 51433
4659 399687
5119 8607
7203 9128
10180 64282
4430 25813
9767 51147
6129 254065
60 26037
1315 6942
8638 55362
54737 138716
490 595
9092 57082
10611 55830
118 667
55651 92345
64770 197335
54534 85377
1062 29843
6612 29074
5501 56252
3339 83715
83640 146909
6157 8661
1829 128866
54439 196441
5566 5577
7917 9847
6134 7913
5436 51003
4678 56474
10084 55667
10011 51426
8655 150864
57215 83460
5337 54556
5903 5905
8881 79158
9184 84162
6890 7517
25842 254048
4686 6647
6389 54949
821 26092
8357 9495
54972 55082
4288 9197
26233 84078
22841 374654
10093 80179
708 10211
3009 4869
6227 23376
3728 7879
10989 64145
6229 8661
5576 9659
847 10096
79621 153090
51523 170960
57456 387332
10006 55845
1278 5868
5566 7283
6647 22800
989 30827
1212 5286
5567 5573
3192 5394
7175 57122
57606 256586
4101 245973
7283 23095
1857 25923
4627 23263
6840 8735
5770 57092
81572 101060521
6789 11186
10073 51143
10959 84317
3797 26517
9774 9967
10236 220988
26227 51512
51234 93380
57536 64770
5515 26024
6134 8394
22974 55558
25939 222194
9128 10576
25873 54737
5576 8655
2521 27316
10763 23304
6890 51092
2976 29899
7879 10159
29127 90231
2319 81873
7283 79659
22852 54462
4637 8826
8914 125058
9521 22839
6281 51474
661 5435
5931 9219
1642 2072
8607 10382
5245 9694
9531 25957
1063 51626
7517 26284
7534 64708
976 57082
9262 10067
3309 5705
2580 100526737
10016 55644
10921 23131
6143 8661
4627 55930
7994 10921
6418 7776
2778 55177
23379 26127
5438 6829
4627 133746
10211 23607
6240 79621
983 8621
1452 8615
2314 7283
10921 338657
5245 8165
8668 10576
8602 84501
3833 56943
114823 196441
2316 4646
10492 201161
23534 56852
2319 55320
70 399687
23061 93643
2125 8502
7871 29966
4176 8914
55421 79228
63035 84759
4628 55722
1828 90378
2932 10849
6494 25847
2931 10023
29127 84159
5682 5693
810 7111
64770 79848
9632 55166
51028 84313
810 26137
4860 10972
9014 25885
805 2317
6146 6731
4998 6923
998 10092
2060 5500
3837 157313
11104 80728
10492 29123
3646 6210
5757 10492
51026 387263
9530 55802
3835 3987
5714 9861
9585 148423
1062 5139
3320 23517
22994 121441
11224 60678
6839 10951
1060 55166
8417 9342
10542 122060
5306 51143
8661 51504
8089 64431
8655 55755
6421 55327
9013 92345
55729 170960
3726 3842
5987 29127
23093 64770
2091 79084
7404 10749
11346 55589
26512 64859
10403 83540
11331 51474
657 135228
6235 8661
2316 3710
9786 10989
10959 83590
4172 10557
2332 3799
7013 57187
1639 27089
2534 54443
84376 121441
8766 57498
79180 399687
10951 78994
8661 55299
4088 57181
4287 91942
6731 6780
25843 29966
23517 55644
7534 54439
3074 79677
2589 7046
54443 85439
25793 51340
26092 55686
9371 9517
2664 55726
22974 23142
4628 11331
10492 50640
4085 8655
6134 55003
23397 64837
9878 79577
55229 55746
4088 5436
5048 90317
84790 84928
810 7407
27072 55823
1062 51143
2762 8658
10112 84461
51026 55967
5108 10464
331 9793
9531 22832
908 5537
4116 55110
5537 10576
10381 54462
7171 8826
3835 51317
9218 284119
4624 6272
6418 10155
10181 93380
213 6647
56061 84516
5500 84168
7533 10929
8668 11198
4077 51512
22920 56949
79149 124359
8314 11325
535 708
5903 94081
5529 140710
54890 80145
23285 79882
1212 27327
3678 7111
7884 10460
9213 25930
51150 286205
3725 11016
23061 55509
23511 147841
5469 9968
11098 22995
4007 80205
7874 22868
5139 284403
1968 7266
6238 55720
6607 57662
6728 55421
3837 23633
54737 84501
874 4288
7227 54442
5580 6168
6194 10528
1017 26136
9590 154796
4216 116840
3066 10951
1213 9026
3192 9678
8661 25940
3065 10576
3832 8355
7037 51026
9218 9694
9821 79921
8661 23215
26100 129563
23613 81556
1937 9585
4869 6194
156 3842
4725 51026
10460 63891
1062 11214
5436 123169
699 84263
1368 22919
1642 4848
6134 55226
4149 65125
51517 56675
6426 10250
55339 81608
1213 8470
11260 54919
6788 11186
11198 11224
8563 10749
9128 9733
10067 57534
4627 5932
7203 112714
8678 27258
57480 114791
9984 10212
983 4597
5566 9495
3315 54442
10458 57648
5537 9701
7791 116840
9218 79143
9824 55930
24137 26512
1073 80179
7251 25930
3726 6829
9014 387332
4725 10075
57007 143279
3298 23141
90231 114548
226 57617
3065 8370
22832 129285
54557 79759
10534 80351
4627 286262
142 6134
51479 113000
9700 81844
1503 8724
7168 8301
890 1163
10694 90231
23167 23285
5036 6134
26973 153241
2956 57179
11009 29127
11224 27335
4628 10092
4298 6015
7052 8476
58 51474
476 657
2580 55589
11177 128866
2629 7203
6134 6161
92922 112936
10075 113146
8673 9342
5500 165324
5688 5692
4792 51003
10057 83667
64837 170302
10921 24148
1915 84790
8148 23272
9100 25998
10528 79922
821 9197
6741 65008
9202 10951
832 29766
10521 80145
6146 8661
10651 55177
3301 7517
2040 26127
830 85439
3791 7589
5567 11116
6272 54873
22916 23633
3192 23291
7586 9919
50813 90293
23613 51065
54442 84159
1912 6272
4627 10095
93380 284361
9933 10286
1958 10001
8813 91748
1173 2316
6625 50628
9793 122060
8036 79954
6238 9188
4751 29882
3833 11325
6418 10168
10075 84294
5435 101060521
6229 11224
6238 9567
23031 23633
11276 27229
11116 22994
54443 445815
5436 7841
573 64841
8451 25945
6135 6731
4298 5987
1062 81892
9126 10274
2195 8508
5515 26512
3326 122769
23603 85464
7917 84669
3836 23394
6272 84135
11034 399687
7283 9817
810 26064
10528 23338
5898 8574
6734 26133
84572 246184
8615 10188
5590 84612
9946 129285
26127 112464
1620 2956
908 5531
1965 6238
6811 8615
2316 10094
3192 5983
6731 54888
9757 57187
5584 50855
23019 85456
60 22998
79003 93643
1836 3959
55075 55593
113130 148022
3959 10942
23176 55752
7936 51497
7111 8615
55839 64946
4174 63967
4869 8343
3796 9828
10095 10097
10884 51514
10243 113130
1104 79902
6294 6426
6709 10972
1894 8178
119504 246184
3796 7272
1643 6950
4869 6159
27183 55069
1063 151246
51184 101060521
830 85440
11346 399687
3298 10179
10614 55142
22856 51026
2539 22938
10159 23607
6950 7203
4641 29766
57701 151648
3646 8661
85444 729440
2314 55930
1173 8301
9557 79137
5537 9181
8148 23239
3309 23197
3895 9933
4641 55898
9694 55379
5500 7798
657 11160
6894 7917
5892 10526
10959 79143
8294 54465
54596 55075
29099 54520
5965 51026
23759 54934
3192 79697
5692 29102
3305 3833
6093 84722
4869 6169
5935 11224
1024 8352
54948 65008
5478 9275
4848 154043
5435 81857
51280 93380
4627 92922
8777 10413
4729 9218
7278 7905
5515 23152
4085 129563
6272 8565
23304 54534
23646 127253
891 119504
80179 85439
3376 10806
6731 64794
55177 112464
4645 221150
10573 65005
7087 9733
6599 6602
5604 155435
3796 27109
8233 9694
156 9646
10248 25998
6938 29966
8175 9694
6840 10120
1130 7818
8502 83706
4299 57181
6203 29095
6646 9260
10067 54821
722 4149
8148 27316
1213 22848
5595 23199
7278 55558
2956 9853
11224 145482
51439 55177
7298 113457
9373 10013
7168 7464
23074 83706
6731 55178
1616 11143
4085 64682
5711 79660
991 51434
2932 54566
9733 23077
23404 55558
1936 3895
11104 58478
829 5099
829 4627
60 7203
4627 60312
6711 51474
55108 55119
7283 10963
4641 7405
8661 51008
5139 64946
7520 79834
5496 5936
10972 23528
1613 23603
3250 5393
6169 8661
23528 79778
5515 57224
9984 115201
810 85458
92345 387332
5129 8087
10097 10574
2590 26092
80198 387522
6837 9441
25813 124245
6613 10055
5693 10213
6134 79039
203 6558
1642 8450
8607 51602
3104 8683
3646 6224
9646 84289
10730 54821
1024 6936
22995 56941
58525 79813
372 22908
65005 116541
3959 90480
65005 65008
22919 93594
2316 3148
51750 151195
3482 84501
2319 23242
10179 11258
7741 23107
25937 55327
10528 23367
29127 57553
9590 79643
29028 80218
23107 57187
3310 54557
501 3796
160 2317
4088 5936
1408 102800317
6134 9100
3192 60678
5048 54820
11091 284058
6646 9632
10159 28956
2316 9948
58509 339122
5710 55644
51474 115548
891 11001
3188 389677
4216 81556
9694 10291
6197 84193
1778 1781
830 8301
23385 28987
28227 51512
11234 55110
6238 57404
3074 6647
1213 80007
5586 8879
10694 114799
4085 100527963
10142 57187
9183 148223
51606 54442
5878 27032
8148 84280
1062 51162
5099 7737
1213 51382
54386 64858
7266 23383
23528 197259
5903 23279
6272 55601
8658 9467
3993 6840
5430 8607
6092 10749
2799 4478
9531 10188
3065 8363
5985 6731
6093 162427
5783 23376
5982 6418
11319 25980
2319 9218
57448 57599
3192 10528
26153 57606
514 29882
2782 22948
4627 4659
689 5586
9493 55165
8241 9694
7541 10492
6836 57187
9559 205327
1062 3064
998 2177
7536 84779
9559 10491
5888 55605
642 10492
10286 55671
3652 128866
1181 56667
11319 94056
3845 145482
9652 80349
10575 60626
3832 6147
721 26092
11140 24140
8148 54487
163 51474
10606 144983
4751 56941
2580 85439
23644 55644
1213 25813
11224 100532731
832 51474
9219 26284
6747 51143
3020 9793
5631 5634
51256 55027
3192 6124
8450 10920
6202 6238
2934 10097
2802 79682
4430 9260
3708 404672
9939 10134
10121 83658
5430 5435
3678 7170
1459 9412
1213 222584
10999 29966
8662 11224
8487 10575
25909 57122
3184 7917
8361 54465
160 4627
10898 51692
4085 57539
8661 10399
667 1627
10989 80179
1859 387332
9410 10084
7278 10376
3775 7037
9092 9410
25921 51474
6015 23429
6606 9518
2355 64326
6500 64965
26750 201627
10528 115098
1445 79759
3983 4627
23595 55137
8089 54904
8411 64122
23385 90550
3688 10616
6241 54949
6152 6238
23170 54460
4645 5500
4173 4175
4998 6731
10989 55177
4609 5604
3015 10951
9070 23067
51026 81555
991 29882
55142 58472
642 7874
2103 22985
4660 54443
114823 220134
7171 399687
1062 116447
22974 64708
25939 29127
29127 55638
23376 23411
3646 6188
6272 79834
648 6015
4215 51433
3184 8887
8924 124602
3178 10236
23133 51388
178 79660
5595 5936
7846 8615
9919 10270
2664 25940
9939 22794
5783 22862
5515 10694
10095 23376
22908 26958
5202 80349
55327 56852
830 4627
8667 51474
6607 6628
79682 201254
3313 54949
10844 114791
8826 10409
79677 84549
4172 54487
4000 7112
7283 10383
79598 153241
2580 29082
8607 125476
5500 284695
1407 1453
10455 22974
118 7171
8607 55718
2802 116840
84617 84790
4627 284076
23397 55226
2580 4641
55166 79172
8487 79760
1975 8260
8932 22821
1639 80179
22995 80114
3184 10772
10611 10928
57120 79443
5954 55704
5080 64062
1075 5599
6293 55610
11321 25885
23191 124602
1211 170302
10142 11116
7132 10492
5590 10928
3796 51608
9662 26005
5584 6741
1212 60386
891 1163
5725 55027
3184 83660
55602 134553
1314 9276
5371 57082
8936 10006
3192 25871
10999 201627
523 5878
8881 246184
9125 85456
8697 26098
896 1017
23133 221927
800 3832
6234 8661
4641 10181
8667 11224
10801 50813
5705 10213
6608 11011
9412 29127
6558 55602
6612 55920
9349 11224
5531 54433
829 4628
11344 23603
6494 54443
9798 10342
6046 170394
3726 10025
2317 54443
2108 54512
5501 80179
5903 128866
3021 3065
29882 64682
55140 140710
3726 58472
8106 55170
23392 196463
23019 27125
26097 84501
5163 57169
8655 23376
7014 64858
2091 3192
890 983
9274 26517
4869 8339
9656 10951
26148 80135
54737 163087
7879 84317
1017 2314
4621 5052
4660 8826
3775 92745
3837 3840
10238 10576
1104 440093
8481 9738
51512 55589
6683 100526767
9984 23144
5436 81488
3075 64601
5108 5515
11116 27333
1783 83658
409 26056
6426 85379
22948 29966
4869 6130
4928 9688
4625 6709
3646 3921
9274 80742
10093 29766
7514 64859
245973 266740
8355 9495
4629 6840
8314 221937
11116 152185
10528 56257
1289 5518
51121 84148
4625 6882
4085 10061
535 1213
2125 10625
1287 3959
4905 100526767
2103 26091
4928 23225
9939 254065
29781 54892
10492 11100
9147 23157
11091 23269
3250 6272
2305 79621
11224 57648
9128 64852
23607 114879
9128 163786
3192 10643
11128 55718
1017 3148
22878 91754
5201 7203
8353 55735
8450 10987
6944 8295
23189 55605
23218 26148
6272 57697
3726 54815
1643 7203
57215 220134
55177 284119
4627 121512
4686 221927
3298 54726
301 657
51426 79670
4609 51776
2935 51637
29127 389677
90231 162466
6646 55362
7813 128866
891 8574
1294 4792
6222 11224
64859 65123
6238 28987
10342 25836
6647 51593
23603 65062
11130 51244
6015 7874
9585 26000
2108 3184
204 4137
79590 254065
2050 6500
1655 10286
1459 7536
821 4012
8451 57662
8028 286205
3184 9939
5034 81608
5139 54462
10128 57405
830 128866
79791 131118
9112 114825
10535 84248
23385 27248
54919 55183
701 996
5116 29127
9219 57459
7203 84790
84444 129831
50618 728689
23603 112464
10972 84333
5518 5528
10959 30968
6275 56987
6421 11224
54922 80143
6608 7841
11224 55269
4750 116447
95 9179
5478 389898
83660 83746
8481 79664
4695 93380
9810 100526767
348 3932
84265 101060521
55154 121441
5519 9989
9217 25923
830 7171
4176 63967
9818 23165
9188 25998
830 1601
9698 9919
3833 3838
26271 119504
3993 79365
256586 440145
55142 64146
9126 23063
3178 9919
7270 29899
51678 54922
8569 201627
23138 55722
11346 170954
9631 64779
5216 23031
124565 163786
2547 7518
5518 7703
11346 57175
5979 6272
1294 9212
813 116840
3184 10196
1915 9662
10959 11160
9939 29777
60 57559
10801 445815
673 7534
1287 5163
6426 80145
4686 23517
10492 55558
7168 9824
701 55671
4736 79682
5500 6712
648 23492
3184 4216
5591 64858
324 8930
3895 55219
3646 50809
10575 29966
8615 9570
9213 10211
6712 80179
1104 54620
55177 55967
1062 219988
5878 6597
4670 50804
6747 56121
5566 51512
4649 8260
9183 55850
9260 55930
6711 7168
23397 84246
51497 81831
2664 83871
4686 55646
51251 79003
6949 54596
10112 29941
6607 65123
9179 24149
10211 10409
6897 254065
6045 54880
23157 80011
9972 129401
79003 92399
657 684
546 10036
8607 26122
29994 128866
1642 1823
55362 79001
4085 25978
4085 55607
4628 57175
11104 26091
10159 56704
1933 6238
25871 80223
56121 63891
80179 90102
27089 55069
54737 81555
83667 729438
60 4651
22852 123811
64946 91687
60 57482
6134 51386
23607 192111
5518 55171
54442 157769
5878 7416
1756 22839
54880 55735
6272 26065
83540 100527963
23384 80179
91754 203068
9337 85456
1060 3718
3842 57488
10159 54978
3796 7257
6809 23309
8287 10808
56996 116115
80742 84893
3183 3184
79139 154141
657 6559
8089 84444
7112 8347
1627 51512
10095 80179
9209 80155
7257 10016
6155 54433
55272 80218
23588 79621
8260 25939
9950 23528
5977 6599
5108 85444
5496 55791
4676 11346
22994 26005
6732 9329
9221 23291
7266 11346
9632 57706
9329 138474
5576 85444
6275 7182
10403 11130
4720 51026
50813 53339
5165 23527
9321 9518
1915 54822
4085 11222
5501 8653
3688 23365
523 9260
5371 10042
1660 57187
2317 2534
51322 57606
5692 79073
9531 374393
10574 80349
23285 256586
9685 60682
1452 286077
1660 9984
6836 161424
2580 65125
5515 90459
3980 93380
2580 11346
10959 337867
301 5478
7386 51026
4676 4869
3646 6146
5116 55722
53371 55137
10970 128866
1643 51138
1072 80179
9685 10342
6853 79595
9255 10806
8924 80351
1408 8863
1801 7171
51160 55048
3718 8449
6134 8890
5869 114876
721 51341
10959 27032
10594 51729
8301 65125
5515 10574
10111 11116
51002 55644
10449 93436
8930 23385
4221 23071
10951 55609
84893 92399
4149 25824
5286 51512
2316 5562
60 55833
219 25923
65005 124995
9126 143244
2804 54520
10972 54477
5201 112714
1457 10921
51750 163786
5687 6500
6388 10801
9126 23517
830 23603
56886 146956
6576 55634
4869 6128
7741 23095
23336 112714
1211 10342
8481 80184
8650 23285
6837 9477
57704 65080
60 9221
2475 92345
8517 11140
23517 56259
9341 26277
4597 6837
10112 10534
678 79677
4641 90102
847 6597
10971 151246
4627 57584
4751 51434
2074 10528
25766 85456
26130 102800317
10294 94005
929 9156
1387 114799
6734 11224
9219 11064
23271 246184
8178 259266
23157 138474
55320 121441
5979 440093
908 3476
10526 162239
10769 54439
1104 3839
6134 8208
3309 22824
22878 58485
6472 9646
4109 57606
23607 26509
23650 26278
9495 84545
29102 151648
4646 23607
23279 57122
6717 9218
9218 10970
10856 116143
23505 114791
5203 7411
3028 11224
3093 50626
1211 57587
54962 343069
3329 10363
60 10575
23603 399687
64146 79621
10471 55718
9425 22974
6134 6222
1627 10109
324 7514
2976 6881
1287 57082
3320 10963
832 2316
6731 8726
4952 51512
324 139285
27183 79035
203 145173
9554 112714
1213 399687
55671 58509
20 51479
4863 26046
10535 84271
8615 23196
439 8266
51264 57187
3309 5591
4659 26128
10526 79943
3726 57662
830 8502
3977 9128
3914 11338
3021 5878
1192 4628
5878 10613
23157 55752
8661 27335
1212 9026
51008 113457
387 91949
409 29941
5371 25896
10576 112714
10159 10211
23405 26517
1399 1793
8697 10393
80817 196463
8451 9978
2319 23094
5245 79073
7267 113457
3015 8451
11001 51366
22994 23107
539 9197
10916 23528
3066 7203
5435 51728
6809 57187
27241 54596
1373 7283
22995 338785
830 9209
10165 112714
9793 51605
11285 25900
51512 55914
1464 6272
5515 55174
3832 85236
10459 11258
3192 10642
2195 8452
10048 92345
6606 25953
4802 10121
1062 10848
10016 57644
387 57410
10458 51106
4216 54557
10471 10856
25842 84364
5694 6500
58493 64859
54442 79725
55051 55610
4637 9260
6606 79833
2531 54821
9120 84131
5537 22948
4664 5518
79830 128866
7862 54737
10972 84881
10528 79697
3845 10907
6606 54984
4609 79038
6731 25998
94005 128869
810 152137
4287 57472
4946 4953
25906 84572
3073 7917
51474 126353
3842 10558
7874 9493
1063 79033
6134 8940
4298 9678
51523 125058
10492 23046
7517 10456
6606 7295
9213 9218
699 79003
7283 81037
23451 56886
4686 5519
10540 80179
6272 54961
54557 64146
4361 10981
8085 129285
1314 23094
11212 84612
9774 23013
6383 8658
64770 117178
5499 11346
9743 54557
9275 112714
10972 51014
6134 6204
79172 80152
5202 10574
4085 5557
1627 54443
23160 26093
23338 26127
57486 65005
3188 57643
832 80179
4085 55536
203 51594
24140 25998
800 4741
2972 6908
9112 54557
9652 9789
2773 128866
1627 2580
3306 9532
3921 11224
3192 117246
10959 26509
5888 56886
22948 80349
23080 55722
6093 56943
10951 23468
8634 163786
84181 113130
9730 84131
8218 51474
56675 85440
11258 64802
5905 9631
6744 7879
26973 84159
9429 9525
351 196441
1737 6777
7168 128866
5097 10212
4869 6168
23787 114548
4627 10658
51026 91452
829 10540
1382 55610
5501 55183
4088 7917
51608 58477
10856 79871
10067 51143
5576 84318
10951 84733
488 55161
51430 54539
4926 10951
57332 85236
5202 8725
65005 84545
9128 54726
6272 6949
3184 57335
29922 84726
5595 6878
9114 55831
11224 100287932
8924 9859
4354 92345
5518 51008
10492 51504
5422 9532
891 91801
810 3326
4690 8295
3491 7756
9456 80817
10456 55735
8337 50618
2237 29896
79718 124602
1969 56916
3726 7589
2975 6418
6647 51008
3987 259266
22916 51808
4736 6134
2146 4288
55722 84131
7533 9722
8241 146705
10959 23140
7283 10016
7278 10575
6272 23588
8615 10142
84747 196441
160 1627
27315 55755
6500 54461
1627 5286
4100 64770
4628 11217
25879 83460
10097 91612
7278 10294
1212 5500
10615 80817
3192 11103
5931 58516
8036 26046
3073 10492
7520 8777
9733 64175
6625 11218
7203 84881
85444 152185
6134 55661
8563 89777
23595 169714
7087 54972
11130 83540
6194 11224
10574 56886
4802 8019
3895 6144
3832 9221
1213 27327
3837 5905
3065 5290
595 1029
3093 10499
5756 23603
55109 64859
23255 25939
10159 27107
4085 93587
5395 5562
26064 29766
7184 83855
3726 4236
1894 55558
6134 54881
10763 84319
387 171024
6209 6238
25930 100526767
23392 54557
8890 54512
8668 10763
5515 26054
5654 51026
84501 112714
26064 54443
8607 26574
11116 84318
28990 51026
9632 25959
3921 6134
5111 56061
1213 9213
2091 8208
3832 54477
4085 7175
5926 25942
1104 8357
22919 117178
4869 28987
701 57082
10807 259266
10575 53938
64841 84629
10528 90378
9425 26148
2017 10492
905 4299
6183 8697
8165 9793
3895 6142
60 11344
10801 11217
5208 81704
72 4641
5436 10749
51340 56949
3832 25847
3852 8089
25994 93436
4628 23094
1616 5983
4627 83481
7259 10112
4627 22848
9793 133957
3836 55578
84928 113457
3835 23355
5537 114971
2071 2935
29766 57706
4605 55229
54534 79585
4214 64793
10713 51652
5515 10771
23397 55729
1314 23385
55732 79029
3726 10291
1212 10763
6134 6629
7534 10971
51143 64427
1062 55722
8726 100170841
2664 51552
1198 6426
5435 23064
27336 84256
4067 11116
5437 6829
4627 7464
4627 25801
8615 26985
5111 641371
10528 92856
498 513
7582 55610
9681 83667
6426 54906
11331 55362
80179 126353
2746 5518
8085 11091
472 4552
10146 56259
55596 93627
10521 79876
1130 26093
3340 51092
6135 11224
6418 116092
4999 23595
84131 440093
55971 128866
24137 253143
1062 83658
9662 283237
6185 10651
10766 23019
8243 65065
22800 23376
537 10959
9918 10051
1620 84444
3707 5141
51605 55802
5501 8826
4172 51540
26086 221443
9859 55907
9321 10111
2908 54443
26517 81620
4149 25942
2771 22919
54443 85464
81790 128866
55704 548644
56652 90102
3837 23511
2580 11127
5516 10575
4149 79595
3074 113457
5478 5878
10557 23385
23405 54557
7169 55930
64960 79577
2872 79830
63935 79002
1642 51138
3192 6147
1062 3911
55722 93594
9774 91368
8189 51692
58525 163859
103910 399687
1368 5501
11285 56652
7203 54931
55671 84859
10464 121441
7343 54737
9517 79922
3184 29941
2629 10067
830 9650
6790 60488
6238 10969
546 7153
9525 56667
8473 201627
5903 129401
5500 286262
8089 57592
6238 27067
22916 23198
117178 121441
4627 9231
3476 10574
10159 129531
54882 81620
9862 22878
3840 5903
85378 114791
3192 26233
4116 26153
3845 6235
7167 10036
3065 7764
5496 7942
3799 57498
5518 6418
9694 10970
23309 25942
7430 51256
26115 153241
140710 197257
5429 285527
830 57553
1025 4298
5868 92521
9883 10611
2677 29882
4259 55327
5500 23164
25885 81572
57515 57617
5129 8266
3609 5500
5393 54512
3832 116224
5700 57409
51319 54556
7391 10171
6837 51586
9817 259282
3993 23022
79172 79682
8439 54620
1654 5500
71 4641
3840 4686
9585 10363
810 2316
369 699
3065 6595
9646 9878
5423 9694
55971 84861
10574 113457
5567 6607
5878 54919
5567 8502
9569 10492
857 23603
86 8089
5514 58490
4205 128239
3646 6208
7203 10097
23107 23376
5082 10492
3832 6634
3643 63893
29855 84930
3614 3959
3074 112714
9550 55177
81 399687
28990 64859
51366 55347
5339 54443
3633 55735
8655 23394
1173 2317
3728 5500
830 80179
5518 10144
8260 283237
1195 55671
439 7917
113457 155435
3009 9777
10907 126917
7168 170954
8540 23157
26046 84612
3831 23595
6188 11224
4686 23248
9739 30827
2316 4627
8826 9209
84629 170960
23198 29072
6238 9086
857 1213
3096 3491
54512 57544
10094 54443
10528 339230
8487 114548
11169 81831
23144 25847
6809 79003
6731 26586
4627 9828
5339 9260
1825 220134
2355 3726
9875 23376
23650 112714
3397 79228
7917 55971
213 54433
2803 25929
2332 440145
7917 23001
6646 8766
23595 161424
1642 8559
3832 51603
8661 9652
10994 11258
30827 84661
9218 84896
3339 7112
113130 100526740
23397 100526740
6942 57504
6950 93436
2664 10908
2959 51755
1627 9429
6045 100532731
604 54880
6134 26574
3340 7520
11269 55610
2580 79869
805 9260
830 2314
84612 128308
57175 80179
2521 220988
10940 11004
6494 80179
10492 53938
5501 389677
6015 23492
404672 728340
999 10128
708 54822
3921 6238
8290 23133
7266 10273
6801 6950
7741 126298
2975 4928
617 9559
6272 7094
6923 9197
8481 9857
51496 83855
6607 9791
10491 81608
10651 10971
526 55177
4627 10075
10456 64080
4869 65083
5979 54557
51026 51382
9739 259282
4869 8347
84816 116840
51009 55362
80179 399687
3065 9678
4204 246184
9694 55684
830 10120
6801 9448
80025 116115
79631 103910
8089 10847
9531 10273
5500 29127
810 139741
5692 10213
1499 22919
2801 8321
9859 23557
1062 9782
51001 54534
9371 9456
1314 11316
5903 23511
488 83862
2317 4067
7879 284119
10211 85439
55839 79682
830 1072
9092 154796
9559 10807
6208 8661
5430 81556
53916 80728
6275 9093
6157 6731
6606 92609
409 7030
4928 128866
6206 6731
10749 55558
5693 5706
5116 153241
9097 9861
10036 23468
7082 11224
54534 64978
3192 26589
10112 140710
6747 79784
57332 114799
10989 84790
6921 124602
7087 81930
7464 80179
1616 26168
10202 54821
55052 65008
9126 84159
9321 112714
4627 5074
9341 10959
26093 57187
473 11091
10535 79786
6156 11224
1894 129831
1108 3065
2316 2934
54468 81929
29966 51765
56915 118460
10951 283489
9361 25923
10616 29095
9867 51143
4848 7514
5862 6646
3188 220988
6612 60488
8968 55735
5515 51081
4690 7456
56915 84128
219 3959
3070 9218
5902 51122
3726 79922
409 64423
3835 10042
810 832
4430 51474
6134 25904
1915 2972
7398 57599
26128 55527
2316 4659
2114 64326
8454 51118
4641 83892
3959 8480
11319 60488
3184 145482
4628 51474
4905 22954
51160 151246
23376 54487
966 2317
5436 9412
10286 59286
701 64781
1639 51134
55578 112869
9112 51193
2125 56259
4839 54737
6839 9495
23385 94081
684 25930
3159 29127
1104 8086
6238 23511
29127 53407
1937 5393
10607 51013
4898 115106
7431 11331
5925 64062
5500 10657
4999 50855
7013 8658
11346 91624
2767 23603
8655 57534
9197 11001
54534 57129
1627 51474
55602 494143
6124 10528
5901 11127
22974 22976
4216 55137
10093 51474
91624 399687
8655 23060
5531 10576
57587 112464
8021 348995
3726 10949
3192 29889
9767 10951
8502 10270
6238 55227
991 4085
9126 10475
57649 57798
521 3932
6301 25998
4659 8615
112714 283237
5987 6045
9019 374654
8492 9644
1627 60312
6731 50809
9777 23609
1294 56675
5144 10611
58516 221937
54407 55362
10120 84516
9218 51026
6711 22919
6235 54512
3611 10908
821 3688
5108 9857
5631 5635
51646 90231
51191 83903
22832 399687
537 50804
387 448834
4286 7942
9114 10951
8243 8724
4701 10959
51026 65062
3932 286053
1778 22919
58 60
22994 65003
4659 11346
23224 125058
6386 128866
4686 4782
4641 11344
7203 84340
7430 25998
7517 84081
8905 9619
8546 127018
10456 23317
5516 5529
23385 55183
10311 28952
4116 92017
10951 23028
51652 128866
387 722
6608 22897
4100 10016
8021 8480
11224 90441
5442 54442
3646 6122
3178 3608
23603 152137
6134 57602
4800 7551
4998 84295
6141 6731
722 7257
79003 112950
128866 100507436
10528 84310
7786 81556
5888 57224
6891 9793
6813 7283
991 80318
4627 7082
5478 7334
11171 25929
9454 64321
830 6744
8974 51729
523 128866
23 2091
7798 54443
6238 84656
8668 27335
8826 51512
400 121441
6622 22916
830 85456
4641 92521
26148 83460
535 25930
1912 10492
23492 54880
6622 6741
6217 56915
5936 55735
5954 259266
23309 57649
7543 55166
5693 57619
5047 25822
51535 56963
10972 11180
51692 90025
10528 54931
10916 51608
1072 399687
5532 9377
23607 90102
8899 9495
3070 5515
58490 79960
830 10121
6607 125988
3185 9320
5903 9818
6647 57479
6134 29763
54407 112714
1994 51264
8321 64062
6232 6731
23317 161424
5878 55364
11228 57465
5062 6500
56652 81569
60 1212
58516 166929
10120 10121
7741 150383
5286 8615
23588 54949
9978 122769
3309 9793
1729 65124
966 23603
51147 64769
112869 117143
4299 8178
22820 22908
7257 10492
3052 64784
50809 55421
8874 9197
5981 25998
25939 51073
4149 9801
23094 55722
8607 10467
4976 7517
10075 149986
2639 151903
4088 23096
57332 117246
6238 9024
7257 8940
6272 9875
10611 85378
7879 54822
4641 57706
5082 7203
5878 51474
2534 6647
7430 26517
8607 101060521
28998 254065
10767 11224
2011 10929
51160 79720
7257 9928
10459 23126
23138 51512
4478 55559
4628 729991
4149 23239
60 54927
409 23224
7257 200014
1017 7170
4641 4646
9662 90102
966 11346
6134 54505
65065 128866
3305 6622
10916 81789
5435 51082
80005 113130
699 64897
1639 10120
5931 10036
823 23649
1060 64946
2932 54880
4758 9218
6311 9919
9851 57534
3703 55142
6418 29803
55068 79003
10084 59286
56987 92105
51026 147007
3835 84916
51474 152137
3914 284217
4928 55706
790 3611
23093 153241
10959 79901
3192 6207
701 51280
6622 9513
9861 23511
9392 64601
8178 81556
4605 51496
6217 6731
7283 10294
8726 23560
3184 54887
96764 338657
3984 285590
722 3959
10294 96764
8826 11078
90459 113130
1104 10762
6277 121441
476 154141
10763 23310
3491 116840
2120 7874
1785 5371
23376 23633
7014 10614
5976 65109
1024 7917
3192 3646
10092 55930
5099 79901
7874 10389
5286 9919
4008 5500
4627 6281
5163 79001
699 81929
3959 57122
3295 6272
667 22919
9851 84318
6134 6207
5347 79670
5903 29107
23283 51692
8527 51013
1368 4627
8454 25793
526 7879
10971 79621
1477 81608
11116 11234
7841 79876
3801 4137
1024 84811
488 9554
10749 26093
5935 6238
7917 221035
9128 10594
4628 6764
11073 58517
10528 51388
3688 8323
4216 5599
9112 54815
5902 57020
9126 286887
6207 6731
10459 11335
2316 286262
23708 64427
7533 200933
55012 55722
9859 84461
4627 23673
4627 85458
2931 23195
6513 55247
699 79786
23397 29890
1762 57599
5518 26056
9789 27315
1024 51082
6092 79073
79657 101060521
2932 5567
23421 64946
56992 57596
7517 63922
10181 79003
8899 9733
7168 26128
80179 283431
6418 10771
10763 84148
706 29095
6154 254065
6015 10389
7046 57708
2934 11258
7169 399687
1654 29127
929 11234
26128 399687
488 23385
84318 113251
6238 10885
9585 80124
490 9183
25 8411
5318 9919
5516 29966
22994 64770
6709 399687
4007 11073
84061 121441
4085 55612
8683 9774
5903 6396
9495 51747
2950 100526760
81556 92105
1031 2146
9662 29911
7169 9260
1478 2872
7158 65263
9632 10484
3835 84294
4705 5878
4216 374654
25930 284119
1062 6840
23603 445815
9532 29956
142 8668
8028 80218
55971 117283
3192 23521
5687 25793
5518 51400
10142 22919
7283 81537
3718 10273
3309 79026
60 248
3895 23521
857 25930
3192 6238
10525 51026
5862 9590
3832 55131
1778 10540
11224 26608
2316 91624
1615 1915
1786 7874
8697 57587
1892 10492
5903 79023
79365 147700
4659 23603
51133 79621
9179 51649
1407 1454
7072 55671
7398 79837
10097 399687
3718 9111
642 112714
1213 9931
7520 9064
10211 23242
4869 6161
1460 8242
538 8933
1312 9712
7804 55607
9829 10951
4331 11224
26071 221150
8766 79188
6646 128866
5515 29966
9665 23644
3895 23223
9203 91748
657 347734
5129 80233
8508 286053
1445 10659
801 29766
4627 11034
7027 83746
7533 8480
8148 92017
571 6875
810 8826
7084 79739
92345 142678
10574 22948
7917 8667
10855 79003
8535 8668
9150 83540
10951 51231
5499 84612
4710 8881
1062 7534
2962 4641
11177 28952
10075 10294
9584 51056
54442 55076
60 51504
11116 54535
11346 51474
79876 90861
3309 23636
699 23248
60 6764
6208 6238
51258 65005
3726 5423
23384 51474
6709 7741
23332 140710
829 399687
7283 8813
3726 8241
2194 7266
25813 54487
55791 64779
2934 399687
1173 7879
1488 23144
1601 1627
5516 9857
5436 23064
6683 27243
4928 729540
830 10627
830 85458
5770 55135
7869 127018
60 29766
104 6942
8899 10749
8661 50809
571 7919
23158 55119
5518 55917
7329 79902
1181 22841
3619 23133
5501 81572
1029 57587
7879 128866
4686 51497
55930 81569
5048 51143
9342 9554
5500 10848
3799 9213
2060 2317
2317 5500
1104 9972
7461 51092
55421 57187
7319 56852
4678 5931
8604 9218
1069 6742
3178 389677
6134 6138
7841 8237
10146 11224
5429 29763
857 55362
29941 128866
998 57643
55968 127253
23376 51569
3646 55299
6500 26263
3301 112714
538 81892
5476 10286
1627 4627
5901 5902
3066 8932
54443 92521
3832 64223
6731 126961
2316 5499
5878 57794
22974 64324
9765 25930
6687 22974
25945 128866
4641 10972
7203 113457
64928 65008
8481 10464
25923 79944
26037 80179
4643 5159
2316 6709
3845 23603
86 10856
23528 84146
6134 10514
10412 84254
4928 8636
6134 90957
5573 9218
23005 284403
1029 10075
2547 25913
23347 51222
9798 103910
2316 6744
50804 57498
10730 79801
810 1213
10094 29966
5518 5520
546 10625
8607 29844
3833 25957
224 84790
27229 85378
7283 51726
7517 8780
29127 60684
6426 200081
2961 6695
51507 57143
5878 9780
8454 57181
22824 55110
6840 8826
4869 6188
6731 23338
23014 51773
51160 64062
80817 285527
4149 8932
991 54809
1181 80011
23133 65110
3832 8354
8031 124739
1778 84516
5888 151648
5936 7094
8295 93624
9114 51160
5500 445815
8089 54556
4628 4659
5519 55844
8690 51134
4927 9972
2332 3925
5516 26127
8242 55205
8661 692312
983 6502
6597 26092
1315 25842
11234 28952
7486 26277
7517 57092
4643 80179
10482 57122
830 84665
84131 123811
7430 9221
11224 26135
514 51182
5364 54557
7391 7392
667 22995
351 7517
6882 7257
1017 23074
11004 57222
2800 79876
4627 80304
1153 10914
55336 79643
1937 84501
10067 55142
55683 84148
7517 8241
3397 5977
6731 55003
1104 348995
6093 57572
9984 54439
5878 9217
10179 56915
4256 23193
118 8826
832 4627
64946 201254
25813 59349
3832 205327
1601 2316
22853 127018
4172 9648
60 7169
22908 23588
9919 60485
3305 9532
26024 113130
3836 81611
57461 151903
6950 121441
4884 5515
701 64393
5261 387338
8243 8819
2058 3726
818 830
10743 10951
51295 245973
6168 254065
4035 9631
5576 131544
8665 50618
7534 10929
4641 128308
2316 6624
57587 246184
6396 8905
2074 8661
80789 128866
722 93436
7812 25938
7384 9218
7391 23405
3895 26031
6238 51602
51646 80232
29911 84759
5888 7804
1938 7203
29994 58477
37 22916
23047 79003
51366 79980
7581 23644
498 54566
2580 6396
5756 80179
3297 8735
11186 23613
9648 11258
6874 22920
54433 55614
657 55970
5108 729440
64946 387103
7803 23046
79143 81555
808 5500
5562 5905
8350 22909
4676 84131
3726 7965
11224 54853
7278 23336
10576 51175
2319 65062
9133 22976
8563 55421
7818 10972
2146 100170841
4641 22828
999 84445
3104 6891
2597 57730
71 80179
6809 10146
9454 22938
10190 112714
994 10971
29966 84233
8881 29945
6400 27248
10419 55352
1063 1523
4779 65980
3178 3190
11127 85464
523 23607
6124 11224
4621 90231
63967 79169
6622 9722
1024 8290
4627 81790
3842 54539
11091 23198
51678 145508
6522 9525
6134 81627
9646 81565
6189 57332
57708 151246
54512 55164
3184 23405
6709 22974
7013 65057
11224 84717
27333 51026
4705 91748
8450 55832
6155 121441
2317 3956
9694 55831
3833 5905
5902 23412
2316 84687
1968 9532
4597 23067
6046 10474
10450 22938
9169 10426
699 5192
9857 55012
4012 90488
3796 8665
3837 10482
9260 139741
535 6683
7168 100507436
89953 114879
3959 653784
10921 10946
4725 5878
6732 23397
2125 92399
51474 165324
80223 154007
7862 64841
60 2314
51426 84333
9406 81789
1353 6607
1073 8826
4643 9197
1104 9688
51512 64397
5518 5521
6238 9100
3491 51188
29766 85439
5516 54973
3320 91833
23046 29079
8481 145508
9861 51773
22995 55127
9126 22862
1429 259266
60 9026
7203 342184
8777 55327
2319 3983
3301 84790
4641 6744
4641 55421
7741 8729
6272 7006
10963 51175
11346 22919
23047 23063
22974 25945
4670 5725
8615 10016
5903 29843
79682 80152
1314 26958
5644 57617
10096 80179
4085 51116
8452 9978
6801 10575
4686 8295
7278 84501
1453 7818
874 81669
3611 6950
156 6257
3797 22998
7750 10951
22919 90417
84061 197257
4723 9218
3104 65056
7283 284217
6383 10492
409 9867
55529 64792
4713 51026
2316 6840
9793 10579
60684 79873
81929 129401
5094 51602
143 1213
2303 5518
6272 6745
4109 79832
6134 8354
5859 22919
93380 102723737
5987 6015
4627 5478
11135 54442
8241 93380
488 1186
3065 25942
3329 54880
1213 29924
1212 29766
3184 729288
1454 5187
26986 51008
6238 23560
960 8878
5903 8021
14 6134
7283 81610
9793 151195
3476 5516
6731 8350
29127 84181
3932 51497
9662 23093
9919 81610
4140 7534
2103 23411
5337 10159
29766 92521
1958 2355
50813 222658
55975 83706
4863 10193
6612 9569
10084 55234
93380 102723680
8968 9495
4848 55858
84545 254065
10189 57187
5725 10147
22994 93594
22994 57669
3726 8100
3611 5894
5261 8358
11165 80155
720 51341
699 11243
823 826
9968 10474
3837 81929
8607 26747
4171 63967
6238 79050
2521 3835
22837 23421
4641 84687
6601 9274
1398 10165
2959 2963
84790 192111
6206 10528
6729 11224
498 539
8607 10524
2648 112869
310 5478
1062 10978
7251 51160
10574 93436
3993 5832
3309 8407
4478 8239
6836 8615
25978 151648
6205 64601
1073 1627
1642 9978
8615 23256
6595 6599
10787 57224
2319 284119
51592 78995
55975 79801
9559 387680
10075 60386
3932 63920
5286 170302
3983 8826
25913 64858
2316 85458
5108 9738
5908 57179
4714 10959
571 51535
5880 23603
4696 96764
166 1894
2706 10207
3678 286262
6622 8227
167227 221908
2932 4731
9296 55177
6607 54929
1783 8655
54663 55421
60 5286
9926 10193
4100 51593
6272 201626
8697 84572
10240 254065
23385 54552
7257 83540
163 26128
9693 285672
1075 10055
1655 3192
10120 51164
1856 90102
829 54443
3832 203286
7319 8887
3192 51388
6510 6607
84333 114548
3615 146705
2317 10160
9946 56259
1660 5500
3192 6838
51699 112936
79670 169714
25847 25906
8087 9984
8454 79791
22998 54443
5515 57508
5245 55362
10526 27034
10658 55704
79003 80789
128308 246184
10615 22852
27109 54556
4628 10211
4627 91624
1445 84333
488 51256
10856 57634
10211 10959
55844 90231
847 79003
3840 8036
51512 115548
5598 8036
5905 9972
7917 9559
4085 27154
10075 124359
9939 286053
60 55930
83706 84271
3956 10801
5825 55362
10575 10694
1019 6525
3326 55229
9092 64135
55505 92345
7203 7266
4869 55149
11224 51490
6257 10621
9948 22919
10128 51300
51433 119504
1678 7517
2521 3708
57187 84271
54862 128866
1069 8888
112714 114799
7543 8697
1017 10179
7516 54534
60 9414
1153 9532
54726 92345
23451 146705
55110 96764
3309 8266
3837 129401
25923 58477
56121 80728
51188 81789
9972 23165
488 84790
81929 348995
4628 11319
4627 152137
5339 51474
2114 9150
1024 9969
10613 23607
8574 56683
8886 11224
8314 23285
23016 54512
8563 79228
2932 8312
4869 6208
6801 80143
25906 55607
5917 10528
6240 55143
830 10109
1984 29127
509 3775
4799 55603
7267 79677
4287 6383
752 55593
5500 8148
5646 121441
3646 6132
3065 124930
6500 79791
8452 90293
4508 9197
23185 26986
3309 56893
7278 10694
5591 9532
2629 56704
2355 6156
10221 57606
26092 54809
9185 54496
7283 64216
1741 51188
23094 246184
5062 29127
22998 399687
22938 81569
3021 3959
372 25923
5706 9861
5700 5701
22850 50804
9061 11234
10611 347733
29123 29127
4628 154810
4781 11258
5202 55011
8819 134147
25906 79158
10749 22850
10951 353274
9330 284695
8615 102800317
9123 54386
3065 57504
151987 541466
8661 8662
8336 51147
6867 9793
23385 100287932
23071 387522
5878 7384
11212 151246
6926 80155
7873 29127
5337 10959
51373 64601
3646 51504
5518 5529
3192 6155
6872 22920
832 5501
4800 114876
4800 9123
6507 54442
7517 23352
8476 9092
1856 51594
23511 84769
6731 51491
2770 4628
3065 25839
2317 8826
1642 80344
7414 51474
55362 79939
81669 92106
5878 10970
3726 8662
6238 115098
57486 80230
79631 128866
22837 29763
11222 92345
5700 9097
7203 10694
51735 128866
51143 90826
3065 54815
5515 92105
6632 79760
8975 10492
3832 5578
11130 58517
11021 22919
9128 10084
6731 51547
6433 55247
5156 10921
7283 10929
9319 93436
96764 374786
6950 8508
6801 79026
1181 1981
890 3066
25998 55226
3832 9857
3021 5156
11186 64427
8476 10856
2932 55536
3833 4751
7384 55177
224 3842
4609 5682
8735 57448
4621 9685
5683 5693
7879 23244
29844 79913
11258 729288
6510 7517
1736 3184
7469 22916
118 6709
8260 26278
3398 8189
6949 7917
8697 64682
991 7203
7168 9828
7517 28231
9662 51222
10528 55226
6015 11091
6045 10389
10847 54962
1059 57592
55835 83658
55930 135228
5500 5511
5261 8290
7417 93380
7913 11224
5567 84318
8355 22909
2060 9632
57534 84318
6396 8301
9939 80145
10200 56915
29945 119504
960 29766
10043 80179
5315 55704
2783 10576
23613 57504
9147 54962
830 4301
60528 84254
55143 57181
1620 79621
11217 54443
4673 5531
1736 54433
10464 10806
3065 5926
7431 27107
3959 23528
51061 51092
22995 23600
5295 8660
999 387332
5546 6647
372 1314
5187 102800317
10111 11186
25945 55671
10664 113457
498 506
51026 337867
6134 7153
581 3980
55814 56963
6809 81555
8481 22936
7343 10528
5516 8030
60 83892
1894 53407
10211 57498
11224 60528
23022 80179
1488 5936
7917 125950
5567 9851
6134 10399
3993 79571
9632 55914
11285 22995
160 51512
2889 26010
59 4627
5591 7013
29843 54442
5256 79660
10907 55177
8295 8464
10286 23398
3921 11258
81565 283209
7582 10749
3646 4736
51340 51362
8496 8655
3181 6731
8563 83855
2872 4282
51322 91368
8881 79751
830 5213
891 3993
9329 54148
790 3309
7046 10084
3832 8358
23607 128866
5165 55148
2580 9685
10015 23607
3837 4905
4771 10413
22948 51175
56902 80218
1756 5693
26136 51474
8615 91746
5520 10856
10390 79784
4088 5547
3192 6143
5984 25998
5192 26092
2319 91624
3480 3643
7266 126353
11165 79739
546 23019
3646 6232
5954 84790
498 514
51585 54534
5500 57727
8726 22823
6683 10613
55247 55660
54557 83660
7203 203068
9014 92345
1968 10528
9669 11224
6135 254065
9525 100534012
4629 7531
1024 6872
2534 54972
9114 55159
7846 112714
1073 51474
5935 8148
810 4645
6184 10959
118 4627
1024 5936
55718 79657
7534 51150
657 10970
7283 10985
4998 23438
64837 65065
25875 30827
23133 55183
5586 51520
23650 81565
3161 81610
7111 9260
23085 129285
9456 84722
6522 57187
81555 94005
4361 26277
8615 9777
23107 79003
3921 55644
10575 55605
5515 51765
490 10452
6731 51202
708 4904
4085 64978
1024 9913
3065 81669
118 64225
8636 64965
1209 8036
3837 55165
8573 55327
4751 64682
60 4627
4088 117283
4627 143872
9817 101060521
26123 64282
7090 7203
2071 23708
8353 22909
810 5339
10651 153241
3980 9694
2316 57584
2976 4155
6015 27243
338 5111
5094 22852
5371 100526740
4149 10935
6418 8436
4751 246184
2091 4869
3839 5903
9218 55177
5832 55802
9183 53407
7257 64943
5878 7171
103 9984
6872 51160
1075 151648
25906 92399
93343 128866
10951 54881
5516 57508
71 10972
999 81892
51150 80817
1717 6607
83706 121642
84790 92399
9112 57621
3040 10492
4869 6129
3182 9694
6606 51162
7283 10426
25839 55671
10939 57704
3837 8812
908 93436
2733 57122
9559 23307
23708 84164
5599 23239
9577 80351
3925 7204
3832 29944
54460 197257
2230 5052
51474 286262
6185 79073
51363 84844
6950 10120
3837 79023
9777 55854
3718 102800317
4898 23347
1399 63916
1666 10989
84131 93973
8357 55735
26024 129831
9260 126353
22948 51514
4928 11098
526 9218
9342 10282
7171 9197
6877 10211
51512 84129
5868 9611
7251 10342
55718 81572
3104 8874
3065 440093
3491 9901
11285 23285
9425 10951
9578 9895
8517 8621
3065 8357
8411 54892
2064 5091
23067 84661
8563 9984
1073 11346
4928 5831
1024 55667
10092 11130
22837 23392
7111 80179
51742 58516
2521 11100
6238 51154
29890 56339
8607 51728
4741 116092
4109 9997
5436 10025
54875 80198
103910 122769
26046 26092
2146 8602
2319 4731
5825 79784
51175 55004
1303 3397
1211 60682
874 3949
4931 9939
28952 54939
3980 7515
24137 80205
6606 11171
550 55069
1616 5981
10951 23135
1613 11258
6596 11346
203 84916
1915 7922
23352 58525
5500 29766
810 9948
523 9218
4779 9853
2319 93380
5562 27247
10390 81555
3735 5586
5980 9262
9462 23243
3796 79830
1660 220988
3799 8473
23354 51366
51652 55818
3646 8545
5612 6418
51013 54512
7341 57122
50813 102723680
5393 11340
23248 123169
5567 11215
1654 4869
9179 90580
9112 81789
4644 51474
6829 7456
25896 54443
5577 7410
10528 221496
7799 11224
11340 54512
9761 10959
6731 168455
1373 3309
23344 25923
5878 10211
10514 11224
9648 22920
3192 51602
1173 4628
4149 201562
3181 3726
29127 197257
25972 113457
10634 22919
4628 8470
3832 55860
5599 114790
51808 126961
546 8349
2932 171024
79003 79980
810 79026
10097 10409
5576 64770
9183 152579
3796 57539
9903 113000
890 116092
8690 79269
25793 84875
4216 55605
5578 10286
4609 64783
8165 10160
7278 84859
9685 11346
6238 54914
10573 54534
5518 51244
2934 80179
10632 84790
11224 79080
54442 64080
55969 93380
5111 84033
1212 55589
7257 10907
6502 8454
4109 5445
472 84135
27339 55671
3192 9700
5567 9859
57504 64837
3192 6137
51026 57701
57082 57405
823 11104
10856 93973
1387 64965
3835 9377
10460 165918
2962 8563
5435 84172
526 55165
4508 11091
25953 93436
7461 54919
10131 22870
3192 23107
902 1017
9221 51426
7798 11346
7203 121441
6622 22800
23046 54107
6227 8661
64770 84318
55110 55614
126353 399687
10211 23603
26153 63967
5631 27339
2319 9525
10403 147841
7917 54887
10856 283899
4792 5966
26233 84254
896 1026
3983 51474
2317 6711
29899 132949
409 29966
6606 134353
23604 147700
2319 51474
10459 23405
22907 25998
10906 55603
23014 64963
8050 10013
5501 5903
9590 10806
4216 51026
26137 54443
810 84687
3297 5892
2230 3091
6238 11073
7994 23112
10202 51652
8905 54497
55165 153241
2801 64689
8481 343099
5987 57606
3959 80124
4140 9274
5515 5528
6210 10528
8665 11224
6152 10528
7534 10283
9847 163786
8826 27333
1429 1459
22994 197335
3796 11224
10096 54443
81 29766
810 9493
3837 11001
6730 57704
11224 253943
908 7517
23708 129831
3069 55143
4869 6228
2959 57680
8766 9696
54542 56675
6137 6731
1639 1778
3959 6400
8813 10575
80145 84271
830 832
4627 8826
162 51512
4869 79080
7168 10972
6134 55341
87 22919
5936 51426
2319 6683
3959 100526760
1278 1312
3993 55216
11140 11180
3192 51264
3980 9585
1453 5577
87 51474
23613 51575
6944 8607
8880 100526767
55719 84250
10605 26986
23603 26030
7536 113457
23753 84501
7203 7514
6924 9646
1499 23291
9632 10483
10540 51143
54584 54972
5048 54462
55527 114548
9531 9919
54922 151246
3932 84844
79003 83874
781 3688
11004 80006
3184 23392
8243 54534
1111 84717
2107 2935
29072 54505
6950 113457
23157 151011
6811 9342
1523 5518
9685 399687
9984 23140
515 3842
26127 51134
5903 23636
5500 6294
7283 64422
1429 55671
10093 11346
2011 140710
960 57661
10763 27243
5290 8503
60 60312
5901 57122
7169 8826
1213 84317
1213 170302
5534 8452
5139 80817
25929 79833
10528 26156
57534 121441
5435 9533
4641 57092
6790 51102
5108 22995
3836 196528
51646 57610
4245 80198
1499 57224
6622 8655
27109 55930
9147 11224
11224 56704
9859 22852
8266 23046
4624 57572
10476 79137
6224 10286
128866 148423
91754 256364
8370 55166
996 4751
2319 25930
6142 57332
8898 81846
7874 8833
367 1523
9217 11186
2475 124602
51026 65991
7428 9320
29843 57122
847 3728
3796 6092
4802 10061
9414 56915
5644 121441
60 26136
5903 9894
3709 4627
54014 254065
3309 3925
908 10575
9857 11116
10884 54534
2260 57594
8607 128866
8826 60312
91582 347240
23607 129531
3672 64841
5878 23256
7278 7298
998 4204
1062 51073
7168 10096
3065 54822
51092 55004
9218 10211
7786 83855
3837 5903
11059 54093
5163 25839
10521 26093
2189 84148
4624 7372
165918 387332
10856 83444
6840 7171
6134 101929876
142 51013
7168 26064
5595 11051
830 7464
2580 8650
9183 29127
7112 8343
7283 441518
2872 7917
4863 54433
22852 84318
5926 8819
8615 9632
55252 55634
25998 138716
10294 113457
2629 11285
3796 5578
2976 115106
2783 10575
4641 90580
10744 65008
10558 79921
50855 55558
6134 10061
752 5562
6840 7266
960 8655
9939 55110
3833 10181
2317 60312
4627 140465
6500 8945
51013 118460
5082 54557
2773 11346
9830 90378
1829 5156
4622 197257
1108 10951
818 4580
54539 163786
3678 92521
118 7170
9919 51474
23403 29766
5500 22998
5693 10038
5393 115752
57617 80746
4869 9045
6731 440093
7846 9532
4641 22998
4007 81790
642 26092
9527 10959
8826 9919
6134 25873
9129 26121
23141 54737
7278 22948
4627 90102
10342 196463
3842 79724
1019 84233
64089 151246
79029 197257
6882 23376
23185 23708
3619 9212
9875 26093
5792 55602
657 8795
11224 22907
5518 123811
4430 4627
538 26071
54487 55215
11004 54881
1495 57224
3192 65065
9260 10627
55159 55646
6237 10042
6613 9972
5576 729359
1353 80817
54443 140465
87 4641
1373 8905
10767 115752
3832 55795
7465 23001
8481 85459
57584 399687
54927 55735
9882 283489
1620 22837
6133 11004
1062 64978
8661 64794
6625 84858
2521 8653
8540 26973
1627 5500
10159 57498
4085 10197
83715 92799
3178 3182
6184 7283
5160 6777
4628 10095
4221 27243
3993 5584
93380 541466
9910 10042
10092 10097
26127 54922
6867 55971
841 81839
4641 5501
51026 81537
5159 221937
2733 4928
57798 64224
1058 9801
1104 8352
10989 23534
515 2891
4256 9675
25923 646960
983 10092
2778 4149
8658 27109
10094 80179
1643 3329
2534 399687
1642 388697
10097 54443
1073 23603
2773 4627
4638 54443
2314 4627
2040 9532
6812 162466
9342 23524
26024 54534
3418 4085
4628 25886
9738 121441
8650 10159
2316 64423
642 54557
10159 10409
4085 93349
4627 25921
3892 23347
581 2074
5018 7283
5436 5438
65008 254065
10211 80179
1368 9260
55781 64601
80179 84687
4690 51750
7203 79939
57035 221830
25885 84172
4627 93587
64837 79753
1642 3853
539 55362
11078 54972
2319 29763
488 57488
8607 79871
2077 7520
8352 9495
6645 51026
5423 7517
8535 54596
6711 399687
10989 51026
6625 79760
8615 51593
51642 54534
10413 55327
10160 23603
5580 51503
3065 6950
810 3783
598 10808
2547 7013
60 1627
6134 23223
7917 64146
4641 60312
9344 128866
6238 10146
4713 93380
57181 374654
60 10856
1024 11059
5878 90480
65065 84501
8663 50618
25998 339287
699 5537
11232 23431
6548 11154
6206 57332
5129 8939
55143 161424
57572 374654
740 84501
5566 55755
3945 9793
6150 54462
55680 80230
7919 55421
5700 5719
23218 169714
6134 117246
9221 51474
7533 79956
11222 26086
9128 84619
9948 57122
6829 79960
9793 79571
8411 55723
4437 8517
1195 3831
9693 63982
2762 80351
7095 23061
688 79913
9939 26093
3297 22938
5111 5929
10793 11004
2060 51512
1854 55818
10576 79033
10916 55362
752 8563
10200 51013
6147 8668
5500 7082
1495 2931
23633 57680
8476 9939
515 9694
8563 57062
5537 25766
23046 92106
5728 8315
64946 79019
6837 9440
2319 4008
514 6608
6522 25923
22995 80254
6513 10694
5520 8565
3707 5144
3840 22916
4289 54994
55644 55660
841 51053
6731 92856
9329 10528
8452 10920
6134 64978
84148 286887
11051 64175
54443 93380
27436 91754
22862 55603
9135 54557
2125 5493
8615 23177
3192 55720
55174 81556
3718 10575
11224 55720
8735 9221
10769 399687
1627 10540
5580 7690
1062 81929
28952 150684
22853 23603
5501 6134
3021 9793
22985 54557
4628 10409
3832 6228
857 5878
23019 54998
755 4750
4928 5901
8826 51474
8655 84318
9553 116840
3646 125058
1314 7283
25813 51373
8574 11104
81 8826
5306 246184
54901 64210
4627 4643
991 8881
800 23603
7257 64978
3798 112936
7168 126353
10381 84790
84501 404636
3476 6611
7410 10575
8881 81555
5202 5203
54442 79026
3326 9197
23243 55291
2319 51160
51143 81857
2961 10163
1213 7266
6611 81572
23242 23603
3678 22998
7416 9218
2319 10211
4609 7862
23334 83667
6275 6285
6418 112464
6311 8089
224 3837
2317 81873
405 3091
3516 4851
54557 54984
1717 26046
3688 7184
1386 3725
9209 29766
9662 22994
5048 5049
2976 7750
708 112464
1627 10095
3840 4928
1212 91748
8548 8658
3396 10128
63922 286077
10036 51119
7517 124944
8165 11331
9209 51729
1198 94101
8826 11217
4609 123283
51164 51474
1642 6434
5902 29099
5499 8826
7257 23107
6139 23014
9518 11140
4723 51026
79003 92715
5903 727851
8615 10972
23306 57122
57169 84790
26502 121441
11217 399687
830 2317
6687 64781
6134 6146
9919 26993
7905 23019
1121 5878
9919 81608
9203 11224
7965 9532
3895 10514
5604 11179
830 1613
10144 51750
2664 4218
5144 60682
9678 9777
26271 128866
5586 79143
79659 121441
708 5825
3009 6134
3178 8148
10943 84148
5936 85377
6146 6238
331 7319
9877 57187
8438 729440
55166 55720
9267 201627
51474 85458
4641 6764
51517 55791
6134 92856
54930 115106
810 26030
54929 81555
26093 80817
9612 56963
808 4641
8661 9045
5033 116115
2632 9218
5903 55027
115752 118460
5106 56667
6453 56852
6510 84930
10801 51726
1314 6272
3192 6209
4644 8826
5162 10013
6135 8661
3842 54875
9493 23607
6827 6829
7922 8451
4641 115548
11186 30849
1459 54535
5108 10806
55177 79139
6607 9554
93349 197257
3835 80304
56288 84612
4625 9817
51009 84930
8454 122704
6272 285590
90231 221150
5435 11078
57534 85444
7431 11168
9919 64689
57536 153241
4628 7170
6238 27044
4430 4641
81786 112936
81 54443
7726 22832
5927 51184
23385 51069
699 25953
1829 10211
2580 8218
708 55182
25942 64426
25824 51652
5201 80349
28998 65008
5286 11346
11140 24145
55133 80218
8905 90580
8924 51512
4627 64423
7398 11258
5202 8409
7184 51474
3832 8356
7862 220988
5424 5425
54499 55362
6134 7994
54880 79621
6209 11224
10013 392465
22839 84612
9818 57179
5156 79706
5903 6596
1181 79753
6731 27044
657 55177
7879 83590
9972 54867
585 22994
1650 3476
9731 347240
8841 55704
8766 54676
6837 81857
2935 51493
50717 56652
23759 29127
6809 22916
29766 283431
54867 81929
3716 347240
54737 57727
7917 10381
5531 9093
57587 64682
7283 222229
526 5770
10848 23708
51593 55644
9910 79621
8661 339230
3801 9662
1062 7813
6801 26127
8508 54801
6134 6731
8021 23279
1613 4085
3983 10801
8548 10972
83667 121642
9700 64802
11224 254065
1859 6908
5245 9131
7168 23603
2017 22916
10575 51514
7464 51678
51606 93436
950 26509
10049 11224
115004 197257
1153 4998
26046 79598
8563 79882
7917 57223
9662 22999
8574 22909
998 28976
29882 84572
7402 91754
6731 9188
8615 79939
4869 9652
9817 54433
7267 7278
1062 2011
3070 121441
5500 55011
203 4361
29966 81873
5688 5693
6156 6731
3914 25814
3710 54443
3185 23185
4641 9948
5576 84131
79876 653784
55603 64778
1642 163590
23224 54442
1399 400360
7414 80318
25824 91404
908 3065
23219 197257
71 55930
9441 84930
3842 112869
4638 80179
9967 10769
10328 23065
8563 9775
79913 93973
4869 29889
64005 94101
6731 10632
6015 90102
2077 92106
539 81555
830 126353
10456 23636
4627 57619
5908 23603
10016 79003
9349 10528
93436 255738
29015 55634
7278 283237
2060 4641
84722 200734
51253 246184
9260 79832
2305 4085
11258 79882
54557 55971
3065 4609
5501 8148
9919 55339
9260 23384
1213 200186
7707 79913
998 25957
1211 8826
6238 25940
1062 5954
7171 92521
79665 121441
1785 3184
2720 9218
9662 84318
25836 51430
1191 57572
4928 23511
4779 23001
8826 64423
10627 79631
9129 9555
3092 51512
10095 23603
6731 51106
10109 55930
11346 23094
2580 222584
4869 6155
3397 5711
6950 112714
9052 23603
11143 54556
2934 8826
2146 5931
5111 8505
26148 161424
80179 85440
4140 51692
4627 8496
8607 10445
10492 51018
8678 22863
3178 3726
11346 29763
23774 51147
6134 728689
3983 7411
23603 126353
57187 83640
1374 7879
1823 3833
7917 55466
8476 79739
1876 23492
3104 80011
51808 80346
23404 56915
6045 7153
1017 3983
6134 29889
10179 58525
9859 55755
1072 23603
23325 112936
8148 9987
1788 3104
805 8826
8615 92344
10284 28952
1613 2319
7528 8607
4928 5903
5728 5888
10806 51520
10009 92715
6134 8358
50855 84159
829 51164
57674 79621
6134 6187
4644 11346
1741 22837
1024 8355
54874 64858
9274 196528
8655 25959
821 55159
1017 81620
22995 55722
79830 96764
657 6623
5898 84893
7416 79073
3065 23394
7994 51773
3832 23240
2091 3159
3159 9179
55215 80742
4172 4174
6890 55362
1212 8301
5770 80728
4820 200734
6891 84930
6238 26135
4007 9128
5518 5519
3491 55083
5519 11116
522 5898
11224 27134
4645 80179
22938 148423
9112 10120
5119 7879
1059 10112
7874 90231
4926 80351
4288 9585
3428 3895
4605 83540
51138 122769
2319 10409
2289 7517
10951 83608
57486 89953
23285 80232
57794 197257
5531 64837
22994 117178
488 5586
23241 25906
27109 57187
1627 5064
7112 11130
79682 129531
1029 84779
9260 11217
2547 3981
7917 81846
55109 80143
5878 25978
60 161
5052 26092
84146 283489
6093 51143
25930 29994
5531 9875
9646 10556
810 23094
6418 51081
7508 23133
9851 153241
5993 26058
11116 114799
55210 79801
5500 84687
3065 9219
6717 79784
2316 2319
10109 23603
4848 80232
9793 57606
3190 8148
60 5862
738 55610
1832 4000
5902 54951
51263 254065
657 960
80135 84131
10575 114799
10211 55589
22994 22995
7112 8346
8914 29015
10994 220134
5987 121441
302 11346
79101 387332
6709 23603
11260 25793
672 1069
1601 22919
10423 90378
990 8899
9685 64689
5993 79577
3014 6731
6741 10198
79791 84240
9532 126206
23603 79901
9775 9939
2125 4651
6142 6238
1627 9824
23376 51599
3065 79813
4641 7227
5577 9859
54534 84545
9133 319101
1663 124739
6830 58490
23138 374654
8089 10856
4946 9014
5567 5575
1891 151648
2130 79873
708 10613
5441 55143
10951 22992
55602 128308
2319 7879
1969 7046
10574 81929
3301 113457
699 10558
4869 10436
10492 23405
3192 6232
4848 9125
83460 93380
1627 2319
4800 54487
10159 284119
8266 23780
118 7169
5523 256586
1213 2060
1104 8766
6272 7398
8260 79612
25842 29855
4710 55177
10523 23613
4998 57132
523 10159
7023 54442
4802 9443
1062 10939
3020 84131
8148 9667
6921 128866
5339 5500
810 3092
1643 22948
7171 10525
7168 92521
50855 51548
8411 11060
9798 10627
83461 151246
5610 146909
26064 51474
10363 23199
10959 84881
65005 116540
1059 23133
1650 3895
1454 9851
11258 51143
7517 79760
60493 81565
699 5932
3192 6230
9525 100526767
2316 26136
604 7874
5431 6829
5700 5707
4437 246184
6868 151246
10576 51236
8826 81873
521 3775
6241 29882
22832 54443
857 5862
85459 153241
7917 58478
8089 124359
4609 7204
54821 57215
9662 123811
722 9919
11331 23376
3065 3066
10491 11051
11228 80223
5979 8352
10856 64431
8452 54800
55166 79682
3615 7517
409 29123
6188 6238
8726 121536
23080 91748
1186 55603
1175 11258
7879 27089
6230 10528
84164 146705
11224 474343
10963 84790
7730 113130
6500 23291
11258 338785
830 57175
983 57576
302 51479
4627 10627
1368 2580
3842 8535
8661 9031
3192 6129
3726 84991
810 10409
79621 79830
908 1643
25824 83706
4848 9337
51079 84456
58493 79035
8362 54465
8668 728689
6418 29855
55252 79073
11335 23170
8301 9685
539 708
4609 10016
1019 79882
5494 7520
51652 100526767
8932 54815
999 6510
2073 96764
3185 5250
8826 79901
6647 22916
9984 29890
2091 28231
4580 51616
8819 10011
51150 79660
4085 57479
4928 79902
57617 64601
5577 50813
6520 154141
7337 10213
3775 9554
1130 8735
9694 9862
9092 55723
3188 5351
9694 115098
8905 29015
5364 56683
23304 84779
51026 57498
3835 6883
1627 3326
1213 347734
3837 3839
2230 23131
3836 57459
29127 85439
9901 128239
10286 115098
3192 54914
51160 137492
9777 50618
8905 55435
991 51433
9984 84324
58525 84146
6891 9878
6606 6633
1213 2040
3192 8467
10959 51014
10951 84717
55603 58477
2590 7905
25929 50628
10383 84790
7094 7917
4627 170954
124245 440145
25994 51143
10769 400793
7874 54880
10808 11334
11285 100526767
27072 29086
2491 23421
2872 253260
10528 56342
4644 9260
4354 7001
26240 220988
5501 284695
55781 153241
10471 25885
6134 55131
51692 221656
10985 113457
387 810
10611 64792
23309 57798
10376 54442
55634 84233
4067 23603
8535 84833
2810 10746
80179 91663
5885 6227
65008 79184
4736 6238
5129 7917
10730 51366
8454 22849
7417 51592
9798 10959
3178 9582
8574 79003
1075 6608
1213 55802
585 57534
25936 57082
810 1601
6218 11224
657 26227
28973 146705
6646 55177
51512 60682
5111 10714
5256 55177
4736 10528
8452 90480
3064 5595
3646 6143
5442 6134
10950 23019
1104 55706
3996 5584
25793 51593
23503 127253
8976 220134
6141 55166
3508 124602
8735 51199
9026 9632
71 399687
5499 10413
7532 7534
11164 220134
11346 64423
5018 112714
7168 51474
5635 9693
5515 51188
8021 23165
4627 6749
6168 54512
571 91039
3728 8655
3065 8354
5518 8655
10972 29993
4116 9696
5908 57505
8036 55830
983 9088
10212 80145
3192 10189
54821 81037
4641 133957
64978 65005
5862 79073
5119 25930
6134 113251
57122 79023
1975 58525
57332 84319
54956 65008
23603 90102
5577 22994
8574 10403
54433 54509
2314 22919
9197 57572
5888 9197
8826 26037
10528 10940
7111 55930
6651 22920
6840 23603
51053 79813
3065 8364
498 79137
3192 6227
24137 285643
5905 7329
4904 6272
966 4628
22919 60312
983 10694
7126 146705
5165 10574
11232 114876
4664 29127
3065 58516
2317 51474
2547 7014
160 23603
3192 6173
657 26509
1290 7052
5518 90231
11346 92521
64282 79873
5156 8563
3298 79882
6275 57649
23403 399687
2319 10159
10159 54407
9662 57536
4085 6548
4637 103910
781 4848
8237 25847
11073 90459
3837 91746
170506 387119
23019 246175
6731 56647
22868 54534
57606 653784
3096 100526767
9774 201627
3185 54927
3185 23196
6921 6923
1314 90488
25923 57231
8661 26058
2317 57826
8514 8724
7431 81493
5108 22919
9319 91748
571 10549
3796 113251
522 2629
6637 10808
81620 404734
56339 57721
8266 64781
6607 7072
999 84726
3672 3984
8481 85444
51061 121441
7086 29966
11196 51160
4628 8650
3192 83608
7917 23408
1832 9919
5901 10749
4221 9968
8089 9232
9984 81550
1650 55215
8036 51642
57697 163786
71 7414
10084 29105
9221 51147
2317 79026
10202 92345
1785 3842
1398 51642
805 4628
4848 23019
23046 55605
9112 9678
60684 126003
3178 65065
81 22919
54442 90293
4869 50809
10608 60684
3678 8473
8454 8881
9321 9950
51474 79901
7431 10211
11104 440193
10632 51366
6944 10856
64837 89953
720 8615
9218 30968
5500 9209
830 51517
55165 128866
9330 51366
4751 92399
9532 51175
6809 25939
80097 85378
6809 124602
3096 51652
11171 11258
3184 3691
1062 10540
7879 79188
7874 254065
26509 51026
1069 8291
10735 113130
5520 55844
6867 9218
3184 3310
4012 55027
7203 10575
23091 121441
84318 93594
3728 11346
121441 729440
522 79137
506 57007
3320 3326
1105 6134
4673 55143
1429 116115
25885 221830
8321 51009
7046 25896
1213 4628
9774 9984
4999 5001
60 5358
1453 54922
891 9088
5261 8354
7726 23787
26092 63891
3615 9179
2319 7798
23421 79682
1340 54972
740 65008
6950 8439
4643 8826
3837 727851
6204 6731
7559 8697
3726 55749
1613 2316
163 2316
2580 64397
5192 10286
1104 11234
51474 445815
25906 26271
5518 55038
51337 152185
1017 60312
10848 11116
6731 57062
8243 51264
54557 57552
3482 7520
8301 54443
2316 8826
10613 50804
4123 54557
3833 10523
6809 79791
3192 56919
8260 29911
657 10989
26574 51750
10456 79139
8663 11224
7874 8531
51069 65008
8036 146956
908 6801
10632 54821
10376 10574
161 3832
7329 100534599
908 10097
2186 26517
8574 57606
10342 57222
79913 152185
29882 57587
3837 79882
4641 79003
2317 7798
58490 165918
54962 84458
8353 9495
2303 5520
546 9767
6840 9260
9179 79968
84444 286205
51728 101060521
7272 9700
6606 54960
7716 81565
5347 9557
1620 84254
9984 51373
2237 26046
10342 129531
5537 22870
22938 51340
3320 83640
6566 7786
9532 11180
24145 25793
9260 10093
5048 90161
50618 51026
11346 199953
3192 56647
6790 51574
5108 84131
4085 4245
10694 25813
472 54502
4869 54888
5962 7430
5595 64062
10528 10885
5586 10970
10611 23093
9919 79869
29766 85464
5033 84612
5888 51750
8623 22837
2064 26092
4695 10959
7343 7431
23064 57224
6128 6731
6134 6238
6134 6139
3735 3895
6272 284040
1104 3840
23431 284217
546 6921
701 64682
1373 94101
7533 644815
9585 30836
64601 64960
2872 22841
5693 8454
1639 51143
7168 29941
3192 23196
9826 10801
84233 113457
10575 80789
51251 83667
3309 55722
23071 64708
3835 100293534
292 7283
9262 23195
3678 4646
11222 51160
3845 8411
960 10211
3833 11234
2011 51535
22837 55671
10213 55049
1616 128866
9321 9761
5591 7266
55752 151011
8563 84321
5431 9532
7170 8826
1407 7917
7132 51808
8615 90522
5518 9801
9612 54892
22852 55722
8907 51512
331 6611
6418 151648
8666 11224
23603 91624
6134 10360
4259 9218
2317 5576
7283 79751
6134 8665
22800 121441
50804 387338
2762 28952
2146 5252
3192 26156
4047 55930
1104 92856
1398 3008
60312 399687
1778 10121
1017 10095
1643 8533
9972 11097
9693 57473
6272 10347
3192 80742
51188 51750
64784 128866
3831 54715
23136 91748
8924 10112
29766 128866
10159 10970
11186 64837
2961 4137
7798 22974
8826 26030
8140 55362
324 374654
10808 63982
6674 25923
5216 5595
10951 54904
6801 22948
5518 55722
7517 23770
657 4853
54443 57175
4057 115106
3184 343069
8314 9810
6208 23014
3633 55177
6625 54960
10884 112936
55914 79660
6731 8354
6426 11051
5869 199953
51430 100287932
1454 28966
5981 54442
1213 6396
23650 113457
1445 3159
4088 55425
3726 83892
4638 5500
6134 9086
54443 55527
4116 79939
10626 64841
8508 10625
79839 112936
5493 7203
6275 10049
9700 80817
5770 27333
4628 4641
7329 8480
6882 8452
490 79172
29115 54962
1213 2317
5445 29966
5256 5261
64770 93594
6134 11180
4172 10155
1854 27252
3491 57465
3835 54566
3692 23133
3326 9532
3646 54014
51362 339122
2580 3092
81555 92745
4088 6813
10802 51512
991 119504
4946 10390
28952 51699
1062 7533
6272 55131
1407 54892
8450 9730
8940 11051
8363 55166
7329 129401
51321 54820
657 60493
9126 56648
54443 91624
6045 23429
7283 64834
64946 92399
23067 23144
8655 90102
3836 8731
3008 4869
3726 7515
5500 10093
55718 116143
2316 90102
9972 84928
83746 84108
4869 90441
1642 2873
51474 399909
657 3615
9828 54443
80205 112936
4641 84516
11224 26058
8243 8975
7879 124565
2706 63967
2976 80155
10528 57062
9646 58490
3646 6235
708 55692
57128 84759
3983 23603
10855 79137
9275 55655
4869 728689
908 23046
11130 196463
7278 25972
2316 3678
5439 6829
11218 25929
2091 8358
1072 1627
30827 259282
832 2580
7001 79137
7917 55075
79003 153090
5936 79837
11180 11224
5756 8826
8735 9040
55699 84612
10174 25906
9600 11186
8089 64061
3799 8878
6134 9532
7283 7410
6238 11224
4839 10492
5499 51474
5584 80742
1994 6625
64423 399687
5518 26127
5099 5711
7756 9184
9968 400569
9662 23094
56667 122481
22974 201562
6884 64781
8819 54433
23354 115106
83746 84861
2664 8939
6731 115098
6830 8780
11152 23130
1627 7798
10959 54407
51474 92521
3832 83658
8417 10921
23219 121441
10460 84282
6239 8697
8540 9694
2959 8266
3799 124565
23291 28998
5202 6830
10528 84656
6500 22992
8777 9662
1063 57673
10459 80222
8370 54465
7533 53635
54433 64324
1181 23588
3895 4869
26092 55154
8350 23133
4794 221150
8243 64146
832 399687
10951 11335
10112 51773
9031 10808
4645 10211
720 3835
1072 4627
55605 83692
9968 9969
3476 5531
5905 399687
5478 10059
6237 84318
4928 404672
6184 84790
6908 165918
2316 60312
8655 10142
7533 10179
3065 10362
55012 79659
20 5395
8233 51092
3192 26995
605 112714
538 6045
9875 10528
8481 55722
10419 50804
3093 57674
4116 23060
6499 53916
22999 29966
25942 79595
5576 445815
5693 57724
6510 54949
6607 100287932
9209 55930
3099 3320
54892 55813
6117 29102
7168 79801
3996 89777
7469 57117
5500 23094
1213 22919
9793 10989
9987 220988
2060 11346
51434 246184
8660 81831
3914 10959
6853 54487
23607 51510
2935 8668
338 79643
6124 26093
538 3842
57122 348995
8535 100532731
4678 5436
144983 375056
9128 116987
60 2316
23518 84148
657 10058
84717 283489
10856 81572
8450 79016
324 2319
6942 23014
2547 54386
5708 9861
5261 79660
8826 286262
26123 29127
51633 92106
2017 8826
25923 55152
1062 51399
3836 121053
4580 11059
26093 84248
3065 22906
10963 126206
908 8439
467 3725
3831 5432
22916 79876
7267 10611
6048 6607
10528 56919
2316 10801
9493 57553
3775 29927
7517 9862
5111 79980
54534 100526740
7283 10694
9632 10188
5932 9456
6168 9112
23530 57606
9968 10558
9885 54557
10959 84896
6426 64062
7917 117283
219927 254065
1314 23138
3842 79039
10682 84501
6210 8661
5567 8165
5139 84790
51399 79003
10801 92521
55844 146330
8607 80304
79039 286077
5108 84318
3726 55163
498 515
5500 25921
55558 116840
3775 23505
2230 246184
2923 3643
302 399687
8607 64431
445 5862
5438 63935
1017 8574
9112 53615
79677 286053
6726 51013
81789 84717
5531 8030
5595 25929
2073 404672
11346 286262
5080 9040
6830 7112
3320 22837
154141 284119
6942 54815
5567 8655
657 84317
323 4690
983 1111
3482 51512
10075 84131
2595 8243
23165 81929
23528 128866
810 7171
151648 221443
8178 8481
6606 8161
22919 81888
6182 54534
7153 9793
23517 56915
6606 100287932
58490 79577
8030 11232
28977 54534
6134 6201
8148 9968
830 1192
5711 9342
7112 8344
23107 79791
6731 338657
3184 3692
890 8454
8329 9939
4085 84305
9818 84284
10528 22907
54930 55559
908 9532
51073 65005
1829 399687
51069 84930
810 5501
800 63979
1642 79269
2891 11319
3646 51386
58490 116143
2314 80179
51199 80349
6093 6597
29882 65250
10213 81555
292 3688
56992 79767
9611 81930
8148 284695
5111 84669
3309 63982
5099 5894
213 9895
1104 6613
60 4645
2073 22974
9984 126526
5566 8615
9961 23291
25945 114548
8451 140710
7257 64146
20 7533
22796 128239
29766 445815
6731 8358
2801 54972
23144 196441
22974 29127
5062 23219
4302 10528
9328 54892
5257 5261
800 4627
3188 9582
3678 7798
4802 64801
11224 55781
3329 55602
92399 246184
22897 197257
6837 55090
60 64423
8774 9895
51143 80728
9232 9700
998 51082
10193 140710
9662 9851
476 2064
3104 23244
2629 10771
2677 23385
9325 11224
59 29127
79172 378708
23511 23753
1459 3646
3192 134430
830 10540
28952 51397
60 57498
5868 8569
54487 79677
673 9525
7052 9901
5437 11228
9282 9694
4869 8653
5715 83667
6944 8089
4646 54443
4869 8661
6923 56963
10009 112869
6205 8661
10363 50809
25930 25978
983 1176
7257 84549
5770 57498
5034 8189
3185 10432
23603 51474
2803 83715
6622 10250
5984 6731
3842 222584
1312 2247
1601 7168
4628 26136
4659 51474
4928 53371
51430 284217
6134 56647
8678 23195
1213 9961
3178 10949
25913 65117
490 7879
23780 64781
9640 23613
3064 9531
7534 23218
2932 10023
29015 154141
28966 102800317
64858 80205
25847 64682
5531 7203
84678 84759
5979 8353
4292 140838
85236 374654
6837 84246
3932 114799
1495 3309
9147 55142
9968 29079
9218 22995
9722 10921
10094 103910
1312 25994
3832 6161
23157 23534
7087 10535
2521 57727
5902 51397
54865 114548
301 51026
64418 81831
4256 51366
5537 26091
3192 55133
4085 25814
857 202018
3836 53615
7905 112714
64837 147700
29095 94101
9646 27125
867 7520
5987 56652
5429 8449
51517 79677
8881 51434
2060 51474
5099 9429
1211 5500
1739 55327
5129 84930
81 23603
2017 4628
3491 22796
60488 96764
5261 440093
7037 9061
6205 54737
23191 170302
5599 8337
998 10935
1793 6607
4869 5036
1454 22994
2182 93643
25842 79711
3184 128308
6189 10528
6238 60678
5436 6829
151903 100534599
51343 84779
10120 55860
8021 55746
4998 23404
498 55362
8439 10574
23603 92521
9646 63982
2771 4627
4869 51065
4298 54880
670 8505
6015 100532731
7037 10211
7158 57222
54919 152185
3837 57187
6727 64837
6426 9667
2314 23603
538 9521
3895 5825
3396 65005
6228 6238
810 8394
2580 22995
8087 55236
3726 27333
1176 24137
60 3956
6418 23255
29127 81669
56851 83460
9169 27229
5500 494115
55364 79577
213 26517
23435 29127
1121 7879
51010 54512
830 23164
6272 84669
1213 84985
4998 65003
10376 93436
998 57688
1062 1639
7517 23310
25822 57617
2245 29074
6625 10921
9326 54821
1459 9135
26233 114548
2177 23421
5546 11040
1062 4552
4869 10061
166 3932
7917 55558
6599 9274
3646 5442
3875 81610
9274 51575
4007 7283
8915 121441
2547 286257
6812 9733
51363 79939
6134 25998
1062 2010
5878 25777
203 8473
7517 10067
6093 6599
5584 100287932
657 7037
7257 55660
9392 55823
8425 114548
5878 79901
55362 55795
4719 7879
6606 8487
9213 10460
3895 7517
51026 114882
6683 128866
4007 5515
27089 51026
5888 10363
51474 399687
2177 94005
6830 8607
84081 93380
7283 8500
54462 55607
1017 5127
6622 389541
25813 79877
5700 5717
10959 192111
5202 101060521
11316 23071
23077 220134
830 5500
10096 55930
11316 22908
114791 440145
9218 10989
6134 10436
7168 8218
3959 7278
8655 29888
3337 84162
92715 128866
10094 23603
1213 57559
3688 58490
10460 90826
6711 10801
22878 51112
2547 284001
5878 6048
84790 255394
5435 9817
81555 84759
1639 11190
5645 51092
5434 101060521
5515 79073
9967 122060
9857 55722
4621 11080
5770 11331
1024 8353
5711 10611
151987 728911
3104 10257
3476 5537
8237 8454
4751 8697
10615 22919
3305 51164
23708 51637
2109 10159
4141 9112
5984 6238
55177 57669
55814 121441
79682 79830
4627 84168
1495 22919
5202 10694
5700 11047
1212 7168
8266 117283
4215 117283
9184 25896
11340 23404
4998 10423
4802 64960
2040 51026
7278 8100
1069 3184
2767 7168
3188 3190
57181 64858
7430 83696
64146 79913
830 2316
54093 79585
55722 197335
8243 23063
5692 5706
10921 55214
5518 116224
79848 153241
51160 93343
6840 10211
55605 81608
1718 6622
10160 10211
1627 2316
8036 153090
8615 23164
51026 80856
6635 23158
8607 10933
6607 92609
701 929
2317 135228
5311 6734
5518 7297
8341 51147
708 7384
26233 80218
7533 56652
5430 64859
58478 256126
4927 7329
55723 151648
3726 79002
5082 7917
4641 6711
84317 128866
79228 80145
3192 64978
23607 90488
830 6709
26973 83461
224 5584
3320 55664
1639 54442
51608 284217
8407 9197
4641 6712
53938 54557
3983 10749
4627 7171
55722 64210
6612 57533
9968 59349
60 7111
3646 6157
51426 55558
9559 84079
5562 5987
9319 23385
10528 55505
55327 221749
56254 57606
1627 6624
5903 6613
54865 79003
79657 197257
5500 11078
5500 9919
5500 54443
2923 84078
80205 339122
4905 9525
8036 25957
3718 10558
4869 6217
57553 399687
11321 55718
2195 84501
1063 7158
6602 83715
8439 22948
25930 80169
1213 5500
2872 11051
4627 6829
5198 7266
4628 4646
28990 55069
9314 9532
79023 84759
10611 92399
3710 23607
2316 9824
4478 80724
7675 54737
11186 51008
3775 54499
7905 29117
8881 140775
56648 121441
55148 57007
8089 145482
5500 60312
3832 8353
7112 166929
8454 9400
1468 65008
7517 9183
10097 11346
140707 100134934
472 10929
5692 166378
2875 5898
3691 54557
22994 153241
2091 8290
3908 146705
23067 30827
5979 8357
5000 147700
4928 7791
1062 4149
4628 7169
7171 29766
4913 11224
55602 57697
805 2316
7283 8702
7917 10744
5908 84669
4751 5711
3646 6732
55719 79677
4686 147700
7278 8502
51013 56915
5719 10213
4627 23242
51340 339122
6500 54433
51061 83746
960 2317
5139 55704
5802 6301
5888 22995
5347 7813
8242 9878
1459 9600
9377 10492
5111 9722
51174 51175
3015 4869
64895 196441
10202 100526767
8505 26058
9532 11080
3192 55299
1642 23144
1212 22848
5371 81608
8881 26271
9126 84248
25930 128866
1024 90390
6880 23285
23385 64210
6117 6118
9939 163859
5202 79657
4659 80179
1639 9791
64781 80895
71 5500
4215 10746
23384 55930
810 90102
9694 10523
10393 25906
526 25930
8826 10109
9541 55215
6830 11104
2316 80179
80198 114879
8574 123169
708 2109
1069 134359
5576 55722
9352 10213
79876 81611
5552 196441
5226 9939
10363 51317
4088 11059
51363 60386
6426 7994
5885 8243
10613 10959
29127 285203
10540 10671
6731 8890
439 5518
1627 128866
6093 8733
26127 57464
23708 55501
7112 10459
9550 54557
10452 65979
4810 10006
22995 84318
23607 30011
998 54922
1829 7168
3895 5586
8668 8971
29072 261734
4627 81844
7879 9213
25936 147841
3697 10452
6625 8487
5595 6926
3021 3832
8668 27043
4928 6613
51053 81620
7444 197257
2580 8615
6596 79921
1191 9344
6272 79724
1072 4641
22974 91624
6396 9919
4085 4673
4869 26156
64689 222584
9847 54557
6158 6731
11091 57669
4641 7168
4735 51726
3652 79876
996 246184
1912 6045
113457 114799
6683 23473
5520 23071
4299 22936
7278 56946
9197 26586
50813 441519
54865 64282
1399 55364
890 92002
3993 57480
10299 246184
8881 10393
832 4628
7741 79038
3184 7094
65095 80218
60 84859
10801 54442
3708 10769
4008 4627
22919 84318
4927 4928
23513 55823
8939 9919
10972 30968
51512 286077
113130 286205
4288 6134
6837 9282
3065 8368
3832 8668
6709 8914
3646 7153
3833 3840
9454 80817
103 4609
57534 64770
7112 11340
3396 80143
8661 54931
11224 55771
5518 8994
8881 119504
5347 57448
25873 56915
5515 9989
7283 85378
7013 64965
7283 10165
5584 29100
528 6611
79832 81610
6152 54737
810 170954
6942 9678
23530 246184
54737 83658
9525 90809
51474 55930
22878 80006
10211 55362
983 83874
1627 10093
966 2316
7525 9260
4839 10528
11130 79003
7726 10523
5885 94025
23376 79832
10959 27333
6606 54929
6625 6634
4627 84445
10084 116447
810 79649
3875 9919
506 8321
3326 7517
3678 3688
6396 7329
10806 22994
6646 9218
5908 60488
7534 84333
976 8454
23607 152503
2580 10116
55166 121504
1213 51651
54442 128239
4810 10492
10694 64223
7431 7879
8148 389677
5499 79660
5728 25879
25978 51160
1642 4860
2181 11186
5567 5576
7465 27154
488 154141
7534 84501
983 8891
5898 90231
54542 93380
6647 124245
5034 9695
6599 51806
8615 23384
51510 54557
9700 26502
3837 10527
642 5599
5878 9382
3831 89953
5144 5783
3726 10078
10458 80223
10612 102800317
10959 222068
5982 51013
9218 23070
7171 10211
1104 2314
2683 200734
1192 5501
1024 6926
3298 4686
23404 118460
6874 23157
51514 51652
64770 729440
7257 7531
8726 23512
5080 5901
10095 55930
996 8881
657 2040
1613 399687
3895 5445
4628 60312
4697 84148
25824 56121
2353 54874
3775 29015
9785 55671
4627 26063
55083 55327
9646 10557
56852 84250
3835 51460
23085 24137
4731 8243
6923 197257
4628 4643
4175 4176
8148 29941
4686 259282
8563 10212
27034 197257
27042 55602
5783 7265
3801 4215
5641 10535
5111 79915
55644 81620
8454 83461
3775 6627
3646 8669
8086 9972
3192 79039
3185 54499
1622 9662
6996 10013
9662 55763
10179 55644
1856 143884
8021 23511
3837 57680
5339 11346
4216 5908
8295 117143
1213 9230
25885 51082
4641 5500
8508 22948
10557 259266
6432 440145
5700 8031
3835 9015
3315 9531
8481 22994
9197 56926
4848 10437
1639 55614
7265 169714
4686 83706
57662 92345
9738 79598
1499 139285
7520 23140
9126 28958
6386 23019
5501 27332
9112 29086
11104 51750
6272 221496
2664 5872
7270 83746
5878 29777
8826 23242
8563 80145
9700 11004
4998 64960
54014 55930
6844 441518
9775 55236
24137 65056
9314 56675
4795 83667
5165 6950
6134 51191
55703 101060521
3192 4931
571 84061
3831 9221
1936 51474
9821 10075
5894 6606
23476 93380
10109 80179
25930 57132
7283 54464
498 23385
54534 64976
4292 63916
51474 91624
22948 55159
7372 24137
5347 29922
1654 25929
5562 5565
581 89777
3159 3833
5954 51512
4007 23158
6237 23376
5831 8697
81 51474
9991 22852
3646 6217
55226 80233
6647 9589
5576 11190
4171 4175
9183 23256
5170 10576
8314 79077
3298 84033
8260 80218
5160 10013
10513 11228
8332 9939
5903 157313
7329 79023
22818 22908
29941 220134
2316 6711
2017 80179
5692 25793
6130 7272
1340 51092
550 7283
57082 79980
10951 23076
3984 10474
3192 51154
3032 6607
9631 10849
4641 11346
1964 8661
5500 10634
10576 131118
50628 79760
54534 128308
9231 11116
80179 170954
5331 6272
54534 64928
7741 192111
8470 22919
2521 26995
10042 22994
26086 93349
6134 6194
3833 129401
3646 6204
801 9260
7329 51514
1029 6418
8359 54465
369 28952
4641 283431
23644 55802
30968 51026
7158 55114
6045 11180
23355 55823
29966 54873
55142 93323
4609 11285
6622 25962
8451 51138
4863 9179
7414 113130
79077 128866
5213 91748
23268 51512
10439 22995
5576 22919
8735 196441
1213 102800317
8241 51678
4641 8496
10016 51026
23157 56254
7874 23607
11224 56829
4643 54443
5202 151648
2107 25929
2182 3184
1062 145508
1212 8218
51652 79830
9197 55219
5518 8541
2316 11217
960 11346
1856 23085
23613 53615
8971 57332
5208 27315
2091 3070
5878 6204
721 8615
1479 81608
27238 64837
7553 10526
3688 9185
51474 56616
9678 114548
5700 51134
57129 96764
3835 10390
9817 83706
23225 57122
53916 64216
7329 727851
9218 56288
3993 342184
9330 54534
10188 51512
10801 55752
22803 91368
5884 50813
989 54443
3646 6138
4928 29107
4236 10084
3775 79939
4627 7280
6712 29028
9694 84164
4714 7879
26233 84501
22938 151903
3431 3835
11186 55140
10492 55226
11116 51552
1459 10390
2181 3832
4627 54443
10528 23560
3185 4670
3850 22916
4848 29883
8481 26005
3065 205327
892 1024
9262 23197
54556 55929
641 7156
6238 84305
1173 9260
1627 4646
4628 22832
22832 22919
245973 283237
1627 7525
6383 8535
23603 57596
5435 11128
4287 9274
5255 5261
6731 9652
1069 57486
10134 79073
79753 83706
26091 83540
890 6500
9810 51514
10342 27243
23016 440145
6122 6238
830 79968
6128 25998
3707 22850
10121 55677
8607 221895
6840 80179
8450 8533
6597 6599
9631 79784
3028 8661
7818 25886
4676 26093
79939 154141
4928 84928
10152 57224
1459 5599
7257 9123
6950 7517
9972 25904
8508 84164
1069 23271
657 7384
8502 9632
55626 283377
10013 125058
5692 5694
302 79026
3646 55341
5595 23283
3476 7203
6607 57563
8496 55605
10959 23256
1601 29766
55699 128239
11224 170506
1072 54443
8355 55735
118 23603
10985 22870
10016 121441
830 4008
5351 23291
6711 29766
7283 27316
2746 6607
8394 11224
7533 51564
991 10694
25847 51434
4731 121441
4701 9218
1025 7517
9917 51808
648 8535
6596 9694
10211 445815
657 51599
810 23164
908 10576
4085 7922
6138 6731
23759 147700
11224 84318
3895 10607
4698 9218
708 80829
9112 10363
830 3708
7087 7917
26093 64135
2932 5573
2060 10211
84254 102800317
79026 84790
9114 10159
7023 23291
26092 131474
581 7528
830 10211
9439 11224
4641 85458
6607 23471
10389 57332
9328 9939
60 2317
5356 22938
9939 55766
3799 9318
5898 55165
3065 8726
27072 64601
5693 5718
9919 9931
2091 8161
7168 23242
7517 30849
6731 85865
6117 84033
91452 147700
156 5993
10094 399687
51026 80346
5111 5981
10972 126298
10617 25930
6242 25906
23001 121441
60 5710
60 2771
7385 55177
3065 8365
10342 26233
7170 80179
8615 55755
6894 128866
3797 200081
10229 26086
5286 80179
11078 54443
129831 100526740
8021 9119
9632 22994
6606 128239
7283 124245
3959 9931
55364 169714
5436 9282
2317 4644
22878 152185
5202 116143
5261 8968
23170 55975
2975 9330
1495 1499
6622 96764
51535 55835
3796 81608
60678 84612
11104 79768
51026 54407
7917 9112
9919 55755
8508 10855
3726 7126
10575 116143
5586 285282
10623 101060521
5433 58490
1213 1454
3837 89777
7278 51517
79724 151648
5523 55702
3646 6147
10557 51147
11224 51642
4810 7533
10959 201595
3832 4641
51175 58477
9054 10460
7203 81929
28998 54534
51340 91603
699 8880
10179 83667
10524 54556
22995 729440
55177 55735
79184 121441
801 1627
3516 56254
5930 10959
1613 80179
5094 23132
11160 23376
4216 55110
998 54431
10769 116092
9730 64858
4627 4638
5558 7917
7329 57122
23138 85444
9521 10806
999 3148
9851 11116
11073 11222
9218 140838
8243 57179
79577 80349
3835 3840
10682 25813
1741 29062
6272 64282
9128 10694
11224 79009
5504 80145
55722 153241
3775 10985
8932 57504
4172 7311
6426 27332
5127 81875
55644 64802
810 7798
6877 23046
10286 54853
522 8697
23063 374920
54972 55004
3838 23157
8826 9126
810 22998
11224 23126
54882 221150
6191 6238
6633 25929
55718 84265
7251 9798
2314 4628
83860 440145
1453 5187
2182 64960
11224 51043
5518 253143
5684 5693
2733 5903
23085 51363
6193 6238
6045 84733
288 1407
4116 9939
8914 25978
810 6709
93380 284119
29086 80351
6712 25842
8932 9314
7158 79677
6734 80155
8036 83461
55011 55718
29105 124602
10211 128866
4641 7464
6134 27350
929 51105
1024 5469
6730 6731
667 54443
6059 7520
2332 2629
3646 6125
8099 8932
9218 375743
8655 29966
7203 201562
4629 387522
8546 9631
1838 54962
10808 55346
4074 8813
5580 85236
10625 11319
522 8881
1213 9632
51646 54994
9525 55704
1975 5728
539 57007
2060 8301
2580 126353
6134 9652
999 3032
22994 165055
8563 54663
4690 9830
9694 56851
8815 10806
8295 26122
1601 4628
9141 10575
8323 54972
7534 23074
55112 83658
1407 79767
2931 55703
7153 84501
9342 10228
672 4624
5435 84265
2245 2677
3646 23521
546 54014
830 3983
57592 90231
310 5599
1069 26986
10919 58525
7391 51585
9919 26128
1994 3178
1130 3993
81565 85458
5435 9529
203 51780
1062 23332
2677 6607
788 10492
22852 64770
7879 9761
991 246184
20 4609
5500 9667
476 3842
3192 64848
1982 3646
3184 4904
5931 8726
5527 22936
6731 84128
5978 58525
9587 10971
387 23603
5518 23041
51013 134430
4659 29766
55168 65008
4628 5286
6426 8148
6134 6191
10614 79913
9646 79837
57697 63935
1829 8826
80179 283237
4621 9532
983 6950
10527 23511
7813 10193
4627 64062
63967 64946
1186 51160
9878 54623
5500 26136
810 3956
805 2580
51188 51646
1213 11346
10409 29766
8940 10159
9456 22837
3775 80006
9518 9818
7398 11104
8517 80223
112464 128866
55722 343099
3431 8914
1452 81610
160 2580
2962 11004
6134 440093
1153 8535
5435 51586
1181 5192
5832 51026
2968 11224
1104 8358
51175 441518
9694 83732
54443 151011
5708 6050
1627 8301
810 7184
54433 83732
3185 8402
51575 80233
6146 10528
5395 9646
1072 91404
6206 10951
6829 22909
4627 4628
908 55159
9984 80145
54534 81554
2908 154141
79596 79866
9968 23558
657 128866
9585 96764
9851 85444
3832 80742
8668 653604
810 10109
5202 8439
983 57643
3840 26148
9306 51092
9585 28990
128866 284119
818 11346
51018 54557
6272 286053
6134 8668
4869 79009
24149 54557
9793 51188
9587 285527
7168 10095
11190 90231
6093 7520
5371 79980
1778 8655
5518 55345
2186 51143
3192 10557
7052 58478
10847 115752
8735 79365
3297 81555
498 57007
8604 9777
1891 79784
1191 57678
1213 9798
9774 10189
689 4299
22974 29914
5576 8165
6194 57332
3895 57488
10273 10452
4149 27072
65008 90480
9092 64146
26235 121441
8454 84881
1104 8021
56938 161424
2317 5878
832 4629
8260 9412
1479 4627
4625 63967
7994 85378
5516 11235
372 7283
4848 6183
51164 84516
5156 23256
5371 26123
4836 80349
1072 51474
830 4644
990 10528
5908 80746
3326 26973
1387 1778
498 6606
2036 54442
10856 55929
55898 80179
23285 129685
5786 79003
521 6606
23020 51340
7168 399687
10200 201627
830 29763
810 55930
11224 23367
2108 6611
722 23644
23 9694
1060 9972
5528 221749
4624 144108
9587 63967
8241 84779
5515 7871
5903 27243
5531 10916
5987 7874
9019 64282
9919 54477
8481 23093
84717 93380
5591 8607
2091 9136
708 51026
7533 79882
55787 79643
2664 201475
3065 114825
6134 58506
8175 8260
9939 221545
10190 10694
9662 9757
8880 10981
3065 27351
26031 93380
3726 10180
54462 54820
3708 54442
808 2317
4628 59345
3301 10013
27297 101060521
10844 653784
9260 103910
3621 25942
7158 23528
9730 79016
2316 9260
22995 90480
2314 11346
56675 114799
9197 10207
4171 4173
2103 4619
4628 126353
4627 80179
23511 51203
8924 9925
5213 83667
3838 9733
3611 3796
2316 23022
8574 29966
93594 153241
10109 54443
80155 84779
5693 5702
10155 10951
8508 10575
4628 399687
10270 26993
8678 25983
10437 23157
58516 81844
6731 113251
55930 57175
4149 23411
5034 51729
60 4660
8451 80344
54880 84759
5286 9632
23385 201595
3184 7132
1453 26093
5595 7335
25929 81493
4704 51026
71 830
3993 55364
6809 54972
54512 118460
1019 57169
10972 23411
60 3983
10951 51642
10935 23607
6599 196528
10528 201161
5202 23397
3842 9972
5091 7283
3298 8563
5501 5510
3801 8924
166 11116
4637 79801
5644 11258
9939 84305
6137 8661
1457 57587
23219 55671
5500 85439
5562 23198
10159 10848
25994 90378
23607 55165
1211 1627
3672 128239
6500 55813
2005 3833
1130 147700
1192 9197
6731 8355
51008 79677
3065 55809
2332 4580
1017 5111
3148 4641
9643 57649
6130 6134
9818 116447
23468 114548
6606 79760
2959 5439
5710 51474
64425 79643
5610 91748
54809 57035
8780 114879
3959 9169
54737 55794
11179 27238
6830 51053
153241 197335
3104 29803
8330 9939
7153 10951
84833 94005
9219 23613
2332 9984
7203 54978
9260 26064
4869 27044
1387 84833
11258 55660
4904 10951
57122 129401
6134 55178
7184 23049
830 23138
3192 23029
4478 57547
2770 51474
6923 9260
4299 27125
7112 8479
4627 7798
57522 220134
7465 151195
3184 10492
8615 55676
2783 7203
9712 11258
7862 51147
4869 9100
9361 10128
8481 222584
3189 6426
57179 64601
60312 80179
51188 57606
3178 10657
3832 5213
5993 23317
998 28990
23317 256126
55177 79979
1130 10749
7171 11258
1104 5901
8508 9328
6950 55605
22994 55142
10097 79901
3895 6146
2017 23603
4729 7879
5756 54443
8604 9495
79365 113130
301 10342
9219 54509
5537 127253
3030 54442
6238 10557
3065 10919
54442 203068
4193 162466
1105 4869
1314 22820
9694 51776
4641 58472
55832 121441
2317 170954
57536 85444
4641 7082
2580 5518
2319 11346
8724 64969
8451 113146
998 4437
25885 116143
6872 9126
8655 123811
1368 6683
10951 286205
8100 112714
26086 55432
7087 8036
9903 90293
1104 8487
2317 10409
8766 115704
6238 6895
3728 29766
891 9061
1062 11346
8563 9147
4628 374654
50855 51776
8546 221150
5080 7335
3309 90417
4085 84131
5500 9948
10112 114825
23394 23708
6134 6143
10951 65110
4869 8467
3984 6237
830 25813
5586 10613
51474 57826
1736 4354
6275 11064
11228 57599
116840 400569
11190 54344
6185 10959
6418 91664
23071 84545
6238 57099
7168 80179
51594 124602
5783 8733
6093 283431
123811 153241
2771 9260
10112 115106
2976 9329
4628 11346
4478 5770
8450 80344
8914 63967
4628 445815
890 6882
7095 54972
11171 79833
10981 57572
197257 200916
26517 79670
120 830
4627 85439
9632 22872
4736 55166
6777 55723
1212 23607
6731 8661
721 3835
6275 121441
2058 5586
9126 54552
5878 63931
11224 23269
81556 201626
950 25953
7416 51026
8665 8668
8655 23074
3839 4686
2804 8655
8260 10036
7741 91351
2683 3069
7168 22919
11331 128866
10856 25911
9646 57222
2130 3852
1063 10611
546 7112
54960 79760
699 84164
6426 10491
9352 9861
3959 23310
6128 6238
8819 51742
4627 10634
8574 22974
22826 94005
23604 114791
3646 6136
9343 10286
9231 9662
11171 79760
988 22908
3312 9532
3688 10525
10179 10972
10179 118460
25923 79724
29088 65005
5516 6418
3728 22837
4608 96764
4085 56704
8089 55257
3032 10763
5612 93380
4660 80179
908 84790
5903 55706
7251 9052
55112 151246
10534 50804
699 23157
7283 22948
81929 84219
1212 55930
4430 54443
5717 165918
5590 27333
4711 6272
8655 9659
3726 6687
5518 64859
3726 9877
5898 7168
160 1212
3984 8409
6895 27161
6993 51143
22994 80020
2959 5436
10897 81555
3728 8312
9632 26509
11116 26005
890 10016
7515 79571
9662 284001
9218 93380
10549 113457
11140 28977
8031 9861
80179 83746
2060 22919
9646 80349
7804 57572
3914 7150
26973 84081
8301 9632
23644 51512
6272 23197
1627 9685
4731 9218
10763 79751
29920 387119
25875 55166
4641 9685
9557 55644
3320 122769
3895 51520
5631 23376
3801 8481
7411 10471
2762 220134
3428 6134
824 3718
80124 90231
3833 84612
57587 57673
890 51053
6134 115098
55388 55722
5347 128308
9429 51026
10651 54927
5515 5531
84759 115098
5537 57646
5245 7879
810 57584
9587 22823
10011 81789
5111 6923
3842 10632
501 84078
6837 26284
11224 55920
1434 3309
10294 256126
113457 128387
2580 22848
3643 23197
6134 23215
55362 84272
1147 8517
6709 25813
6500 84085
800 10769
1017 51264
1186 23607
9978 51514
7813 8766
810 11346
8607 54984
8438 9895
387 55425
23210 92345
6183 124739
6731 26010
4637 80179
5097 55135
3801 64770
6155 11224
9587 22862
3476 4281
5977 9274
808 51474
8450 55143
2146 10919
3192 117143
3021 8535
5525 151246
998 54407
1454 5576
3192 6187
10959 79939
26017 28952
8867 51512
9219 10363
5108 9859
4074 8315
5515 22994
5516 29941
8301 27327
5878 23197
8766 11331
3611 3987
4287 5048
1213 9919
23030 26973
7272 10490
8819 58516
1915 3895
738 2114
2935 9567
3621 8819
682 8697
22954 284217
6731 79697
55644 192111
10694 93436
3104 9513
3799 4810
81555 154141
11116 85444
56829 57332
3726 6734
51008 112714
9184 196441
5576 85459
3192 6130
2023 57621
4710 7879
8086 81929
3835 6778
5983 6134
4149 170506
6134 6217
983 51776
3996 84612
1062 10095
6949 8678
5108 9851
4869 84444
5144 6608
10013 10174
4926 259266
6867 9821
3189 5501
1063 9712
57122 729540
10138 84759
3959 56886
1984 6647
830 1212
103 6426
5501 5504
3192 7153
224 538
1627 9213
2800 8148
64601 80004
2590 5770
8178 8655
10634 80179
64946 79172
1209 151246
11051 11052
873 10952
5371 9454
8819 64426
3188 5547
9532 10969
4849 23019
7248 112869
3980 7112
10959 387263
657 2109
23269 51143
164 8905
4627 51077
8312 26130
60 345651
7917 9943
8089 10933
5598 84444
23376 80279
6744 8724
9217 9218
10733 23543
3842 146705
11224 27044
23607 57553
10575 55135
8140 10959
80145 84248
8260 9847
7267 11116
3842 7517
1832 8655
1975 23170
10474 112869
55327 64398
4898 23071
6646 7879
3192 54552
6612 10055
1445 57648
323 65008
160 9632
908 80179
5868 55684
5435 116092
4175 81620
9590 55602
60 7171
142 6731
5786 7534
3718 8766
10989 23385
10856 101060521
55732 90488
25929 84501
6117 11212
10575 22948
810 4627
11346 84687
8655 10243
27347 64225
10342 55226
6125 11224
3959 26509
65008 122704
3726 9767
6202 161424
23019 57472
9587 29015
10592 23310
3516 9794
6193 6731
5108 55835
9559 26064
2074 80218
8295 8607
546 11198
6625 6631
9532 84162
22920 56667
10277 22995
5898 54509
10409 80179
5351 246184
6776 152185
6878 11258
3842 7203
2317 5899
55814 113130
23411 25793
9857 85444
25836 64837
8367 54465
983 5033
5116 202018
8881 51433
5580 80006
10097 10694
4645 23603
10092 54443
26153 55110
6272 10312
28952 51122
7169 11346
4288 79677
51056 51538
6837 55588
29104 387119
26128 147700
7798 10972
8697 79001
7168 10109
9126 64146
9859 81610
810 2317
72 5500
581 79915
28952 149951
4287 4792
55930 60312
55593 58513
4641 399687
8407 81789
6601 9972
387 11177
3908 79677
829 22919
11346 85464
2800 7917
6222 6238
10526 65986
5701 9861
983 126298
4298 4300
23385 55723
8563 26093
1017 6502
6272 8638
9862 9989
10393 119504
810 6711
9632 11187
708 51142
23350 51143
112869 259282
6135 6238
4172 63967
23603 29763
5878 25875
5033 23708
1429 8452
5097 5139
4928 11040
2146 25873
23411 51514
2664 29803
2316 3728
5977 55137
3845 283643
6092 55722
3021 57599
3646 6207
10951 27245
10806 55704
1105 10951
6747 7283
8668 221092
8574 22938
8036 196463
3895 6218
23385 26123
10492 54534
1660 80145
472 51053
9716 151903
9218 55341
3775 10476
2664 144108
11040 57396
3397 11285
83461 84612
3710 4641
571 29100
9961 10036
1212 1213
8607 57634
9695 51684
2873 8454
9696 55110
11260 93436
8492 55660
8148 8653
4641 4660
3020 8535
9972 57122
6731 10363
9662 100381270
55975 93627
8089 448834
6938 51608
8833 29127
85444 93594
3181 8148
546 10951
2073 26128
8888 29922
2316 170954
23511 54874
8364 55166
3065 53615
9253 51474
476 81555
4921 26973
4869 6147
6238 54676
26148 153443
2762 8036
1655 6134
498 51026
5580 8449
9218 27333
112936 387680
6228 6731
22920 80011
7726 56946
6683 51510
54442 284217
3708 4628
55968 83540
3832 317781
3993 80856
7517 10025
7917 10621
9875 114548
2305 81930
9128 56919
4927 57122
3845 23613
9774 80145
546 4998
338 5080
7414 9919
5393 153090
7278 10847
4629 57530
8481 197335
9146 51026
1627 85464
6879 22920
5690 5693
3718 81669
23095 80198
5586 9521
6421 30827
22994 55012
1017 6709
896 983
55362 81555
571 599
2245 79778
1198 25813
3184 22907
6238 51504
6134 6231
7430 23524
1019 1029
51013 55695
79664 80143
22916 25920
4999 84458
6400 10956
8697 23078
960 4628
7532 10413
8242 64105
3192 84294
10179 55320
5693 5709
1643 10987
113130 128308
11004 55635
5261 201161
1445 81562
54442 101060521
1104 8351
6734 58477
1973 3646
51747 114548
3184 10465
10409 51474
7283 79711
85444 90102
5878 11160
2802 6272
1613 4627
5878 10972
8243 79571
5393 374393
3298 55558
55802 167227
9849 10013
5693 56061
2802 8615
3895 6217
7520 10073
6134 90850
2923 5878
7283 84790
9156 50804
7267 50855
5347 54919
5987 6942
1756 9818
3832 8357
1104 283635
79643 387332
3091 9857
8031 10075
11116 90799
11130 27068
5700 93134
2969 51474
10059 11091
9662 84461
657 6558
51026 79073
6383 10951
3646 8662
55052 254065
857 3726
6194 8668
5684 5692
2355 3925
6731 84294
8905 11165
6238 7155
4905 51652
8480 10576
4627 6494
54801 84501
10347 115106
7879 28971
10763 284217
51026 51606
4627 8394
25871 84254
1981 9344
6134 10940
3309 64784
10193 55159
4204 5347
2040 6683
7905 51009
2060 8826
8517 64062
498 25923
23309 50640
5476 9218
1186 5878
55083 79872
9218 9926
29127 103910
23140 96764
10521 10921
79003 79571
10576 55605
6647 51317
6809 8036
6427 23158
9619 151648
6418 140710
699 27348
829 85456
56478 64781
9419 23515
546 7155
2060 4627
9532 51608
54520 79869
25906 51433
11130 51776
4331 63935
23759 64837
5862 57572
6222 8661
11224 91408
5888 56259
8407 25900
369 3718
6134 29997
60 4643
5692 22826
2972 55610
9632 22903
989 96764
10075 81855
1058 23107
6134 9045
8237 57092
6241 246184
10084 24148
3064 55108
3983 7168
10452 10667
6426 64783
3646 4869
3832 5579
8502 113457
1062 57584
4795 9092
8452 8533
11335 79003
8780 9777
1212 9685
2923 7046
3276 10921
2521 79811
657 5825
7329 10054
6607 79833
9685 10159
10844 85378
1659 339122
7278 10190
26037 79682
5928 8932
1397 4641
4628 10093
7283 9532
996 57587
1613 4641
54801 55142
9847 29127
1104 7514
2316 2317
8243 10061
55558 113457
929 51317
10526 54880
30968 55831
11004 81790
9053 9919
4625 5424
5717 9861
7533 9759
4928 129401
3046 51160
6950 80349
29882 246184
5903 79902
8638 84501
7534 64062
86 8607
5977 56675
9061 283237
23397 26024
2182 9619
4628 57584
6046 10160
54443 81873
8535 22880
4869 11168
657 7184
23122 55835
7020 23431
54865 55602
115201 124739
9919 11346
3775 7852
5189 23404
1653 6238
5536 5664
80273 121441
9694 55749
23036 121441
10459 54537
9321 64146
10342 54344
3297 55971
5567 6606
5111 9768
6844 8417
6837 9439
8607 9326
10174 10492
9875 83667
5692 5705
6426 79811
4641 10096
9553 56675
8655 51143
6134 79697
160 80179
55844 159090
23285 84033
7336 81789
10981 152185
829 23603
5036 8661
1062 79590
10576 116143
3796 79939
55823 64601
4627 6652
2237 54480
7203 51514
51547 84078
29763 29766
2017 55930
2317 6645
657 1829
51263 65005
10856 54617
5693 8624
84131 84445
1653 8661
29966 57464
1969 7541
5878 29081
8661 51202
9014 83706
2618 25923
2778 51474
29127 56648
1459 1825
498 7517
6238 8894
1967 10528
56683 80895
6208 55166
7879 51512
10849 25885
6136 7431
6878 25813
5208 84271
8036 55364
657 6566
2316 10211
657 157570
890 6878
3104 6885
8833 27161
1627 7464
7126 8452
6646 10959
10193 23255
55814 128866
9416 92421
5981 8668
1211 23607
55120 55161
4163 102800317
5478 27109
58 5500
2521 25940
9961 128866
114791 121441
55110 64080
79650 401505
823 9382
5119 51026
23014 55854
10632 339122
3845 54815
4637 10627
7175 11104
689 3104
55177 91452
9632 79939
5339 80179
7278 54535
55215 84661
8356 55735
657 6048
3678 7168
5546 7534
11285 126917
3065 4149
829 84516
23196 220988
9919 55589
10492 29127
1059 161424
9775 9984
10972 60488
4686 7283
2934 10972
7272 80218
3796 283638
5108 117178
7169 80179
6426 220988
11140 113130
23248 58490
3476 151246
752 991
64960 254065
5165 7415
6418 55870
1937 2064
54998 79760
7431 10763
1072 10097
3688 8241
23347 84656
9710 55634
51010 51013
5868 125988
514 9197
23392 57187
9694 22828
10403 10455
51363 143244
54919 79874
1212 80179
10951 51773
6272 203068
950 5610
873 10907
10120 22948
6175 25998
5245 26127
4085 5214
2932 6877
120 80179
3895 55088
5106 7251
6625 9582
5252 8726
6883 9126
54344 96764
2908 51175
3184 4619
8697 8881
2355 6683
8668 22907
1062 7529
7514 84456
3104 7087
1639 23141
1017 9919
8729 11222
2962 11258
10112 29775
4809 9128
2976 9328
2747 50855
4641 22848
64770 85459
891 4686
9128 10987
3309 55602
1876 3065
51026 285282
79980 92922
9646 93643
10540 84516
10363 11224
9857 84131
5347 8674
72 830
10951 94239
3192 26354
3336 29966
10095 29766
36 57187
3310 51092
4292 9861
7168 29766
9984 114825
2475 259266
4627 79901
54801 54930
3309 10801
8021 9667
9968 23097
22920 64062
8089 26122
10274 113130
5830 51092
6510 23392
86 79913
708 4695
445 54962
7917 84164
6731 55505
5898 25896
7014 26277
988 151903
5878 9685
7862 10959
5584 5834
7203 8508
3309 10906
7465 9853
60481 81555
10450 339122
23411 55671
5163 5165
11258 51074
3726 57456
5202 55605
701 55684
54462 81565
27229 80097
6134 26608
8237 55585
4869 6731
5048 5686
1327 6607
929 6880
6726 23644
3932 7525
2317 23242
5371 11091
3996 6809
1459 23613
523 51160
83692 170302
55166 55839
10611 22839
1104 7737
54433 199990
2243 51592
3192 90441
10059 113130
5576 10160
8661 54888
11113 55722
29843 115106
5435 55703
5435 27297
2193 7517
8697 119504
27229 114791
701 51343
4259 51026
112714 113457
6647 57721
4651 84612
1967 10492
23167 84779
55634 90480
56121 93627
8974 374654
10978 11224
23517 80155
10667 51363
3832 6158
4802 84333
5516 5518
10128 80267
2289 10959
8615 81569
1213 5286
5290 84661
9184 246184
3839 22916
2316 10093
1643 8451
6272 23408
25994 51175
4627 5500
4627 9414
2353 3727
25813 114879
7862 79577
5590 7536
1213 8502
6801 8655
8604 93627
3298 10207
708 79188
10916 93436
10616 94101
55718 60386
4869 6499
79913 283899
1915 6674
801 4627
5080 5936
1460 124739
9801 65005
8711 9632
642 22870
1445 285527
84318 85444
6500 55324
1824 2317
657 4055
1601 8301
5518 55860
22919 22994
3398 11051
996 4085
5518 91010
7283 25814
4690 8438
571 23764
302 51474
60 4646
5192 246184
535 7879
5894 55362
3728 4627
9213 23603
83660 128866
5111 404734
5080 8833
10972 80789
1386 3993
1639 51164
64601 168850
30968 128866
302 5352
7257 257415
3188 3189
54887 121441
2872 148022
4641 22800
23650 259282
6635 8668
4794 9128
53938 113130
7184 9197
8880 29127
8148 64708
8314 54922
4928 55627
701 83461
5108 57606
989 22955
23191 51474
472 54953
147700 256586
23065 56851
830 9685
3845 134353
6731 51490
11040 27238
7517 54536
571 83874
813 7917
9700 55178
84790 91754
22938 56949
4869 10360
57680 64837
670 26058
472 3104
5728 7804
60 23380
3192 63931
4478 10935
9901 56852
5435 6383
3309 26517
8535 284217
2965 404672
8615 11253
699 57678
4869 6223
2580 26098
2935 64427
5693 5695
1445 5893
6548 8729
9644 57534
9462 102800317
9919 51512
23384 56652
22995 60386
7184 7517
984 1459
4641 9026
5903 9972
3646 6161
10972 123283
7203 79084
6711 9260
3993 65979
57617 65082
54442 55970
10951 23347
51150 93436
2677 54386
26136 54443
10694 55605
288 3832
868 10526
51341 100293534
476 51026
4931 10959
5700 54464
10528 55646
6218 10951
8615 57727
11258 85459
28991 54520
8539 10036
7182 23598
3192 6146
2521 51535
7343 8607
3726 23451
2963 3726
857 23607
10856 125476
1627 399687
2746 50855
2683 51649
6143 6238
3192 57602
5936 8735
6117 8940
11116 79848
3633 10535
55722 85459
4931 6134
22919 23242
8661 56342
22930 79882
9984 11285
7415 55968
2355 64745
641 6731
4641 23350
27327 51512
7965 10806
11190 93643
6139 54821
221 9646
830 115548
2782 10576
64837 338657
4928 57122
5903 9631
3833 57122
6418 114825
1616 7155
8450 9978
60 8826
4641 25921
3835 9857
8089 54799
57599 196528
3939 55229
1718 23376
22878 27095
4627 139741
7517 56926
8438 10240
6272 8237
8661 8669
79631 163786
522 51026
10972 50999
1785 51143
6210 8668
6683 129531
830 6840
5711 23613
699 55602
4820 26093
5371 146956
9169 653784
9798 10159
6607 84967
10801 57175
996 25847
3895 285282
7001 25906
1017 4646
6238 55922
5208 222584
5515 6100
3959 9961
7283 58525
10535 84153
10856 10902
818 23376
5902 51699
10611 283450
9531 24145
11267 51028
51512 100526737
830 51164
51340 57461
10444 10460
3646 55023
23511 81929
3184 5082
5208 64783
1973 25998
23052 51026
10989 51163
51133 55143
26128 57708
5245 10651
8242 23613
642 9895
5516 85369
8452 83892
990 1340
6249 64750
5888 10535
990 64146
23567 64837
10363 54887
9128 10775
226 23385
810 5500
387 2632
22948 55135
10492 10969
60 170954
55823 65082
8364 54465
4627 55075
1314 55973
830 4628
2966 404672
7391 54482
11116 85459
5515 8428
56852 79677
5116 5445
5878 51026
5111 8574
4215 64793
6418 9031
3192 10514
7879 9780
4921 51026
830 1213
29941 84790
5562 6882
708 3930
10527 51474
3842 10939
6204 54512
5580 80011
55247 56941
79172 401541
3835 129831
22839 55785
10623 55718
8260 80728
472 121441
11186 22837
3835 168455
2091 8968
8178 22916
8411 29945
7265 80143
6124 10342
6647 11060
6840 11346
1211 54443
29766 399687
23126 55593
5576 9851
10540 55860
6275 157570
3678 29766
5097 10147
23394 84146
5905 81929
6189 8661
4869 57418
3688 11325
4354 63967
5393 79939
409 25843
9321 11321
55209 79718
5261 8355
7283 56987
10694 56926
9377 83706
7866 11224
5518 11116
4609 25814
2305 7013
79901 399687
1453 9324
1650 5537
22995 79670
5435 23207
6731 65083
488 51026
1642 9221
8535 29123
55603 79939
8826 51133
5898 23603
23367 26986
2959 23167
54443 55075
22930 64146
4149 10919
810 4478
5515 29941
9559 25896
7153 84456
830 1173
5518 57508
2580 84875
10458 23759
9693 23184
821 1191
3326 112714
8535 11212
9818 53371
7251 128866
7329 84928
5423 93380
6938 151246
5537 7203
23304 246184
3309 10273
10013 57217
8615 64319
9694 10181
5371 8985
5595 23780
1399 6654
8833 121441
163 2580
1173 4627
60 140465
10528 51154
672 132320
830 23019
3835 57448
57539 121441
22920 23167
1025 9646
2355 134353
64946 64949
699 11130
1207 6606
3309 5139
5908 7515
8880 51652
51626 54821
6837 400569
4628 6709
2580 8711
7804 8237
60 10540
7297 22839
3611 29780
160 2316
7584 8451
11128 246184
2521 10432
5692 10079
25930 90381
11130 54487
9662 11116
514 25923
3476 5888
7533 23095
3611 6251
57187 126526
1211 8301
6418 57062
9584 9919
55177 151393
3064 23515
3065 8932
9129 53916
571 3161
10592 51474
8291 24140
4884 54972
9209 10211
3845 10023
983 3720
6731 8892
2040 55177
23421 55166
11100 63935
7283 7536
3993 9221
3184 5979
5516 5519
546 5822
60 2319
22878 51693
163 7168
8295 54737
54865 56121
1828 8826
9342 57680
5097 9604
23604 29127
23385 81037
2355 3725
25900 51626
22948 23046
9529 192669
81555 285282
5515 9817
71 8826
4430 80179
10856 29844
9632 54504
1105 8451
830 387680
6238 10399
5861 25923
7283 55814
7786 9712
1832 55722
23170 26353
5693 100287932
3914 9532
5048 83658
498 708
5862 284119
60 7082
6136 6238
7430 11285
699 54822
3726 9282
23019 60313
29127 114799
2934 23603
6500 8454
20 4628
54914 57606
6134 51154
10270 26292
7978 29766
23016 56915
5987 27238
6622 27339
514 8607
8602 23014
5518 146330
7415 23397
7726 55274
7536 112714
3839 9972
55671 151987
10383 113457
1213 54477
5878 9798
8189 9559
2521 9987
5516 10574
1289 4088
3146 9131
1024 55588
6046 9377
5687 5692
23607 90293
2683 65056
3832 23644
2932 64062
3889 23347
5692 153241
7520 9950
2107 23708
5499 80179
4641 6709
3932 11234
7917 22984
7052 221830
999 1499
4627 57175
538 57488
4580 10250
29766 80179
2618 5478
7283 64708
1407 9585
5566 8165
7536 154796
5878 6646
10097 55930
5908 23352
6134 9767
6272 55909
2245 54620
23014 84967
708 5931
5293 5295
708 5832
6513 10959
6134 64005
908 7278
301 3832
6205 6238
7329 54867
9919 25959
10051 29781
983 57669
7037 9662
4641 9824
9197 23358
56254 122060
1635 51335
10989 54862
7037 10159
3797 85015
9731 79598
1856 22837
3192 22803
10013 55031
7168 55930
2776 4628
3066 58525
5771 9961
23759 80155
7159 7533
830 10093
8826 22837
7874 23060
27315 56683
4287 57662
1639 4641
10540 51280
51426 79365
808 29766
3993 51317
10694 26127
8661 55720
5435 26094
9531 58478
57187 84324
9793 112464
5901 55704
8535 22828
6801 9521
9968 79780
51026 375035
2664 9367
2782 5201
4641 29966
112714 155435
5202 7283
22870 203068
4736 8661
6731 26589
2316 10409
79726 83667
57587 284119
9793 25896
29957 128866
3835 283209
4350 6134
8237 54887
7112 7407
9632 11196
31 8036
3895 10908
55746 81929
7517 83892
9260 23022
648 11224
8826 26136
6731 55599
1191 9131
7525 51092
3298 10111
4710 9989
3309 27069
10067 84759
4508 7905
5584 55858
9416 92345
9209 399687
8476 58516
10935 200734
10238 51512
6747 124739
10128 23411
3476 79840
4869 8344
991 23022
9662 199990
9632 22848
5256 51026
5500 126353
5395 50855
202 960
7469 51497
5097 57169
8031 80349
6853 90459
672 23347
699 991
9559 9779
4627 23094
3065 84164
5928 9061
11344 51474
1717 51182
8450 9318
10940 23014
2959 5435
11346 54443
950 79677
4690 9061
6386 90378
6134 56257
10200 23404
23633 56259
667 4641
6890 9218
8189 10898
6612 8243
7879 9550
81 5500
23126 51147
2580 9213
6134 51202
6606 84967
1717 22995
4100 23095
3065 64426
4047 4627
984 9179
55920 121441
54517 80319
10664 112714
5165 22948
4047 64837
2782 4628
57649 152185
2017 11346
1479 51692
6790 79830
9429 23376
1933 3895
9968 51586
4641 4644
1104 3021
10464 22919
22938 100534599
5501 51535
51517 112714
6175 6238
2317 5908
9694 284361
9531 81704
535 5878
2146 201161
25930 30968
6731 79080
55227 126206
79003 222584
4641 22832
10189 80145
54737 55161
55165 729852
6134 10189
128866 200014
7515 84881
10951 11198
1982 8668
2316 85464
7520 55616
3309 9532
11091 26586
6183 79149
84816 163786
2074 3065
3993 64062
55671 441519
3726 9416
22852 79848
5878 79188
3837 146909
4149 116841
1741 29093
1062 4750
11222 65005
9525 57132
2932 10444
55614 146705
9061 9994
5599 9414
800 7168
54442 55558
1058 57533
81565 84108
9632 200186
3020 3065
3093 8266
10342 57132
22994 80184
6683 25930
2235 5518
1062 9859
9219 22849
8260 9861
3720 8881
9643 51013
387 51426
6240 51366
8898 54893
5888 51426
3184 22796
10087 23421
54557 57335
3188 8711
9631 55746
2181 81789
4627 11030
5106 51503
55646 286077
4609 90550
2125 79659
6683 84317
966 7319
7874 63035
9648 55165
7534 25936
22994 124602
9112 85456
7905 10066
8237 9337
5493 79003
9678 10363
142 254065
8863 57730
667 8826
23196 54534
1173 1627
55143 84859
6134 51504
10492 286053
8655 91754
5435 64425
5424 54433
60 4144
5165 10576
2319 5878
10112 84629
27238 132320
10902 54556
1829 55930
5577 10142
9230 80223
5395 83990
9632 84985
9218 133957
10528 55299
57599 80895
5770 284119
9329 54931
9662 80184
9128 23020
2064 9791
3673 25847
3838 22916
57508 81556
10492 55909
6646 6683
6491 7874
6837 54797
81555 284119
30968 93380
8766 147700
7533 115106
53916 81790
55722 79848
9694 10328
2969 113457
3339 54919
80223 147700
9260 23242
9859 9925
3959 126133
7329 55746
5528 729440
5082 10694
4256 8878
26093 81844
4998 10951
3178 8711
25930 79901
6996 7741
9859 124602
6809 116115
5509 79660
4628 92521
10013 55210
1213 7168
445 6272
54442 81892
4109 7514
1399 2889
3978 127018
5499 55930
6418 9070
6272 65083
5500 6992
2969 112714
4085 64146
9694 79922
51646 60488
2956 8668
5500 57175
488 9197
2245 9600
7517 9524
8243 83540
4641 23164
2114 55364
1620 8295
55860 80179
27097 112869
4627 64745
3192 26135
64792 84612
8615 9774
23708 51493
7464 54949
55686 246184
3065 25855
54737 115939
55602 196528
26092 51604
4008 54443
23336 220134
6942 84501
3796 9859
3192 51493
10580 96764
6275 8243
4641 8470
26233 64946
810 960
476 23385
55501 653784
9731 151246
4609 56902
6238 317781
85378 440145
53938 84501
699 100527963
4149 5204
10097 56339
3064 4088
7266 284217
4637 399687
6045 6175
7284 9793
2107 11116
60 81873
23061 51143
23031 23780
7153 10528
58485 60684
5165 7402
10097 10575
6045 30827
10489 51692
54534 64968
57082 147841
3678 10092
994 23291
9136 10763
55083 55108
3646 6222
54927 93380
5692 6597
10383 112714
3987 151648
8924 22852
81 22916
9129 23317
3065 10793
6510 79801
1368 7879
8563 84248
6829 7469
5686 10989
4007 8266
2580 9632
9532 23130
55722 57534
10897 23385
7014 54386
2068 404672
9693 29062
60 1213
6396 8615
9662 84445
1642 54876
5431 6046
3837 23306
1314 10134
2289 26277
515 79137
1643 79016
8607 55929
4088 57572
3832 51559
2629 55596
1975 10972
4957 10403
1069 7508
3718 9230
153241 729440
6418 60686
4898 374654
9349 84501
4116 22824
4810 7283
10212 57187
23052 23405
9688 23511
4957 79038
22916 79664
830 5339
5584 284217
51780 55635
11004 79759
5430 7469
7917 9569
5584 9462
3833 23211
10856 121053
7534 23077
87 4627
6238 10940
8653 29127
4628 10097
6891 8881
4802 55095
6625 79833
2935 55501
10213 166378
29777 54962
8148 56252
84328 121441
3611 65080
1212 51053
5878 147007
6238 22980
4869 9767
4725 9218
6015 84759
8662 50618
25906 64682
22948 93436
490 25923
983 153090
5714 10213
2891 8514
10951 56893
5501 5514
830 85464
998 54471
7278 10985
2521 4898
57224 80135
4627 6732
7227 113457
4651 202018
10574 116143
8655 10558
5500 23384
8148 54906
6134 23521
830 154810
11128 101060521
6709 26128
7919 10535
23196 64225
571 5356
673 5604
10807 112936
4627 8100
4795 11140
7182 55660
9061 114790
2664 23016
4627 57482
65979 80155
103 54512
9743 11130
22995 54822
10097 51474
9197 79002
9662 65250
998 57576
810 4008
55722 64770
23291 79709
1601 4641
8819 221937
22800 51474
51759 147700
1191 114791
8454 55832
9716 22938
23014 81790
9804 79913
5432 5436
5878 6599
1639 23603
6275 79585
55110 55527
9531 26353
8725 55718
5567 11214
3614 9694
11186 55201
641 8888
1453 10612
57530 399687
6741 93436
5537 10908
9817 23607
51026 128866
3309 7597
2316 2770
23421 29941
9695 25957
7517 8665
160 9260
8438 54557
5987 54880
5993 9328
6942 57459
3074 7257
409 2316
5515 5518
4928 10482
5424 57804
10492 57654
4609 22916
5048 10942
3726 9968
7386 55177
3688 374393
4085 60386
1130 54433
4298 4302
57215 84759
5500 79026
55166 64946
55602 79873
387 1196
818 3476
9958 79921
65005 162461
2521 10521
10849 23392
8805 51592
7203 64853
6926 55802
9531 84233
23518 55610
1062 79090
7415 80124
6790 51510
8021 23636
6134 10482
79711 100526767
6134 6141
23598 122769
51474 51512
976 25939
3895 4141
3726 55109
4771 10211
3836 8607
1212 170302
9632 55589
7013 64858
10179 23517
1789 55110
10856 80314
2547 23243
1075 112714
8655 81545
6891 25923
6607 55012
5770 9527
642 3984
9646 345651
10951 201161
5518 54344
4998 5000
9128 145482
4869 6191
9129 64852
1459 1824
6418 9726
10972 22999
51540 57617
3065 91748
10492 83660
7916 8661
526 245973
810 64423
5931 8932
801 5500
3508 79677
10972 222068
9126 23047
1026 9853
667 5500
7874 8502
7431 55835
3796 22823
203 22837
5926 58516
5537 25837
9948 399687
6154 6731
91368 283489
1213 9685
830 7126
9113 11104
1464 84146
3192 64432
6207 6238
1915 5245
488 1718
374654 729440
908 1063
8563 55110
7251 79901
9984 57187
59 4628
11224 157570
9867 25847
9342 51319
7203 10120
5531 81037
8476 84501
10970 93380
3842 116447
29882 90488
10951 91582
9693 55814
4354 284611
8365 54465
4705 51026
26128 80205
5927 9777
594 10013
6500 23014
10409 54443
1212 1627
8031 8697
10951 56987
3914 548596
26030 54443
10952 84790
8089 80314
3959 9688
84146 121441
4609 6996
5163 10847
26284 51479
9862 11224
10013 84135
6165 8661
90480 119504
26973 84661
11224 26589
5531 84458
11224 57099
26092 54509
91754 201595
86 6599
9218 84303
10771 124602
908 7203
9793 11030
9696 134147
1653 2521
79677 114799
2677 55603
55173 220988
10460 259282
8089 157570
5577 55755
4802 6183
3959 9218
6747 11130
1353 54442
10458 102800317
9662 124565
10806 343099
10959 285282
8453 122769
2091 8697
54556 57634
8569 10611
4751 83461
2091 6134
1756 55644
11091 84148
3646 8663
324 23543
10576 157570
5518 22994
5116 55755
84148 339287
3895 10970
11196 26517
4289 10048
3911 10535
4437 10972
22852 729440
23435 117283
991 22948
4869 51504
3832 51264
6606 55787
6837 9443
7267 9587
11154 27333
7248 51256
10250 57644
60 51517
9961 79884
5494 121441
5245 5862
27333 151246
3959 112714
991 10574
22994 51188
3959 22985
3833 9119
8450 50813
9777 286053
10935 25813
4624 162073
5580 345651
9212 22995
9329 10935
23708 51264
29074 65005
8546 114548
8368 55166
2547 84629
2521 6294
9968 55090
208 92749
1937 5586
3184 57223
1368 128866
7265 84779
9382 57187
5432 9646
8881 25932
9632 100526737
6092 56339
8886 10528
11224 56262
22954 84790
1488 57703
9869 84128
7804 80728
1069 22994
24137 24145
701 9184
4627 26064
10942 122060
1017 6840
23052 55605
5435 285429
1456 11346
84289 121441
9525 283431
4629 64423
7184 10956
10574 10694
26995 54534
4627 10409
6731 115939
4085 23385
1627 3728
5516 55756
5245 5770
1024 6837
51366 84131
9694 121053
857 8655
6218 6238
9903 51079
60 3710
1213 25930
6294 54737
5878 55037
3065 55758
4430 29766
8237 9700
2317 84926
311 80198
208 29127
1666 10528
7014 25913
8454 23224
5516 10694
80179 89941
7532 10746
7037 51175
5783 54480
56946 112714
6730 10528
1984 79137
699 23239
2804 9662
1024 9282
2747 6606
3836 6603
5977 56886
6744 51474
160 7168
5162 6776
22 3775
51507 64062
23219 114548
4508 100134934
4149 64146
572 672
5347 54821
5931 57649
55975 259282
6257 8812
2969 55823
10920 51514
6628 114548
2783 4628
990 23358
10286 56949
8607 79913
537 7879
667 399687
60 10096
121441 121642
3192 51650
6137 6238
8924 128866
2355 3727
7111 7171
26091 51053
9179 51003
5052 246184
1781 57035
55831 83460
4641 23403
10112 90161
10464 374654
55177 79901
4695 9218
23014 55133
6747 259266
29072 140710
10492 51645
9733 123283
10471 101060521
47 57122
9824 10972
6139 6238
10730 11004
8819 23309
55752 440275
5878 7037
805 399687
26046 80895
10120 55703
3240 5393
2746 7283
11335 283489
5902 24144
10959 347734
5993 93587
56941 221150
9777 94239
1660 11224
5436 5437
24137 79991
60 1192
989 55752
120 4627
4790 9559
10285 197257
9700 23365
11346 57584
708 29966
6926 113130
3148 57587
10207 10959
1627 284119
23310 54892
9119 30827
11222 54534
3996 10221
118 10763
9400 151246
708 6646
5515 84289
5435 10621
23528 54462
23376 57406
5903 7341
3796 8266
6622 53938
23001 122769
6950 55159
3959 55607
5693 10197
10694 55159
23170 84722
11130 114823
24148 53916
5213 9793
1459 84549
6130 10528
7919 8563
4609 50717
9061 51466
10942 23385
4627 9948
7168 10093
3431 9984
6093 80005
54386 65057
51373 80184
1627 7168
7094 54534
5518 23255
3020 3959
8243 23008
818 7283
3633 246184
10160 10419
3925 11051
8535 80012
3959 80184
5208 6737
24148 51729
10312 51026
2332 55236
966 51026
3093 22827
3240 6272
891 123283
2186 3726
5048 283450
2319 112464
1130 6867
4678 8520
2590 79003
293 10456
23014 168850
538 10558
6272 54840
5048 79711
8353 23133
3096 51363
890 9712
51340 51503
6606 125988
3065 221937
9550 55362
7534 11080
10574 29966
7812 23505
22852 90102
9859 22919
4289 4664
84233 154141
9391 64210
581 11098
79780 83658
5500 64745
8329 51147
11224 26233
9587 55558
5576 9857
10081 56675
5878 54617
699 23604
7168 11034
23093 54433
23392 54972
1627 9052
4676 8615
7398 10492
10476 57007
10972 57648
5094 50640
3987 10575
805 5500
64374 84148
7278 9554
9440 25813
10211 29127
3030 10951
5700 5702
55671 80005
5516 26512
5435 10849
3192 51637
10574 51514
1477 51692
56949 339122
23421 64105
3685 8668
7267 22995
55704 83658
1968 10808
60 70
22938 114034
5725 10625
1965 11224
56675 145482
5111 54887
1778 6990
5954 7517
70 11258
5580 102724334
7529 7534
4863 6275
10042 10492
8826 22998
10492 11078
55362 55969
57587 119504
5111 79596
810 79180
1915 11331
7257 9343
4298 4299
10989 11336
1181 55702
488 10721
8314 57594
11234 79677
6894 57621
4085 54148
4627 10160
5500 81930
7879 27243
55660 65008
3178 27316
994 7532
50618 56647
5436 9400
10383 91754
6510 55177
6015 54880
1781 5577
4627 23164
55603 58472
6744 399687
8243 10274
6608 27183
64427 64601
25929 54960
4628 79585
10579 55605
55930 64423
8658 57181
701 8881
5435 10623
3178 3192
91754 140609
1459 57587
1073 4641
10694 51175
9495 79139
53916 81855
6599 6601
29941 54442
8454 93436
2187 55120
3431 7741
7514 100534012
9088 57187
7158 286205
55327 90416
546 120892
83692 113130
822 55735
5878 85437
5424 64784
23019 55361
10159 10542
8697 26517
26574 64837
6499 11224
1969 10614
2091 3428
7913 93380
7391 146956
3914 9282
64960 84759
54534 84816
2146 121536
3833 3839
5097 143884
6731 8451
5500 7171
7750 8655
23046 64175
5885 23047
4998 84444
6884 92345
8662 8668
8237 9693
160 4641
5478 54566
5878 26509
6674 197257
4625 10016
55671 57466
2935 26986
1627 3376
847 2778
5163 23078
3796 10658
7266 9685
6134 84864
5516 9448
93323 115106
79726 81929
3726 23534
23067 64062
8729 54462
4869 26135
5129 64175
9612 55209
1643 10576
3065 8819
80218 90459
10171 64282
57187 79228
4088 8449
7871 80143
1026 6760
2017 2317
5108 80184
23613 64061
22870 84665
801 4641
5700 220134
9675 23385
23523 25842
5108 93594
3185 57332
8815 10459
10061 79003
3192 79080
8354 23133
1211 29766
4298 22936
26277 51593
6731 10607
1488 4140
26586 197257
22837 79659
1778 6249
23385 58477
9141 10694
5371 81855
23197 55603
537 3775
6709 9260
11218 79760
2317 6237
8508 55168
10159 25978
5436 9441
581 598
23613 80351
10426 10844
8574 10989
873 9849
5692 5702
3491 79767
11030 57122
10207 22974
810 51474
10576 55135
8826 23384
51116 64837
657 10211
1282 246184
4860 55509
83540 147841
2801 9919
8480 57122
57181 79621
3192 80198
10634 29127
5577 23177
1407 5187
55362 58477
6134 10775
3185 10919
2872 79670
3726 6627
4676 121441
4641 6281
7278 23650
3646 6169
3959 5094
5395 30834
204 9131
1445 6737
5064 29766
6606 57563
6146 26093
3178 3191
9587 55227
118 55602
6241 55069
10682 23385
116840 201254
22839 51605
699 55364
3796 83692
8237 9338
998 51251
25962 57187
4297 51147
9320 23133
6944 54556
8508 134218
3728 128866
10746 84231
11091 91272
3797 80179
4627 10211
8932 22907
23603 27243
5878 10989
1063 3182
5878 54442
3797 23517
2872 10658
29763 128866
51147 79960
8451 79269
51026 79188
4731 55135
6272 9569
55023 254065
8356 22909
7994 22974
55095 56963
60 10109
23404 51010
4702 116840
5932 374654
857 154141
5501 55011
3065 8358
3491 152185
2782 9260
6711 11346
9061 55215
54535 112714
5036 6238
2319 6711
104 23376
4354 64949
1374 10075
5429 54676
9344 55758
3842 81037
5116 57534
2064 7037
10575 93436
4001 10763
9928 54499
9092 84619
8208 10951
1488 55425
11091 30827
8536 9587
5119 128866
23157 56667
8428 55135
22837 23285
23347 55791
6272 317781
26986 27044
2317 8650
23607 27243
1029 6607
9928 89953
2316 4643
11224 84864
9585 54407
11258 84256
3987 4628
3020 5878
5048 81565
5515 85363
3431 653784
3178 8939
2091 6175
9218 23365
5108 102800317
2935 79718
6418 25879
65980 80319
605 5599
23473 128866
3849 8089
29095 64005
55920 81556
79659 221749
9230 147700
10016 83667
51426 84549
2316 55970
55421 56902
5500 11346
3837 55627
10540 83658
10159 11060
8237 91748
8148 100526737
10097 10109
6683 9114
10121 22919
3611 10575
8607 80185
5878 9722
8363 54465
3633 7278
6229 6238
6607 6634
24137 83732
90809 93380
6134 51637
23157 54443
752 4172
56675 84916
10935 50855
2316 8470
830 4659
11116 117178
11186 23286
5518 5531
10763 80318
20 54949
3895 54499
10856 80185
9559 11052
2317 286262
79172 100526739
7317 8237
6674 84313
5861 51512
9878 23022
55634 57510
1627 81873
1459 6046
8826 10096
6809 8021
7295 26092
3184 9743
3678 10096
60 79026
6430 7249
10403 57082
23141 51750
7531 55704
10452 55702
5499 5501
114034 147700
9857 57599
3688 58477
60684 84085
6599 6603
9631 9804
10935 79876
10193 55644
2935 10848
898 1017
5099 10492
5878 8417
3911 23031
830 26517
7917 55704
4710 10959
27229 79631
5903 23165
8451 9939
5894 51188
3192 6188
51013 79659
7852 55362
9694 83460
5097 90480
6829 548644
9470 83706
6510 84790
3796 4795
10622 55718
4437 7741
5520 51295
1024 9442
1387 55723
7469 64225
3646 6189
2783 7168
5202 7278
10801 112464
1017 5910
11346 23384
324 29843
10300 11104
1174 51512
4508 51366
65005 90480
5393 10438
4848 25904
5532 84844
3188 10949
1969 85377
6921 7335
60 5499
292 595
9320 114791
3619 4802
7257 8227
79830 92421
85444 117178
338 5885
7169 25813
1062 8481
54534 65008
57132 128866
54961 55069
23133 64960
28996 56963
22938 23020
8452 57563
5700 5714
4781 55644
11325 55791
4928 23165
8439 10575
2317 5501
2194 3309
23379 54496
8819 84629
9092 22920
10942 51608
55722 84318
2908 64781
10211 54557
1876 57332
23530 79003
810 26136
9777 10061
23191 54442
678 25929
1627 84516
22920 114876
26092 100287932
7514 8812
9130 22938
10951 23269
7411 10795
10460 64146
8470 399687
3726 9862
9828 399687
120 22919
3837 51203
6217 51013
54148 54534
3842 64216
51434 57587
1781 221656
5888 64689
6134 11333
1173 80179
56852 64781
4686 7469
4782 9646
8450 254065
2891 4731
23394 56121
58490 84717
246184 343069
8660 65008
6612 11336
5515 5525
9777 10476
60 10211
80198 115004
4641 7994
1666 10458
26127 80143
51669 128866
10897 54962
3320 7013
9126 10592
5783 7414
4627 6764
9410 22938
813 51512
23404 115416
6809 26093
5156 8711
2935 51280
87 9260
708 1186
7520 8202
3065 84312
10459 79813
11104 58477
6238 166378
3959 9128
293 9531
10189 26127
7283 10574
5156 7037
6134 6193
1196 387119
3066 58516
1665 22920
10413 56288
4641 11034
55170 84458
8243 9126
54880 115098
103 93380
3065 5927
11130 57405
7283 51593
55699 284403
246184 283237
6146 8563
55655 126206
1104 57122
10935 79677
800 80179
1828 5347
9218 11018
6883 8452
9414 80179
9232 51538
27258 54904
2934 4641
10452 284217
10856 51602
3726 79084
6092 84612
526 2319
7533 9937
8724 10342
3614 3726
3020 9179
10001 56992
3959 7283
4691 23404
5862 51606
8826 10093
1062 23255
80097 440145
4928 9631
4628 26064
3091 55075
3185 3188
1789 4116
4627 4644
50813 122769
5108 64770
10093 399687
3192 8761
2521 10180
2961 22794
29922 121441
54344 56675
23708 26986
25906 29882
4216 7917
661 101060521
1627 6385
4641 7741
5700 84461
3339 51160
3833 56941
5862 10211
129285 347862
4641 54434
4149 7027
1643 10575
6093 10390
10347 10492
9454 10006
7464 11346
54737 115004
7126 7168
4659 8826
10613 55177
7374 55844
6606 51808
752 80351
5500 5510
708 54927
3073 113457
11113 22994
9531 10067
4088 10634
5052 25906
9793 27034
10009 205860
9567 11224
9128 22920
51808 653604
25822 54556
338 170302
8089 114787
23082 85378
830 60312
8439 81704
857 81555
1207 10419
80742 222229
26030 29766
9260 140465
7398 124739
891 51363
4047 81608
163 1212
998 22955
998 23211
2801 51026
488 81555
1654 11224
998 51512
3491 55558
7203 7280
1069 7111
8924 84461
3709 51474
5906 23603
6134 81887
4735 23157
79598 80184
2305 8036
84722 91368
3726 10939
23347 26271
10120 10576
8411 55269
9112 23613
26093 55110
10535 26063
3959 23077
7263 54534
3646 8664
1537 51026
10112 26227
3930 4085
4628 103910
11091 51626
5430 6837
10159 84128
1211 57224
4085 10112
6908 387332
5500 8653
60 6494
7203 29966
1024 27085
4849 11224
721 8260
3927 5590
11051 79869
9529 57530
11004 57418
2618 4627
57680 160428
7411 8314
10163 10458
9646 51347
10075 56926
10409 10801
537 128866
54552 56915
5500 29763
22909 23141
7517 26517
4204 11154
3476 22948
6844 9885
5981 6238
5878 5888
3959 10807
22919 126353
3726 27336
8711 51512
790 9919
3791 79670
23093 55722
6709 55930
2629 55785
55140 81930
2091 8350
5902 54939
805 51474
224 830
4288 4869
6712 9212
6249 22919
7517 10613
657 7525
25913 65057
3633 113457
54535 113457
51175 65265
5825 55177
9131 55362
23421 79172
151987 261734
6646 11104
10758 79884
966 22919
118 51474
5436 51586
4354 25824
506 3775
7879 9429
50717 653784
8220 22938
224 25923
6134 474343
116540 254065
3178 286205
7132 81556
9861 26207
5692 10197
6790 84337
3799 9611
6134 27292
4928 8021
8826 57175
7267 79980
55135 116840
213 9525
4641 23283
5878 84896
2775 29766
57122 84220
8140 23385
23708 27107
3842 55971
3313 5532
8976 10458
11224 26031
54927 80179
11186 79073
546 11143
9495 51633
8450 56992
3178 84612
57129 65005
4580 6882
4085 8697
10527 64601
9646 79577
2639 84790
3482 5878
6147 8661
23376 83931
9878 129285
22999 151648
9183 55055
7266 54832
9590 54557
3835 81669
9662 23085
5604 57187
8615 165324
641 11224
65005 85377
4627 8301
7917 51510
6426 9877
3093 83855
1213 2033
23603 84687
5869 60312
6731 23076
9693 55610
3993 51295
10951 168455
6731 84656
5435 6612
10403 79003
4641 7171
2934 4627
9114 10959
1017 81873
5878 7386
5156 80223
9482 9632
10938 26277
2975 5435
3895 10959
55844 116224
3688 25923
2590 11154
1111 125950
10694 112714
9774 84271
7384 51026
10492 221496
9968 116228
123283 200734
23241 26100
23513 96764
5216 9197
605 7278
30968 50804
85464 399687
4216 5435
7391 84146
10211 284119
8607 121053
10342 23281
6275 10775
9156 79913
5518 10112
830 8826
84148 84159
9821 201627
5725 10490
1994 80208
1937 3895
538 51540
10207 10981
657 26020
9128 91452
5469 55671
26271 29882
4172 57678
79791 83608
91748 92106
8615 10897
5584 55341
8819 25855
3688 7536
23708 56902
8481 93594
4869 51202
3184 54922
538 54978
23224 79621
667 10211
1211 7168
1072 8826
9946 93627
83706 84248
5879 23603
1781 83658
3020 51426
8881 23041
9532 84790
3840 57224
9230 51026
55558 128239
5993 64975
8819 25942
6272 23389
2125 55858
7874 51382
5435 5438
1488 80223
8315 83932
3801 90293
7112 7517
7994 50640
84725 91368
1186 3775
1017 6879
2872 9958
5516 5520
5898 9722
983 1163
7267 83715
8615 9554
6134 6218
10694 54499
81 4641
3309 7184
1737 6776
701 27333
10576 113457
2534 23603
9700 55243
6238 7112
4771 259282
1488 64062
2782 55970
3959 85378
9972 59343
9569 54557
57217 128866
830 10423
7272 7402
6272 375056
25978 100134934
6829 246721
526 55529
1613 55930
6731 79922
11252 23071
55671 90417
9919 55011
1854 4863
9218 9780
57482 80179
9567 11113
641 3646
2314 6430
9554 79172
6156 197257
2074 9112
6829 54623
6801 8428
9495 79711
526 10159
3842 7041
54867 57122
3065 6942
23385 58472
6950 10575
54557 54887
6418 7586
5129 5692
4869 6227
6426 10180
4946 5976
9700 64210
8615 51014
10048 51646
4292 5395
5566 5567
657 9527
5770 54880
830 2934
550 3775
3065 7750
55704 64062
6232 10528
6134 9349
9213 55177
1736 10492
5898 9326
4628 4660
4001 7112
10951 81887
2475 8089
2060 80179
1069 1495
4085 8881
64105 64946
6829 9221
23285 114823
55802 219988
1059 1062
4299 4625
26986 56829
3832 10460
2316 9685
10159 51552
22919 64423
22919 55638
4629 5888
3726 23770
5885 57708
6227 57187
2521 100526737
7072 51426
5478 6809
6687 10211
3993 83692
7168 7171
5936 113130
521 55603
6426 51621
9183 10558
55177 285282
8315 116115
890 91748
829 1639
830 30011
3192 56257
1200 55704
29015 81565
51013 196441
7052 84233
1616 6839
7879 56667
9329 9532
6015 114904
1340 9131
4641 51512
5700 5706
55605 57661
550 57122
9738 55835
5431 5435
472 25879
4088 6879
4627 9685
9443 9968
54443 286262
6208 10528
810 4637
5576 81610
2317 57584
28977 65008
10856 54891
1213 9665
708 7283
54442 57465
51112 60684
2125 7257
9533 55718
4430 11346
3993 9156
310 22909
85378 653784
488 5445
23144 54919
4609 81569
9212 79038
4628 8295
22870 283373
9092 26233
11344 11346
1856 54883
8690 166815
57606 729440
9275 64282
5693 10079
642 51143
86 374654
288 5111
5094 8237
23603 57217
59343 201627
302 113146
2706 54407
9208 9212
7251 79720
5500 5504
9321 115106
1643 10574
6428 11104
118 22919
5903 26502
6734 729440
7336 51507
488 79053
9329 140564
6161 10528
8260 100293534
1445 5336
10075 29035
10970 55362
708 284119
10211 11217
22920 23595
4628 10109
51069 65005
9319 54442
9877 9984
9631 129401
22995 83985
8653 10286
4751 8569
10972 91746
114781 220134
5901 9972
2872 9221
4641 155435
2935 4863
7531 7533
3192 23133
9554 25923
8976 79643
55732 63979
54471 202018
7879 387263
10492 22862
8451 9656
3309 284217
6418 11143
2972 6942
7417 55177
23347 127253
6500 83660
6418 23338
5580 23082
25875 51646
8905 54812
3838 9972
6238 29128
5516 54477
8661 11198
4626 8735
4641 286262
3476 93100
642 8260
7416 7879
1104 8968
79139 93380
51474 55607
4869 80198
1104 203069
5692 55122
1058 116541
7517 84717
5431 5436
6301 9810
9761 121441
7251 51510
56946 374654
8826 57584
6134 26057
1104 54867
57122 84928
23468 79980
4628 6744
1654 10286
4928 25978
29766 54443
54512 283489
5537 6950
10535 57572
23001 54557
2648 9968
84193 126298
54534 116540
10084 23020
10013 23522
3551 11140
26973 128308
51026 55848
23241 26277
5562 259266
2319 9209
64770 132320
3184 6675
6125 8661
25936 55509
22938 83855
6840 103910
10211 126353
23191 26092
657 54407
3646 84864
7283 114791
57534 93594
27229 145508
369 5604
526 51026
498 9793
2629 10207
3646 8665
10972 54732
7278 30849
3837 8480
64983 65005
4172 4175
9231 22994
4869 54505
3646 6124
6711 23603
3066 83746
3895 9694
613 286205
4624 23774
163 810
9262 11273
8668 23708
2580 55558
1373 84790
23468 286205
5903 8480
6045 57332
1454 26130
10801 51182
2580 9026
657 7779
4629 28990
4641 5156
11116 285282
7804 64784
6238 26233
10067 246184
10390 92421
3703 7942
6139 51013
4659 10097
4686 387119
22908 23167
3983 5500
990 23122
5393 56915
1457 1459
64682 246184
56886 153090
3192 10360
3832 6839
7319 162427
23191 57224
832 23607
5908 340371
4627 23085
10972 54887
5116 9219
54737 55272
4869 11198
2317 5881
54433 79830
60 10092
5985 6238
4172 4176
998 7536
10528 79039
3836 51808
25813 55975
9129 51626
3192 55646
10769 55785
1029 8826
4751 64146
998 8826
7171 9260
22826 51143
56121 60386
7329 65979
51366 57669
3801 8888
6093 55247
6045 84108
3895 51026
6418 88745
8655 83658
1062 4000
63875 65005
585 8481
8697 29920
1368 1627
54475 128866
9531 91754
9972 10527
54865 55247
9219 285203
11234 246184
10144 23071
8668 84726
27333 51143
7410 51750
8661 10146
8089 8607
8352 22909
7461 89953
998 128239
22852 85459
51430 124944
1627 7111
3652 10213
6950 84790
10613 51026
10389 23492
6873 25813
5163 5164
25842 55723
1212 60682
4731 8452
2597 57082
23085 29127
10713 100526767
6272 79590
9218 79830
5160 6776
55167 84148
10013 10527
57187 79882
4651 55755
25939 140710
51642 54512
2071 404672
3956 51474
1639 9919
7917 51608
11217 29766
9801 23347
904 4298
3192 84656
143 3959
5297 65008
1495 8312
7278 112714
5108 5518
302 5351
7087 55177
4751 64216
1778 83658
10097 10552
5108 8615
3983 22919
641 79585
4216 10492
57332 79039
5537 161424
6731 9100
4292 22909
6134 6147
7184 56886
1105 7112
10120 79031
3065 8353
8826 84687
11340 51013
5878 79956
50855 84233
534 245973
6607 7295
6238 55661
908 8508
6238 11004
79631 115106
1069 3837
10171 23397
657 9213
25793 25945
6840 7168
8260 23527
55341 55831
4085 5709
22994 23558
57498 128866
573 6418
3006 4869
10155 10526
1832 26984
409 5500
6891 23528
722 10959
1024 8350
8089 10467
27000 54557
6599 55968
5710 9861
1198 29095
3020 4627
4641 55749
7329 84833
5903 11160
5245 51474
1024 80306
9525 54433
5518 53407
55719 56852
2072 80198
5878 9052
55722 729440
91582 101060521
2064 3842
7014 128387
7203 10574
4288 10528
7257 9513
3065 23060
55165 55722
3842 23528
539 9061
84303 93380
55930 126353
51026 91663
8295 55929
2011 23255
6129 10528
2316 445815
6238 23521
9274 57492
10951 25836
7329 51203
5906 51474
10013 11260
9700 23397
5977 8454
10959 23247
54407 113457
2935 27107
984 10286
6188 7257
7534 8660
5202 10067
23080 25913
57215 83903
3065 10574
7203 10576
105 3832
57647 80218
2580 5686
6637 23071
23 81789
8481 9851
1186 10959
3983 29766
23708 60678
720 26092
57644 64708
1181 114034
5892 10075
6125 6134
2317 8773
9730 56006
3836 23451
3065 23239
2932 9019
4869 6137
10094 29766
3837 11097
8826 9414
26024 121441
6156 26148
4641 10095
302 810
1104 54809
7416 93380
11160 51026
7329 8021
3646 27335
9532 10452
60 92521
3799 22906
54919 286262
1213 29766
51608 55658
2935 254042
7203 51236
6429 6622
752 101060521
29766 79901
10576 114883
11130 25936
25793 51575
6238 7153
3646 11168
571 55140
7283 23193
54962 64785
966 1627
3192 6217
23607 116985
2317 126353
10112 25930
51009 54442
7534 55975
57553 80179
7329 11097
9631 55683
4627 6744
2632 54442
526 5862
3065 121504
6426 23013
5119 23376
7533 7534
220134 221150
3069 3832
9328 9329
9533 101060521
1615 3895
5903 23306
2319 55362
80198 84464
605 54962
9869 55729
10207 10535
22916 123283
11001 79137
23 10528
25764 80155
5888 9525
79677 84939
55135 79643
3188 10922
6093 53407
286077 102800317
6744 22919
7266 22954
51433 81608
10237 220988
4478 4628
2091 3301
7515 54840
929 196528
6122 8661
5500 5514
4627 11198
999 6908
3192 5985
29944 387119
10919 84146
722 6647
1353 6606
7514 8899
10576 84790
5393 7086
740 11319
163 2317
2967 404672
4869 6234
9818 23511
8239 92106
8569 81930
11224 387338
5562 8574
22870 91526
3184 4810
9052 10959
983 79571
8558 25865
6204 84254
8438 84233
22852 165055
4299 4300
6731 146956
657 1186
8175 94005
2664 5869
929 6840
9968 10001
3398 6929
6093 54865
7879 25978
5116 7534
8514 51366
4627 10989
9828 11346
11116 123811
55835 80742
9984 196441
7259 23613
1017 1028
1958 3727
1173 51512
5529 151246
5256 10651
55704 146956
5610 6134
57122 81929
9112 9875
6257 55173
5080 10131
5878 23506
55718 55814
1368 2316
10413 154810
8148 9582
88745 91754
3836 57504
657 57181
7203 79031
6201 56915
8502 112714
10013 64135
10528 692312
25886 387119
7248 7818
10419 83732
1062 9053
4641 5898
7846 113457
5878 10240
4791 147700
6134 6202
54904 221656
3708 11346
8668 57418
2316 7171
5931 25942
610 5878
5584 8930
23167 79791
1108 8932
3726 23530
689 11116
805 9525
22909 57727
4841 30827
387 9377
55644 79664
708 2319
57680 286075
5116 11116
8028 9112
5156 54663
5499 5514
3065 7227
9694 10421
3845 64427
5434 25885
1741 23510
54956 84444
1823 5347
8100 201627
9114 128866
2011 23122
118 7111
9632 51512
11260 25813
83892 399687
23580 54442
9429 11346
23046 148022
5163 6687
830 51512
1069 55704
7917 84292
3066 9112
23421 26024
8826 51517
6418 54989
4628 286262
80145 84321
2280 7278
701 3482
1778 51143
3837 29796
22909 83692
8452 222658
6919 54443
4627 23403
3983 80179
22852 84461
8086 57122
6210 10951
11091 84661
9861 26517
1173 51474
3614 4641
1069 9814
1289 5770
4008 4628
6132 6238
11097 23019
9382 23421
593 10013
5936 64837
7431 9112
93624 112869
3978 6790
5576 9919
10159 23256
4074 9564
7416 10651
4627 399687
2245 25896
9532 9968
26092 51626
5119 9525
4008 8826
3959 200933
3959 51547
810 4055
9688 57122
9882 154141
8563 9774
10171 79760
9532 64975
10066 23397
58525 124359
830 10096
9112 57592
1445 51100
3073 3184
2521 10949
2961 5518
3320 23411
4848 4849
4627 7917
5202 112714
84318 117178
1062 79711
3707 10464
5250 8729
3710 4628
5693 5880
2872 55559
8607 84897
813 1062
23071 29841
7469 7936
657 10613
8476 55166
2891 64061
1019 8621
10989 284217
6204 8661
4085 9587
6272 55971
1104 5927
5917 10342
9885 84501
10556 11224
2475 162466
79002 93380
55644 84520
708 11331
5339 84131
3959 253260
6045 80012
6576 7283
6285 6286
10097 81873
57486 84779
9183 9735
9646 55902
29966 57648
11228 56288
23064 374654
4869 8545
23285 64062
4686 8615
55718 91582
830 80114
808 810
9816 10159
11260 55603
9585 10274
8658 80351
523 6683
5905 57122
5917 10806
7272 25998
7283 10939
6801 51765
1642 7385
7329 81929
55722 102800317
7465 9857
5935 6426
51552 53916
54433 54726
3718 6950
699 10919
10808 57169
2011 9231
1616 8467
1062 22994
3192 10153
9694 10992
58478 80179
51548 246184
8260 25824
1062 5108
7159 84612
8352 55735
10352 84779
3184 81572
5783 51430
54522 92106
1967 54557
7533 8660
3184 3295
5001 222229
65056 127018
10769 79165
10972 64689
4085 148423
4627 9026
5515 8030
514 51496
6238 84450
6161 11224
1642 55626
23107 25939
54584 79003
7168 55589
6238 10643
7514 79005
8295 10474
60 22832
10120 55660
5519 80143
3837 23165
2305 221749
56288 93380
808 4628
9112 9219
4641 4643
5523 8994
7112 7874
9675 10856
1213 80179
57062 57592
5034 51430
51079 54821
3720 79739
4627 26037
989 151011
28952 54520
5903 9688
546 9978
805 810
890 6502
572 6272
64975 122060
23421 55839
10399 54557
8148 11100
4670 220988
3073 54557
1627 9919
4702 147700
829 29766
3295 121441
4928 59343
8615 10061
64105 79682
387 54906
3326 51608
657 2597
1019 259266
6622 10935
11276 51512
8243 23047
8481 79848
2783 23376
7283 90861
9557 120892
3397 8569
27327 57697
5869 5878
6709 7414
9197 10073
9524 154141
23347 55902
9738 153241
5595 7073
81875 84193
23517 440145
2319 29766
9694 93380
1499 8312
5531 10730
11267 375743
9318 50813
10528 63901
3842 10625
4643 22919
1627 6840
5500 80179
409 6801
998 51026
9128 11140
84164 147841
4627 4637
1982 3309
5034 51692
83667 114879
2317 57498
10120 10575
6232 11224
4736 4869
4085 5888
27032 51026
3297 3298
2319 6709
5305 79837
8615 64397
71 23603
5599 285282
5134 11224
3646 4839
10482 81929
92399 115106
10613 55362
8655 81610
9197 79767
6134 6189
9847 23421
10006 163786
6238 56902
9631 348995
3726 11224
9694 84081
10291 146705
10382 26277
9114 26093
2959 5430
6128 55421
51633 79837
585 5108
8396 79837
6426 6634
5595 55729
648 6045
10006 100526737
7917 10153
657 9114
29127 55684
9968 84246
9919 286077
1104 7341
10576 81569
7750 54442
10579 57606
23603 57584
581 51199
4100 404734
4100 55696
3148 4627
1478 81608
10095 399687
64793 84930
6625 134353
3801 10193
3726 6185
1062 23185
10526 29803
999 1008
6272 22837
5493 5936
55930 81873
409 11180
2631 8508
26092 54927
64282 84181
4726 9218
6731 22907
11243 147841
4172 8914
3052 63875
219 9532
8615 286077
9989 60493
29766 55930
1211 23603
3993 7917
51593 387119
7533 387338
6238 55505
6829 79577
29104 127018
10615 55165
5979 8351
25824 100526767
908 29966
5099 7520
8450 10980
8650 54443
8312 57584
657 55183
57584 80179
9419 79837
5586 54663
2316 2783
10492 79767
4751 26046
56121 79139
4673 6731
3708 4641
84131 90459
1663 56006
5500 399687
10190 113457
6134 8661
9662 85459
10390 55170
1329 9218
5709 9861
6208 11224
8036 57465
10580 57621
79711 221749
10951 23126
3065 10575
1627 23603
4174 6622
81569 84759
3373 9903
6128 6134
87 1627
4690 8409
9219 162427
6622 55596
51633 256126
1399 80005
4641 4645
3178 57727
3416 10763
5435 55718
904 11224
1017 7798
7168 25813
832 23019
8021 29079
5718 10213
6272 79664
1832 4676
6238 9045
682 23603
5501 9667
829 2317
7167 8411
472 50488
1212 11346
23603 25921
1192 11346
4625 5534
1062 9919
10528 84864
372 116840
6606 11218
5531 151987
9774 57644
1445 84305
4172 84333
7329 29843
334 27238
7013 7014
55143 63967
5424 55432
5770 9961
472 8897
571 6558
810 140465
1213 23607
8554 23071
6048 51608
1017 51474
9882 51175
4707 51026
9321 51092
7248 63982
9928 26128
833 1915
23046 84128
4735 54443
818 1627
3852 9793
1453 102800317
84524 114548
2091 10920
10528 26155
1104 6187
25977 51512
2976 11224
5693 9851
4641 9667
6646 56121
60 22800
10985 112714
8540 113130
3987 7520
9694 79084
10939 84790
7158 8574
526 51160
10480 11224
5531 7514
5693 5879
10174 25942
8826 10094
526 657
9631 9972
5500 6709
7167 51026
26046 146909
9662 79848
7023 55602
7003 10413
37 3796
54623 79577
890 10807
6647 11051
57708 92106
11224 283489
8658 79590
4000 84823
9126 27238
9559 79365
5202 10471
5567 22994
9589 56339
5516 8500
1654 2521
10013 11234
4204 9700
23603 57498
3192 27044
5711 8454
5423 7515
51642 65005
810 54927
1314 22818
1017 7171
8890 10528
9984 58506
5905 51164
6134 8355
4802 26123
128866 286262
7184 56905
1213 8650
5478 64708
7443 23140
996 25906
6124 6134
1213 286077
10075 80124
5435 79871
2319 7169
5163 11228
8661 55226
25821 112936
4641 84859
24140 51548
7529 7533
8604 22974
9128 9722
9015 11091
55831 56851
11160 55362
25813 81873
55165 55745
2632 22920
23385 51079
7525 22919
29775 374654
1181 79759
10951 22850
3320 7265
25813 55914
5514 80335
5878 51264
23036 80218
26009 112869
79791 79832
10567 51026
5902 28952
4641 9919
1434 81930
25978 55165
3710 10097
5689 5693
2335 8189
3611 10574
5987 8148
49855 440145
9926 154141
26148 84779
5691 5692
1627 54873
9948 54443
599 55170
324 57224
22916 55027
160 55930
10801 23176
1025 4299
8481 729440
3021 84131
5888 8729
3065 5928
5682 10213
3184 50804
6809 22974
22936 27125
10939 22936
5878 326624
4067 54443
10311 54520
24137 84833
10286 151903
10989 90317
9939 54874
10159 90102
324 56941
9221 10951
10067 154141
4621 8735
7385 51026
4149 6897
8358 23133
8826 55074
3065 57459
4478 80179
6607 11218
27333 55610
8661 10360
10801 64423
10576 93436
1373 7517
1024 9477
1387 11016
3959 5091
22995 64837
6908 9014
535 55177
4800 81855
9112 55108
7171 93627
3678 10095
10949 220988
1213 80153
23112 79621
3104 9810
8661 84726
3837 7341
11224 55090
3837 84725
23404 145482
3895 54929
84790 84833
55166 55785
5515 84240
4836 8661
3799 64837
11116 55140
8697 10174
708 163033
220134 348235
25906 57473
7111 10972
5116 22994
23046 55142
8607 25998
4175 63967
64062 80198
3032 3837
4624 55814
23392 23469
29127 55920
3516 4853
23193 55704
25962 55644
9219 57504
10730 55362
6183 11004
23607 65979
2235 5515
57534 153241
4641 55074
11224 84246
10084 11157
4116 7756
9716 51340
5516 11116
4085 10558
54949 143884
3188 57688
6731 124602
3833 9688
11222 26517
5097 6597
9984 51512
5520 6234
3801 11116
4641 54927
64858 84875
9939 161424
5430 63935
6683 127018
10460 57721
23431 27333
7184 10682
6134 8663
70 29127
6238 10514
10694 203068
6139 8661
890 4998
5537 10694
11224 728689
7584 8729
6731 11137
1627 22919
523 10959
3192 51116
9061 25978
2316 7168
10540 22919
23780 112714
128866 641371
6788 56683
56252 220988
51317 54919
5500 23242
1459 23095
1069 1070
3192 55922
3295 29127
1327 3718
64837 79760
23650 90293
23285 55364
51626 85369
5878 30968
5903 55916
4116 10513
9101 128866
2125 375056
9260 10096
488 29015
112714 203068
8028 84444
706 94101
324 2932
90550 116115
8697 64786
8202 29966
5064 23603
5537 23243
54930 79441
64689 100302736
3181 6426
4627 11217
23347 54471
4869 94239
3932 8621
6607 79001
1312 27068
988 51340
9410 10286
1104 3838
6683 9605
4302 6134
10972 81873
51341 64062
4998 54107
5888 286205
5439 58490
2632 54093
8301 9026
8726 26147
5436 246721
2317 4641
55975 200734
57122 285367
832 9260
23164 54443
2803 51340
3093 10806
5411 200734
7248 100381270
3959 51071
23613 57459
2932 4552
1915 2058
2683 7597
104 3178
8548 55346
5877 119504
64105 79172
9231 10464
4627 79180
1024 51003
60 90102
3791 283459
22832 23603
26986 113251
10313 25923
26589 54534
5878 9114
6510 51143
10413 64398
3397 6938
57175 399687
813 10801
26097 80145
2064 84172
6837 57082
708 26073
5518 8030
3993 54566
10575 112714
5500 54776
1407 96764
10569 22938
387 27347
2060 2316
51474 55589
5700 9352
3064 4478
5378 9232
2959 9150
1213 10906
23376 54433
5903 348995
11091 26009
26100 80205
58517 126917
10211 25921
22803 55602
2872 8189
22862 55602
3263 26046
6921 151648
25913 54386
4628 7171
8777 122060
3326 8517
3091 127428
9700 10744
9688 81929
79441 115106
990 145482
1643 10980
5394 115752
6418 64376
1523 26010
9495 440093
8668 27350
1105 22974
5108 5576
3718 10694
22995 80205
23492 100532731
6238 54505
473 3065
11217 55930
8717 121441
5033 51729
55142 79441
9414 399687
11091 28973
1104 4928
51160 205327
829 830
1454 54442
3336 79876
790 7266
2237 129285
9454 10286
8450 51514
4627 10109
9694 55794
6837 29079
121441 257364
10959 284119
10980 51514
3192 55131
4628 9209
23598 57224
70 4627
4725 23607
8661 23521
7520 80155
3956 4627
9231 343099
2037 4627
3178 3189
81790 84612
51026 51669
54880 151246
1211 6683
9061 55699
51160 56667
657 4723
3066 57649
5435 145781
9202 79149
6396 57122
8439 10694
55100 151903
3093 7317
8607 283450
5644 10075
9919 64175
571 7975
4350 8661
10075 83608
3688 6576
170954 399687
23107 83706
6134 22907
9275 113457
1176 56121
6133 6238
6238 90441
6674 79003
1017 4627
5584 201161
54520 150684
3091 54477
54520 170622
689 80198
3854 64282
8878 11116
7879 10989
5981 11224
11224 57674
6731 26156
5518 55012
5693 11047
9818 11097
8243 192111
8467 114548
3065 57592
4088 64175
8766 26056
7871 26127
1936 54443
9643 10856
55967 93380
11116 22852
8260 80155
4216 9531
10211 57553
829 80179
54892 254251
8569 10211
5908 26985
4926 64282
10471 80349
7257 22980
5518 54535
5518 23080
1499 79003
8356 23133
5725 23354
1017 4659
1642 254065
6045 7874
7517 8031
4848 57472
25764 84779
5531 6239
3726 84717
830 283431
4627 84902
8658 10534
4298 8178
9092 10421
79650 81609
5645 121441
8533 51514
6622 9836
7922 154141
6500 146330
810 92521
7257 22800
23354 55791
1213 4627
81555 375743
9092 10084
9587 9743
8574 23376
4256 29941
8683 200734
9274 10557
6426 9774
1639 10121
810 8470
29102 54487
9400 84612
1075 3895
7203 116143
11116 197335
50813 57175
7335 80198
4299 9587
8470 29766
4928 79023
79650 113444
5515 8500
5515 55756
1627 4771
3064 81930
1627 8470
55722 90799
4928 84220
3398 23780
4641 9968
4869 56647
4629 25886
5208 84324
6535 57410
998 65125
4735 23753
5045 201627
3298 26097
8218 8615
5518 9019
10971 284403
832 3678
5537 10574
5584 80006
2960 2961
9700 79739
830 26064
29966 51616
23089 54962
7515 22974
2801 8735
3192 6134
9120 23085
26123 84146
3192 7818
476 3185
10557 64225
60 57522
5435 81488
11224 118460
1737 10013
9135 27342
3837 25962
7153 10342
890 124245
26121 51729
7841 11104
55142 55722
5393 10200
3020 55735
4869 6204
57455 58490
8239 23392
1487 1488
9219 723790
26502 146705
9761 51026
5434 8607
11346 22832
6777 8050
23144 91748
51264 65005
741 8607
54557 201626
10558 23385
64946 114904
10286 23020
10211 50804
5872 6272
4149 8242
3614 7517
3728 23603
11130 28990
6161 8661
3298 57169
983 9632
4869 90957
4702 7879
4109 10499
10006 55740
10160 79760
57122 727851
23644 167227
8087 9733
54948 65005
7329 59343
10807 286205
3189 220988
5516 55844
2060 7168
6709 11346
9829 23376
23242 29766
10109 10972
7094 90378
6134 10771
6890 114791
832 11346
80304 151648
64225 134353
3726 84726
7335 23071
8725 10856
4085 5422
657 84303
11340 56915
9798 23607
8140 154141
4731 51026
120 11346
3192 6144
10959 23095
11104 11316
25906 51343
4678 83855
4998 7726
10575 64223
23137 83667
80218 84779
3192 6142
3192 146956
10413 51102
50618 64393
23522 151648
998 27333
201627 222068
23431 146705
4174 5898
6305 8898
1973 8661
8243 26031
830 10592
9114 146909
1455 64225
1017 1627
699 9184
10492 79711
9735 84501
8607 10902
9958 54557
11116 90580
3192 6205
6836 26127
1062 8887
1398 64423
6122 6731
960 23603
2976 64282
1523 10460
4299 7405
4676 259266
6687 26128
23708 79080
3491 162073
10376 55229
25885 57701
7182 10557
8260 55364
5082 10574
8452 50813
25824 25906
2770 11258
4641 9414
25842 55183
6134 84295
8487 10403
2317 5064
5062 10627
4116 5226
5929 23435
9092 26121
3835 8777
22916 23517
873 51535
2935 23708
103 10460
1894 9847
22994 57536
71 1017
3895 79956
801 54443
9052 81610
3831 84858
2923 10159
2553 6612
81490 154141
11346 90102
10916 54962
9218 9570
81555 90522
708 2040
501 5478
54978 55634
4700 9218
51175 284217
3096 6777
1398 8777
9919 22919
9232 65008
57082 151246
5290 5295
9859 11116
818 57187
60386 101060521
51512 84665
6731 54552
8668 79968
24137 84458
51343 119504
10951 79003
1627 10613
1459 9525
4628 10160
4289 10013
5518 25843
8366 54465
1025 89953
2706 7037
4686 22916
22995 123811
6731 23521
6675 54557
25886 55930
5576 9662
57662 79921
5165 10575
1642 51548
54442 374393
9128 29777
10951 166378
2963 5436
4735 151011
79577 128061
5371 342096
10575 79031
3993 8569
5500 22848
1207 6607
4869 6124
9031 51013
3065 51317
65005 79725
6161 6731
6240 51592
9218 54539
11224 55132
5878 26608
3646 10642
9885 201627
2316 5286
1104 4758
7052 79709
23376 51542
498 509
22994 79848
72 29127
5979 55596
6872 26128
91 84146
4998 79724
23224 92421
26271 246184
3710 3895
873 22898
79902 81929
8148 220988
3842 10476
8314 23157
4137 54433
5478 387522
5202 9440
10159 92521
10211 91624
5646 5693
5537 10575
6873 24137
81555 84159
11140 80005
51147 85235
498 154141
4637 259282
4174 81556
9851 22852
1207 58525
4625 92002
3091 80318
7329 23279
171568 101060521
5577 6836
2317 26063
1454 8314
84148 253260
830 7798
4621 284217
8535 22992
10856 55257
5515 79577
5878 129531
6606 25929
153241 165055
2316 57175
4728 10972
7917 63875
3775 6836
29072 84033
7786 8565
5878 54539
2803 81556
9218 201595
6502 51053
10526 55422
7533 84612
9517 23513
6238 9652
5108 55722
4869 11224
25885 30834
4172 7316
9972 81929
55167 79003
6234 79876
960 79577
5519 26127
890 1028
4731 57617
10973 11224
54919 128866
25930 112464
3104 55968
11258 59349
4641 11258
22948 57599
7126 9694
4085 55346
9329 63931
7257 51490
6156 6238
55425 79643
9919 399687
657 29763
5516 8541
5927 9939
5580 256586
5201 55159
9794 25836
1627 3956
1756 56992
3188 23435
2319 2778
6134 55149
4149 4335
54623 123169
5129 7227
81610 85378
6418 79797
7917 8514
5580 8899
9212 10342
54534 65080
999 3728
96764 117178
22995 90417
8366 55166
4869 6205
9919 57805
1601 51512
22832 29766
26100 54828
29966 80143
3309 10808
6882 53916
10735 23063
80789 81556
23613 51538
8661 8665
4869 56902
2316 6281
9662 9859
11160 23385
11258 23517
2956 5111
9968 81857
8454 10971
2521 55614
6134 10146
5510 6992
3633 8535
3181 23291
8481 10806
1024 9862
1478 8189
989 22849
5520 55038
9939 23613
6747 7517
1627 22832
2120 112936
9632 79003
8724 8777
521 10452
5693 56926
3192 6189
54534 90480
3833 22826
55660 221908
1070 9662
3491 79670
8148 10180
1024 8357
9218 10897
7005 10413
8402 146705
7329 8086
7283 25953
6883 25886
4869 114049
6272 80746
23151 29922
10211 112464
81556 84444
5208 51538
8881 51343
5108 121441
8514 54534
5500 56252
8266 51608
23077 57606
6272 9743
6155 6238
682 23780
3726 653489
22920 138474
7454 10128
6840 57587
8914 55388
5878 339122
22862 26092
5245 55177
4478 9202
3799 7846
1627 26030
6272 22880
10097 10159
4751 146956
5432 123169
22908 84458
3646 5982
2146 79760
11279 85377
857 1627
9015 92345
5599 79101
7251 93343
3633 10112
1666 11224
5903 11097
7168 85439
10951 23383
6238 65083
51593 83667
9262 10221
6837 9862
667 810
439 10625
4736 10342
6745 10075
8668 8669
50813 80344
6426 11212
841 197259
4299 10499
6134 51406
1958 4113
51512 80179
9232 51256
9777 10067
829 23019
9013 93627
80179 85464
4299 116115
10094 51474
4624 4905
10916 96764
2956 6809
23376 55154
6790 54948
908 991
11346 135228
990 9830
2683 84458
1212 399687
5987 8237
5261 9328
55605 63891
5111 10036
830 9948
2317 7464
10111 23095
1915 1936
7111 51474
1104 7329
3065 3621
4839 7917
5156 10160
8362 55166
6674 22837
10607 56915
5111 51073
23451 93380
23603 154810
5048 8604
55818 100526767
10403 23347
1008 1499
7184 9585
54962 56941
7283 29922
11140 11224
1915 5917
9836 56259
22880 54557
6510 154141
9857 153241
56652 57727
9791 10733
9919 116143
56946 113457
641 80010
60 1601
6813 55215
91 64601
54919 84833
63875 65008
55119 55135
1459 51517
161 8826
8697 51434
5501 116143
2181 51608
58 399687
7341 81929
2017 4292
10793 55603
60 55860
23517 51013
8563 126526
3726 85313
7515 11284
6622 27352
7290 25842
8411 114876
7529 10413
4731 7317
4967 10013
3646 64897
8974 81608
3020 57224
1294 84501
4627 51474
994 1975
27072 79921
9585 57698
3104 9419
6535 6747
8615 29914
10013 79001
20 5097
54149 83667
7266 55764
118 29766
8450 79269
9518 54534
9525 27243
10651 84303
11346 26064
5708 6853
10972 51474
6134 55023
331 6734
8697 50813
9696 23122
10094 10097
7417 84612
6731 51121
6647 23567
9693 51605
9531 9817
1327 93380
9231 123811
3895 5423
3959 79709
84233 112714
22995 117178
51479 57662
1459 10001
983 55858
1627 85458
9493 90102
8481 22919
2103 84458
8487 22852
1627 2040
9495 166929
810 6494
6418 353274
3837 29843
22995 64282
4000 4001
11051 55214
51253 54534
6134 51388
7203 7517
10985 93436
5347 23595
215 112936
7278 9532
5984 11224
4848 6238
4704 9218
3178 9667
7533 221443
9567 283489
10036 55023
7529 9733
3065 9425
9875 9928
3728 7168
5888 80319
1653 6134
51092 54584
1198 4580
6418 284119
22909 84128
9775 26093
10109 51474
6238 25998
6607 81037
10174 246184
8361 55166
79739 319101
3192 6138
810 3983
23473 25930
6599 6605
3831 5908
23471 54442
3932 6683
10390 246184
10951 26168
8089 23036
488 79939
1195 80223
6217 9793
4869 23223
54821 161424
3184 10381
7257 8087
6812 83706
10097 23242
9875 54892
5888 83460
51605 81831
10426 440145
4204 84318
8939 10270
8881 9454
57599 91833
10694 51514
23530 55247
5515 6950
5590 9578
3921 83667
1627 9209
11258 399687
4913 23708
6224 57332
51652 121441
2521 389677
8653 8661
1186 7517
103 7517
3837 7329
51014 64689
2580 83448
9532 9685
54534 221035
55181 56006
10594 151903
657 26092
8481 90102
3104 84376
6155 8661
4869 6193
9114 57187
331 6275
9184 54922
8508 10951
6426 389677
56945 57704
11091 51562
5531 26502
5518 8500
7168 57175
4638 4641
84333 151648
6134 8892
7126 79003
54520 55069
26092 79711
3021 113130
4627 29766
1213 1627
9329 11224
3192 23560
7317 54921
5315 8266
54534 122704
4628 7111
5364 79682
2932 51559
90488 101060521
699 10128
8554 51426
4800 11222
1212 222584
2934 22974
6612 25896
23759 151903
79643 134147
8089 10902
5576 22994
55785 121441
9793 388698
7726 23133
9913 112869
302 8826
25847 80728
1069 9648
6607 51009
9919 54954
546 8535
3839 26148
490 6734
60 2778
23095 89796
63967 84302
801 23603
5610 113130
4289 51646
51433 55339
54930 93323
7905 84833
5099 79670
2332 7283
55870 80143
8607 25911
1399 55802
6160 254065
65008 84545
51780 128866
3185 55210
4627 11078
8897 57187
5700 5713
4678 55723
6731 8290
1915 2580
830 91624
23603 219771
5519 5523
1659 10286
2189 56992
6383 22974
4001 55362
5245 9218
5337 5429
22995 23510
55589 80179
9377 51026
5515 10575
10575 81569
3895 6238
23597 51366
9877 80145
857 26127
10165 23385
4800 4801
28990 96764
8969 51147
4436 5111
1069 7257
1176 10972
2317 29763
11116 55388
9972 55975
4641 80179
9092 9416
3182 220988
120 51474
5202 8607
57488 84790
571 3074
2355 9045
8607 55037
91748 116092
10342 29082
23683 56259
9775 80145
1616 5982
11186 55088
2580 6709
4751 8559
7168 79901
3895 7879
6625 11171
11040 23759
5584 81556
51329 54972
2146 54874
11258 57730
688 8260
2534 3984
7319 26233
3188 8985
5936 374654
7517 55705
3914 3959
56993 64282
2932 7020
10969 84444
4726 51026
4509 9197
1455 9112
3181 11224
60 2060
54442 79791
51735 63967
10197 23492
6731 55922
7278 10383
488 1717
9861 10935
103 6238
23607 55048
6134 6233
546 6731
6683 79143
81930 246184
3837 3838
6272 10542
57224 128866
8140 84790
830 23094
9197 10970
3831 147700
1024 25929
4869 6141
830 1211
84612 146956
5515 80789
22909 440093
3320 10763
7517 81855
699 5290
8314 9382
10165 10575
286262 399687
10464 64770
9124 55165
291 57587
10432 220988
3646 11224
7533 11228
4646 10097
1063 5429
6625 29941
8667 50618
7846 122769
11331 81555
9632 9919
6134 8290
55364 374654
4149 10111
9429 10959
3646 23560
657 1956
22938 51362
571 11222
4627 10094
6223 11224
9061 51642
10632 30827
22995 56254
10694 29966
60 57553
6134 8357
8089 8295
6125 6238
10921 51755
2872 8570
2177 3184
3148 23603
79934 124602
5704 10213
9859 11224
23014 404636
8661 113251
2316 5339
6257 27125
5700 80227
9550 51026
5936 79711
29899 134353
10972 125988
585 55722
813 64434
5436 9150
7874 254225
29127 143244
5428 10801
701 4085
7249 51256
22837 51143
56992 65080
128866 284207
9015 81556
10160 54433
6950 29966
5985 11224
7153 8668
5111 64432
3065 23309
8697 114879
6134 10933
5523 23534
8815 55166
79727 84056
10212 55362
9939 90488
80179 115548
23271 63935
22852 23093
9061 57472
1213 4641
60 126353
810 126353
488 498
4869 8349
5500 92521
160 9919
2959 246721
5097 55704
3184 8291
5394 56915
9632 10024
2475 9793
2746 64689
4627 9052
6301 9869
55704 246721
3326 51175
25819 399687
5315 9910
27238 54820
6418 27107
3183 220988
8500 24137
5433 9646
55558 56121
7874 81569
11091 151648
9695 84295
51150 51175
2332 9774
5091 7879
4646 8301
2803 3184
5930 6647
2706 79939
23077 200734
22974 254065
1212 9919
5515 5529
9112 9188
3993 84612
1785 8260
57122 79902
4641 10474
64781 84916
5879 51474
571 7267
6647 199990
6709 22919
1627 4659
998 51474
6596 11154
7052 8985
79786 151648
813 51026
3895 6646
830 57530
3326 7266
4800 23143
10180 93380
7329 11098
4998 5983
1060 11004
3993 22794
83667 552891
10844 11060
3376 3895
8452 55643
65008 65080
79791 92002
3192 65083
7517 55749
5500 85379
302 80179
64423 80179
9525 148423
2677 8881
6272 23076
5566 9532
7517 10181
6606 65123
3329 3914
9662 29079
4174 23421
9919 10484
9980 83667
9939 29123
11346 23242
9821 56675
4641 10025
5331 10492
29882 81609
5908 10159
4927 8021
10664 128866
11212 96764
23243 79070
9662 729440
387 8939
10490 51512
25771 64781
11187 51512
6272 55325
506 154141
8481 102800317
2050 79149
6500 85461
9371 55110
908 25813
51512 57706
3835 9126
9531 284217
23130 54972
2017 2319
51474 81873
8735 55214
10959 93380
5683 5692
6134 54915
2475 54557
93380 112464
1781 5595
9646 23505
55362 112464
1445 7385
54433 55505
3691 27327
6731 10908
4154 7818
6731 333932
10763 54865
3796 11078
5576 153241
25923 79073
7879 10613
4641 54443
4641 26985
8826 10390
3615 3726
11140 57669
3065 56946
10403 79724
830 3710
2260 10988
22995 79760
4628 6840
5204 23708
8650 51512
2638 5520
4621 57222
3801 11130
7917 147700
203 7072
54557 57539
4691 6731
8290 22909
5311 55069
6605 9972
2783 80179
9525 9798
3688 81037
989 3309
163 8615
10492 729288
9218 90550
8668 10171
830 7168
79158 246184
7112 51203
9694 10180
10528 57647
4629 7335
23304 151648
3959 440145
6776 7087
23411 144983
54815 57592
6611 55027
4751 51343
5094 60485
5518 55844
10549 112714
11279 54487
7586 80223
3320 79830
6731 387338
5515 134353
54443 126353
8535 57332
51147 55766
4836 10528
5894 6607
10051 10592
25983 79866
9733 9775
10274 23063
5927 56946
4794 51366
6921 122769
54014 93380
6607 128239
2590 3688
10409 399687
3032 6606
11073 64427
8658 85456
6238 23774
79137 143244
5700 5709
51569 79876
9662 57572
54014 79727
1601 5500
1620 79869
8565 51092
5436 79871
1912 8535
8661 79697
9525 79139
8260 56943
1017 9134
23 6238
5518 5523
23405 57486
8668 11224
810 23242
8924 114799
6595 9274
4957 58513
5435 10622
1211 8615
8615 56254
5202 7411
10042 120526
7095 60682
5500 10097
1445 347365
2534 55644
1340 51341
5868 51776
3646 6238
9527 9632
55345 57617
3984 60672
2799 5562
27229 440145
708 128866
7283 114971
7415 10112
2314 10211
8208 128866
1211 11346
6230 8661
657 112464
10763 197131
5501 51474
1058 55035
114791 653784
5500 139741
4751 22839
10935 246184
22852 23384
51366 84881
11340 115752
5435 23031
3678 81873
7534 84926
8881 79780
79677 84250
6272 252839
23063 23244
60 1613
163 4628
2972 26086
8933 221150
990 6059
5518 57117
25959 119504
7168 64423
50855 84612
80349 123169
4609 54929
57187 79666
118 64423
6522 162466
4869 6209
50813 79780
8569 259282
6228 84612
3276 3298
2972 55718
6840 51474
3672 3688
6134 6235
11224 54954
7533 80346
79760 79833
10211 51026
830 57482
7917 9885
4035 127253
10525 54557
6134 29128
3835 92399
10095 51474
10856 54799
810 29763
11130 100527963
5430 8661
5329 9587
6238 55299
9903 162427
55603 56647
4869 6189
708 90293
3728 51026
8888 9789
6426 23759
1398 7994
3646 6223
84445 399687
6812 11232
10171 10342
10051 64151
8089 85377
1627 2934
2521 3189
9282 9968
9814 51366
1368 23603
3065 6239
30827 54998
3678 9209
60 1829
9632 9685
11217 51474
7804 84514
5306 5347
5770 5825
9662 57534
10094 11346
6731 79050
8036 9445
6731 9325
2319 4478
9857 22920
1212 51512
51010 56915
8697 79158
8165 58490
4292 5378
2962 26100
2027 22995
117178 374654
3799 54596
7846 11140
10972 54487
1289 23291
8021 9267
7905 64779
10286 728642
5445 23131
4109 57509
10112 55143
3726 10181
2534 4580
4000 10797
5580 8087
6801 29015
810 85439
6731 29889
6045 23269
81873 399687
7283 10576
6500 79176
10856 80304
3726 51586
7528 79913
20 23131
60 160
9961 51512
830 64397
5903 7329
5644 6622
5052 11258
10959 56704
7726 26286
8312 102800317
9126 9859
6748 84790
6147 6238
801 4628
10963 25813
3799 5449
7251 55165
8291 151648
7869 9197
10437 22920
8165 113251
22852 196463
79677 145173
3833 8021
23358 92106
10528 26354
25813 54927
27333 84779
810 3148
8661 55646
22909 84725
3622 8819
7812 65977
7283 8933
60 9824
4216 9493
529 55177
4641 5286
667 9895
23138 55930
7818 121441
801 8826
9531 10992
488 11331
8690 25875
2181 7905
599 80145
983 6883
5929 9129
51430 60481
56829 197257
7534 8546
3397 8554
5500 8826
5156 23759
10403 140710
60 9961
11346 57530
7072 64793
6883 91368
164 51512
701 8697
4580 10989
10540 399687
10363 54880
1499 3728
7533 83481
202 22920
2091 8356
8826 84445
4946 56254
7419 55177
7013 25913
8227 80145
55362 81537
672 6059
11346 113026
56852 284119
3832 55345
5165 11319
79664 79980
22832 55930
9950 51092
1627 10096
5894 10987
54512 55379
23094 55755
51366 55971
4869 6146
3192 10885
2317 91624
5878 6548
6801 25843
1175 1212
3070 8243
6731 51504
11143 51147
3065 8367
6606 6632
2280 112714
6734 81556
51244 79677
7257 102724594
2534 5395
29925 83667
5371 114904
6599 7182
8531 79876
1975 54821
4735 23580
1213 85439
6426 23020
9559 55737
9197 23392
3959 4898
7417 9218
6731 55226
9218 81555
657 8031
10942 154141
1181 4931
2762 4088
1627 2618
7804 57662
5756 29766
4149 6197
2629 10694
11130 79711
3914 6809
2580 5048
23155 84861
829 2316
302 8985
80179 284119
54093 55379
5432 5435
7175 9972
2316 5500
4100 25824
6210 6238
6272 128308
80179 91624
23160 64781
998 8891
1429 9587
54972 129531
8905 11276
3148 11346
5111 27301
3065 8356
5878 57498
8932 57459
5567 55722
79612 84779
805 29766
3104 23078
538 682
5908 23405
55722 80184
571 8106
8454 9978
7391 10476
54464 169714
7087 92345
23078 84516
25913 26277
9611 25942
4641 57584
3993 4214
55802 80153
23595 26092
857 7251
5590 54921
801 810
25994 54442
3030 92345
5586 81627
369 7533
54148 65005
8241 8914
2664 5870
53938 55610
8411 63035
54780 79677
2316 55589
657 3977
10627 29127
571 25962
5500 55183
79612 80218
5687 5693
10801 60312
8638 147700
5987 10363
1453 11116
4085 10042
23429 84759
85444 343099
55671 541466
2521 494115
10270 10657
51474 55327
1024 29079
5033 8615
2534 57169
10159 10273
7917 102724159
6134 6203
5045 10075
160 54443
4430 399687
6238 90850
3476 5515
11098 55603
79707 124602
1017 116447
7357 128866
26030 51474
7260 9342
9536 51026
2872 11336
2317 55327
5825 10959
10733 50640
2475 3993
5062 103910
1017 51115
7158 27107
2547 7486
1017 85440
9126 23503
5692 56984
28952 57020
5976 6612
9662 49856
6731 9978
1024 57522
10211 25930
6045 23492
10972 55183
3643 55968
6201 7431
54442 55527
10084 55696
10574 51236
59 399687
25886 56890
5692 5720
4641 10634
51426 83692
22800 29766
2778 23603
22852 91614
8301 80179
3959 55922
60 4430
55215 199990
26586 55421
7414 51535
5888 122769
6238 138716
6500 25793
4354 10144
657 25978
55529 64062
5692 5721
3192 3508
7582 23644
830 6712
5494 9895
29941 29966
7726 147700
4085 10527
23014 57488
7517 85313
5111 116540
2073 10403
60488 254065
1368 4628
22897 79621
51512 85439
23613 57062
5576 57534
3726 84081
81 11346
5599 723790
6241 8697
4641 8826
7515 51776
55722 123811
64146 92106
10079 10763
22994 29074
2040 5770
6712 8826
51474 54820
890 1017
8968 22909
8661 54505
6229 6731
9527 10989
535 5770
1373 29095
10921 221937
22852 29941
4354 9014
6731 23481
5899 23603
9429 128866
1627 55589
7405 8678
4430 5500
790 51608
10286 11059
3832 65244
7866 10013
5080 79443
6611 8314
10426 85378
1108 6731
7283 84617
6871 112869
5099 10460
9878 58490
8668 23603
10994 57704
29922 440145
3837 9853
7278 10549
5082 10575
7913 10528
10036 10951
8649 55644
51329 93436
1211 22919
10006 23191
10403 79980
6500 90231
3065 6015
9529 57704
22995 57037
4085 5903
3621 58516
9694 23451
9919 22903
4067 122060
51474 57584
4719 9218
10613 23376
3516 84458
79003 79915
7917 57654
7529 26973
6134 9908
55791 114879
699 1191
8664 8668
8615 8711
2959 6134
998 10390
23603 345651
4691 9495
4946 55558
4149 84271
57617 93643
29123 246184
7534 55814
6936 10492
3178 10147
8735 51317
51366 56704
9984 10189
3914 160418
3192 6125
1315 151648
2580 57559
3646 6202
4869 6143
3708 4085
27089 79577
6227 55644
25900 126917
5692 11234
3895 5917
9818 129401
8502 51512
8453 9517
595 983
55027 58490
9169 29922
64928 254065
4627 11346
7517 11316
4627 10079
2355 9400
6731 64965
3845 57122
10513 84078
3297 8321
8508 26148
11091 54617
8270 55644
5902 7283
3726 51585
7533 114879
24139 91754
310 3093
5878 27243
23268 23607
9919 91748
26054 84131
23603 64423
5518 23141
5095 5523
8663 8668
4869 6133
3065 116092
10575 25896
5496 129831
4869 5394
11224 51386
1642 25853
990 7020
2177 8089
9646 11098
5609 23347
6829 23224
9830 92106
93380 134553
10159 57596
1639 79139
4085 8402
22974 79595
4100 7818
998 4731
1643 8450
4154 55159
857 7879
830 55898
2923 3688
1211 51474
10965 128866
657 26030
1173 7168
2580 26227
3959 23753
3070 9694
5705 9861
6837 23389
4085 201595
6923 79577
7004 10413
6500 55336
7283 58472
9231 55722
203 51585
1212 22919
29803 197257
7168 10097
9798 55165
10445 50813
8661 51490
60 5898
8451 9730
4686 11218
699 1891
6134 79009
8655 55605
6124 6238
3065 9640
79778 94005
23383 25836
55975 84612
9587 65003
8227 26128
5711 22920
790 23650
9525 51534
1192 55930
3708 4627
3611 286053
26030 399687
6764 80179
2935 57619
535 23607
7798 8826
22848 51474
6597 7905
7917 9232
4641 51517
810 11331
5371 26024
4627 5699
3337 4621
5500 27316
9070 91272
8021 9688
5757 7917
6272 83666
4627 10096
25885 57648
1762 57035
9197 10456
5692 8624
10916 55165
6272 65056
8974 9939
8615 22994
23165 57122
2316 10096
801 2317
7798 22919
10972 83660
2071 6238
9124 51474
3832 51135
55166 64105
10464 11116
5163 25945
91746 201627
4869 4931
641 80011
5297 6272
4800 4802
25906 57706
2773 51512
10845 22908
8697 146909
5586 7407
92345 257364
2720 10159
810 23603
4641 4659
10910 122769
5436 79577
79677 100381270
3614 11224
526 9525
10460 57606
699 55127
51010 115752
6606 90102
10051 22908
7319 57473
56941 64689
5435 5437
55722 84445
1936 11346
60684 64422
4641 23022
3646 8668
1213 57132
5515 6801
3054 84148
2181 220134
80304 91272
5501 7170
7917 23076
4172 5395
904 9646
4628 6711
10556 23376
5695 57332
5881 51474
1741 80829
219 699
6134 6230
50813 84280
56992 57456
5119 10342
4624 9730
55342 55644
8242 57592
5516 57117
60386 79137
54520 54951
1894 10855
2317 8470
5518 9061
9801 65008
29766 81873
5770 10211
51092 81610
26030 80179
7534 9410
4792 5970
9218 51463
4624 94005
3309 55324
9793 10460
7417 79073
10540 11258
5119 5903
8451 254065
8451 10951
60 55074
9282 9878
85444 197335
4841 55327
8933 51175
23376 51506
9818 57122
5929 23067
80184 220988
10262 51092
5878 55967
221150 404734
51160 55004
1212 2316
11130 55971
2935 3159
689 1459
1627 29775
7278 8615
3853 22995
25942 84312
1601 4627
1368 55177
3309 29104
3476 10576
929 4660
10528 140710
4928 8480
4214 10528
7257 347240
3646 56342
1789 56886
10403 25824
6182 65005
2316 6675
950 10594
1025 1058
7534 10746
1453 79760
5825 9218
29766 64423
5108 9231
4627 221443
22974 26586
3192 5982
10426 27229
8826 126353
51363 91942
3959 6168
54930 57596
2683 116541
2976 9330
27089 114548
25978 51026
5395 7517
23492 57332
7168 81873
23603 60312
988 23157
11140 23603
1778 4289
6134 26354
1062 10807
3939 54821
55722 374654
3188 4343
292 8766
8697 25906
3832 8290
3065 23016
3726 54676
3914 50804
23016 51013
5064 11346
4350 6731
7922 10959
810 11217
6801 55917
79780 81831
6134 9147
5693 5721
810 6764
1017 6093
22852 22994
9652 11224
1058 88745
11224 23185
3192 6223
830 10097
51092 129531
1315 3996
4641 103910
9112 54442
5987 9662
3192 57062
4214 79003
51026 93380
23197 79913
2146 6629
657 9497
829 5500
23046 23528
6731 79039
3845 128061
3185 4001
9851 121441
9804 23385
54443 64978
1831 63979
684 128866
3993 81608
3775 9950
6731 26354
6599 8289
740 55644
121441 100526767
4869 23185
5931 114548
23195 51652
5119 5878
8496 286205
808 8826
9169 10844
10574 55159
7391 10939
54973 92105
9984 55421
6238 23481
6238 25873
3836 10078
1062 343099
3726 203054
293 55718
6711 8826
8607 80314
5163 54520
7168 9429
3320 26973
9793 10613
1459 51008
6045 64319
23095 50855
7251 137492
7297 7804
6134 6727
10120 171024
60 5216
3054 8314
8242 9640
10959 23107
7879 22974
9532 10273
10211 286262
890 49855
810 1192
1107 6134
10200 196441
11078 399687
1829 2317
3191 3192
4478 9693
3065 8351
832 10540
3832 7094
20 3914
5116 57539
51699 54520
3842 5834
9662 221749
3688 84833
10079 10733
3921 51474
3939 9793
10006 57648
657 83862
4810 6272
6257 9578
7398 26092
2181 9585
5097 6883
908 2782
90378 286053
3065 84159
3703 23376
3418 84078
10694 51079
3064 11186
4686 8266
3150 4624
10456 84790
6132 10528
9903 79139
2314 51474
3192 4869
7517 55914
6426 9810
57606 91746
3192 6132
9185 56886
9859 11004
6950 7283
5976 9344
9585 55702
9015 56992
7150 7726
781 10769
3192 6222
23112 51512
5501 6238
3775 81037
11004 284403
1104 9631
6683 126353
6134 7155
740 254065
4848 246175
5518 80789
54973 81556
23094 26092
4627 56667
10629 112869
7257 83640
1374 7283
6426 79228
23404 51559
6235 6731
1459 8100
1452 51512
10075 51079
22916 23379
1642 51514
9640 57592
22995 80232
6777 55683
999 55914
6015 201254
2873 50813
10211 29766
538 8239
8565 57534
6731 8968
873 29100
6275 25813
6045 84759
6134 6137
57534 123811
10159 22841
7517 9669
6625 6636
1741 29127
2801 9632
60 22848
657 284119
830 8470
2316 5064
7111 23603
55558 89953
7278 84928
7874 29128
1104 129401
9221 55529
515 25813
6606 9554
1161 8450
6015 83746
5516 7871
10574 55135
6634 25929
7283 8087
9984 84321
54433 55644
4628 23383
3309 90488
823 26057
1487 7764
1627 11346
64770 343099
3099 56852
5318 8615
8636 23310
23241 57035
10013 54929
3842 55795
4839 8726
9525 58490
5878 11331
2107 10198
8607 54617
4869 6132
3895 10159
988 55671
87 80179
966 5500
10492 55075
23112 192669
55177 84896
6731 10973
830 5000
2969 9700
103 3726
10492 114789
9886 22995
5878 93380
6597 9219
11224 51154
55421 80145
11130 58472
10211 11346
23530 64225
8446 9984
1073 399687
6500 23403
81689 146705
22841 55605
60488 64946
85444 85459
4695 51026
6938 54442
9232 23093
3646 6206
6187 8661
10491 10921
5337 9662
472 83692
4628 7168
8863 55704
3726 57092
10844 222229
8454 101059918
7917 79711
3837 9688
6606 50628
2961 10006
3329 8508
1173 1213
5928 6418
26019 56992
10575 84790
1809 4957
1024 23389
830 5861
10211 10286
5504 404672
2230 51474
1069 6908
51514 100526767
55755 124739
56852 57522
9882 54737
5297 7917
10286 81669
4714 51026
490 84790
54557 57062
23241 259266
11232 55135
10294 84790
1211 9919
4802 10042
2475 7917
891 983
121441 100526740
5537 27315
6137 54512
7517 58472
160 8826
10403 147700
810 80821
1453 5494
5898 9179
55603 353088
6709 51474
9643 23014
5927 57649
7407 9260
55509 79042
2629 55272
2683 22839
5048 5050
54407 128866
5983 11224
22974 26235
11228 84612
29766 90102
3192 6203
11331 55177
9126 23365
9092 9129
54443 64423
25873 254065
3710 9218
27332 54737
4627 7525
6238 10360
4926 6731
4238 55644
4012 79571
23022 221150
2800 26277
5500 7525
51669 55177
10856 26122
7266 122402
5442 10763
1477 10576
5531 10694
686 23046
11234 151648
4256 23352
2316 4629
7386 9218
8165 84305
56886 128308
9260 10109
7581 55610
4085 10682
810 6624
6134 51018
3836 57680
23510 54442
5901 5903
10528 55131
538 10556
4751 10059
4967 56915
23607 129831
60 1173
7336 51426
2976 3895
3726 6737
9532 54442
4792 4794
10376 113457
3652 51496
4299 79780
4204 54512
4926 57332
9821 151648
118 3339
6205 55166
288 201627
657 9052
3192 8886
7343 254065
9120 79724
3801 8031
6191 10528
23369 129831
10971 84612
537 1627
5435 5469
9169 57169
9694 22826
3633 63967
4869 6187
5097 9847
84930 91452
7158 283489
5204 7411
2316 3983
5693 5717
6731 51191
8563 10189
147841 100527963
6880 81555
9419 55655
3799 256586
160 57587
4928 23636
6829 55388
27109 83667
1069 55425
83667 548645
55362 284119
81930 146956
23613 54815
8863 23080
810 57175
4218 51026
6238 8971
1666 3718
3716 8036
91869 220134
64225 284217
7917 128308
810 7170
5693 5719
4641 56704
810 2618
2125 55159
4292 6576
55755 57534
7094 7414
5682 5692
3615 9919
10094 10627
810 3710
5878 54407
51138 51514
4605 7741
4798 79913
9972 10482
4100 5531
29766 64801
22994 55835
3726 54663
10460 55740
20 55069
3703 3895
55722 165055
657 857
324 80351
221150 348235
2803 58525
6235 6238
9013 387332
1407 2103
1662 29766
1407 3718
2475 64601
1108 23613
1108 9112
26973 196463
55177 57498
8914 84833
79443 91869
7114 29922
3178 3183
5898 9525
3646 11198
7329 8028
7798 80179
3188 221092
4869 25902
8508 10694
6396 64689
9662 91452
3646 6175
160 5501
8242 23269
2040 7112
8100 10972
1894 221150
23384 25813
4940 8411
5048 51497
23133 30836
51335 54534
4722 51026
2580 8301
4928 157313
4149 221937
10121 11258
23404 55252
6926 23046
9419 57187
6272 10492
116447 123169
1019 55746
1627 126353
998 51776
1327 6606
1459 80728
56121 64784
6760 10492
2091 134353
9958 54972
51512 200186
10270 23196
3895 6229
57473 146909
9851 102800317
112714 127254
2017 4641
1072 7168
6926 55735
3791 23022
2629 23517
1762 25847
7517 79139
11140 25875
830 1639
1659 22938
9569 26092
3984 8438
908 57599
1432 9564
661 55718
4298 5127
2521 10657
10668 121441
23291 25777
3434 7942
23317 55791
23384 399687
1314 7126
657 9180
23354 55142
23492 92399
4074 55601
9054 54880
6867 122060
89953 147700
5518 91039
10847 165918
810 22919
10121 10575
23607 83892
1075 11116
7052 10262
22848 54443
9862 22920
8658 84464
29914 56675
6731 7153
1937 9219
10193 50618
6194 6731
22916 23082
60 1456
722 51092
5979 10907
8452 55832
54566 115106
2010 3185
8661 728689
3188 84309
4628 91624
8729 57662
55173 127018
2316 6712
8520 25842
55835 79035
1212 23603
4627 6712
331 4848
6421 7248
24144 54556
9761 11258
6727 8661
55166 554313
25 3104
5725 387338
8661 27044
3836 9219
3192 65993
5577 29086
1213 54443
3178 10492
54520 57020
521 6607
9181 23243
9859 83461
26020 51026
55509 100287932
8314 146705
8615 25844
9578 399687
1639 22919
821 23385
2932 23174
4957 9219
9341 10575
22948 25813
539 3775
7515 11260
5108 8481
8243 149986
9128 9416
8826 23094
1181 148423
10342 128866
9859 55700
10981 90231
2266 5315
57617 375056
1195 23095
6535 10916
23019 25998
56652 80205
23198 201627
1024 8356
51073 57007
2091 440093
91 121441
10013 25929
10181 11116
8453 50813
23347 29074
3309 5048
29127 51317
9181 22870
3796 4552
60 128866
8189 29894
10458 23191
488 506
991 25847
891 1164
3835 6134
6536 57187
5371 55889
10193 89796
51103 129285
5437 6622
5436 58490
7251 51652
2319 9824
966 7168
4869 6125
8697 9875
2934 7171
22974 399687
523 10211
51548 81839
9218 51079
7278 114799
3073 112714
4641 10043
9477 9968
4641 55589
3320 7283
3646 90441
1024 51585
6535 53938
84725 84930
1017 57215
6146 11224
6778 51426
699 1075
3192 10492
5878 92745
8266 9559
10213 55971
80006 151987
4802 55814
830 9919
84833 93436
5435 5436
6164 84078
7168 60312
7879 10970
3306 7266
204 10013
1964 4869
51808 333932
3718 7277
10059 124602
3309 7917
3104 7597
9274 83932
2305 8454
4719 55177
26521 64837
9972 29843
4913 6134
8924 80198
4628 55004
6747 26973
5116 22919
26115 55166
5832 114791
22903 64689
6731 23560
7879 30968
642 22919
163 54443
23603 128866
10464 22994
6731 54663
535 128866
2762 3796
8243 92667
5888 79577
51160 387332
3832 8661
6801 10694
2580 10188
1454 3718
6853 115201
10959 84303
4800 10625
29882 29920
1620 4999
9862 9968
26046 154141
5878 27333
7326 10972
6731 8356
5432 6829
4645 11346
1627 55914
54930 79753
7001 25813
5936 55704
26227 84790
10528 64897
79019 79682
50618 51386
3914 5903
488 5245
23187 23607
7182 26115
56915 64975
5052 83706
9197 90850
8725 101060521
3646 6187
23046 51692
5888 92345
805 4627
1213 57509
6124 6731
80179 286262
9318 122769
4580 8087
7737 9939
80789 201627
9531 26091
57617 84033
25983 147700
6183 9793
5567 9217
10006 10432
11331 93380
4627 7170
8089 10744
6418 8242
2782 11346
983 1026
6231 11104
8655 55917
7515 8500
9061 127253
689 6134
10120 10540
9218 114883
5878 128866
11104 22999
1627 26517
5286 54443
51474 64423
7087 84612
3396 23291
6942 8508
6238 8886
3188 23196
6134 51106
5901 7329
2934 29766
10016 201627
5576 8481
10399 11224
3887 23347
6625 29777
5700 9861
6731 64848
10390 79677
1654 8148
5599 5708
5567 5613
60 10634
810 1173
5095 9631
3305 22974
4628 23384
1315 54442
84859 113457
1522 151246
1212 1601
24137 54874
10009 93587
63035 197257
3192 27067
6731 8352
3192 51575
8607 10078
8295 9675
5286 399687
27089 144983
8099 9112
9585 134147
10682 10959
23397 124565
51669 55362
7046 27034
5981 254065
4781 7520
9267 79876
6205 6731
23133 149986
4085 11102
6837 112950
274 10526
23158 51428
293 9169
6208 57332
4641 55930
6950 10576
7168 23164
5436 55588
8914 54822
808 9525
571 23336
3007 4869
5201 25929
9179 146705
7415 79058
387 55785
7182 55975
23607 26059
890 81620
9587 90231
6134 6210
58506 80145
29102 57169
6500 84926
1373 8607
4629 55379
3297 9821
6734 11098
5987 23650
5501 7171
7517 9877
23137 55644
476 7283
5579 56259
87 11346
27229 121441
526 10342
6709 7168
10524 10856
11116 165055
5018 54534
9267 51341
6625 6637
10763 81887
3895 7444
830 4646
5590 23047
10492 54840
5725 9991
5537 5591
2872 83692
54880 81569
2355 84661
1105 10459
3192 28974
10535 79621
10959 51593
3009 57332
3066 4354
58 7168
6607 8487
25998 84444
55083 143098
23091 55083
4640 10749
3096 5868
1213 10490
7248 56478
9939 55729
54499 54919
830 84516
1213 8766
51340 58509
573 5700
302 2319
4644 5500
6191 6731
3397 25913
55247 56943
25836 197257
9092 84886
4085 29927
8089 10524
116840 168850
10078 11319
55229 79571
6238 54663
54433 80304
822 3833
1642 2762
22974 124565
4085 5894
1025 11224
27109 147700
832 85456
3831 80817
2101 2103
50618 65005
1213 10024
2316 84168
6135 10528
9416 64781
5049 5050
2629 80829
51474 170954
6885 10179
22950 55671
84131 84289
5295 57624
10393 246184
55362 92745
51667 165918
908 7283
7073 84078
5878 56667
10006 10152
291 5116
990 7311
1104 9230
829 10120
6830 25923
4085 100287932
5763 10094
10456 81570
9063 113457
26094 50813
1192 54443
23164 51474
1374 26092
4644 23603
10514 10528
6418 7259
11224 92140
1186 3895
1353 1445
79664 286205
64981 65008
27229 653784
29072 64900
6923 122769
10426 80233
4641 8780
4869 23367
124602 145482
657 9367
996 116115
1464 51256
54443 103910
699 3431
1627 8650
7283 10616
7203 10016
2017 5500
5331 121441
6606 6628
3192 6154
1211 91748
3836 55602
5515 29093
1627 8218
6607 25953
8914 54962
6712 91272
1459 54820
80145 155435
2931 8312
810 1368
7515 57181
8428 85369
1613 23607
3983 11346
6949 9061
11258 400793
6500 23077
11130 60386
11258 83658
1017 8621
23787 55177
6683 9798
1062 159090
1186 10159
10763 51366
3309 151011
873 4619
51160 729852
1622 9061
682 23385
34 9793
9587 23001
1104 8354
6134 6229
2631 83443
818 4641
5202 10856
3329 64858
51026 90550
10160 22878
4430 23603
1655 2521
7158 65003
60 1211
57405 151903
2332 6622
9532 80273
54471 57169
3959 8655
7716 9646
9939 26098
84619 197257
7112 112464
10381 58525
60 51164
3842 83855
6712 399687
3840 55777
810 9260
9926 51363
3959 23144
4085 58493
5435 30834
6275 8655
3091 65065
5033 10193
71 5501
220134 343099
7052 9961
1627 64423
55930 57530
6731 64223
3845 27333
1191 8087
1069 9662
10769 84816
7517 27089
7874 84759
3633 112714
1213 1601
6134 23107
9100 10528
10694 81569
4714 9218
84033 128866
10801 23580
55660 154796
2317 7525
54433 55135
3709 6612
10492 84893
657 6890
983 10381
2316 4430
3832 147015
80155 80218
4641 5756
7936 25920
9092 10594
1314 23352
4627 23603
5927 57798
6134 51602
84881 128866
10733 22995
10959 10972
4795 9984
23152 84131
2109 51026
27340 54821
4869 6222
7267 55634
8260 134553
56288 246184
10576 79031
4116 96764
8450 55023
1024 10658
2314 10763
9696 22878
4624 23358
4928 23279
1915 1937
51074 54820
526 23607
7114 10459
1653 11224
5716 10213
10084 10594
9221 22974
3192 9987
3297 56704
6731 9875
25813 92002
25929 51366
8438 152185
9984 51637
51479 283373
2103 4594
10093 23603
10580 51092
26005 153241
23650 29941
5261 8350
5106 11212
22916 85015
3021 57224
9818 51317
213 54442
9454 9456
79767 79874
6202 11224
9218 55362
120 6776
3614 9919
1454 152185
57498 60682
5500 84988
830 55327
3065 9203
9218 11186
54821 100287932
11078 55142
26986 79001
1967 196441
5108 9731
9052 80179
708 57035
4297 6418
6709 29766
6747 54496
55684 79003
51026 51439
1213 60682
5159 9774
6829 9282
60 55589
699 25978
54930 55142
64983 65008
8777 79643
8337 25929
5536 6198
6128 10528
6134 6232
1620 25906
5878 9527
4810 55593
4869 25940
11004 22919
8658 57592
9197 51552
8898 54545
5111 7404
5546 55677
25911 55327
3619 55143
605 113457
8878 84131
23332 55835
8100 79677
25923 51552
6117 11127
7329 9688
6908 92345
4728 10959
8655 55149
4697 7283
3064 246184
4085 56905
4619 10492
3189 10270
5289 8678
4430 55930
11346 26137
51318 54534
1613 2317
23133 55361
6238 10607
7168 7170
1181 54819
6134 7343
23095 79677
22794 65109
998 11328
2783 29766
1024 51608
29882 51343
6134 8356
6776 10667
6744 80179
10165 55247
79184 80351
3993 6764
9329 9330
642 7278
891 1017
6921 51244
1453 286077
8452 81873
5878 81555
2130 59349
6426 9360
54809 80006
5431 9646
5825 79137
8352 23133
10574 112714
1627 5501
810 5286
7248 25875
1104 347733
9919 11187
657 10985
84162 92749
118 6711
23404 26235
6990 83658
7278 51008
1399 59286
3720 57606
10513 11154
5116 10464
581 8487
5700 5718
999 727957
5709 10112
22930 55702
3065 23028
6238 55646
6625 51808
8036 56941
5290 81619
3104 55749
4625 51382
1627 2783
79813 84146
2810 8924
11004 100132247
5156 84549
203 10421
1937 9197
4905 79643
6827 58490
5576 8615
6301 78988
8148 65059
2060 54443
23060 81556
3611 23378
10413 11228
91746 128866
11154 79577
6829 23064
6867 10579
2872 57143
3181 9694
5595 23160
26509 55362
26173 220134
79659 147841
4628 7464
8454 8569
55718 101060521
10972 51382
63935 79670
11116 57536
23708 57619
5562 11113
54949 117178
81569 124602
6652 9260
11176 26148
8508 23193
7517 56993
5881 23603
1368 80179
8473 10075
4751 5518
4869 56257
7798 10801
51429 92345
708 51188
4140 9231
1173 23603
6134 27044
8668 50618
5905 10159
1075 11258
5925 58490
2319 286262
3996 26517
5116 92856
2720 4074
79172 166929
57016 121441
1374 10013
6921 23385
498 657
8607 79657
3836 3837
2580 64423
6015 7862
9260 445815
8826 9685
2274 23019
5164 10013
4641 6840
994 11180
29922 114791
5394 23404
22878 126003
2521 10236
4354 5052
2317 4627
4678 25842
25793 55968
5501 9878
23492 84108
2125 5609
4597 9126
3646 9567
3185 9093
25824 259282
6878 129285
5711 79621
10801 23242
26137 80179
1104 57678
3959 9403
81 7168
657 23197
7278 9063
10096 10097
51626 126917
10460 91614
5878 79939
9425 58525
7431 55746
3853 64282
8451 55832
6607 6633
71 1627
57016 122060
5546 10286
1666 56915
7879 79143
1213 51474
22878 55749
60 10427
4288 9738
7168 56652
9918 23397
8148 10432
6908 57456
23633 92345
7879 11160
801 9525
6206 6238
3728 65005
8724 56474
7203 23046
2317 6840
9887 9919
9342 220134
9559 64062
5516 440026
23369 90378
439 3550
11235 26127
10009 23451
2935 23185
9440 9968
2950 9849
57606 81620
2803 55593
2177 7917
3833 9181
657 102724985
830 92521
7290 246184
9818 22796
28987 29127
488 57508
1198 7533
10078 55732
55671 151903
2618 7266
64210 116092
3688 5519
4800 51188
4641 10523
10959 25824
3842 154141
116840 100526740
2332 9532
4641 55163
3609 3646
9695 10213
6894 10492
7415 170954
808 4627
5591 25913
4627 51115
4686 7741
3837 8086
5644 6647
2629 8940
8974 51692
4627 5339
10211 51160
1340 9218
6134 6734
51244 64781
3993 27109
23567 57187
9780 51026
11186 23291
6929 54880
9343 10084
2803 55110
11130 57669
3092 4627
22938 84333
2590 93380
5717 26092
5111 8411
813 5894
9218 22862
4641 23603
4067 55644
11224 29763
1105 3192
3181 220988
2305 55143
11224 55341
86 9274
5516 55722
3842 23107
4710 54442
7112 246184
54499 81555
6134 85865
4171 8914
10342 51230
8243 414301
81930 146909
4149 10608
5983 254065
4641 84085
8932 23613
1717 6606
58472 91272
10155 54596
3309 51735
3832 440093
4643 29766
488 983
5692 5709
153241 343099
60 9208
29128 84759
11224 84726
3609 5501
4085 203068
331 6612
3297 4729
10395 57624
8881 10067
81610 284403
8470 11346
4298 8028
25972 146705
5424 124739
4641 23242
24139 84790
5577 26959
8411 9321
6840 22919
4173 63967
4733 11224
79003 147841
1211 80179
51585 58490
11127 83540
10528 51491
5885 10735
7266 9703
5885 10274
9275 55069
4627 51780
7257 79017
51540 56915
79139 121441
1017 6500
5435 9150
5756 7168
79980 83540
23471 79801
6883 23492
9493 79801
3895 5878
1616 4288
1445 9414
9862 79003
6272 79922
5000 7257
7158 374920
4137 10492
6683 51652
7052 58517
3192 6152
23780 55362
9128 9129
996 119504
5713 9861
4628 85439
10109 11346
2539 9646
708 54796
26092 26502
4478 10112
5903 54867
5364 79172
57669 91748
5500 8725
51647 64210
1024 81857
2260 3069
960 51474
55137 55558
331 6272
9282 84759
5985 8668
994 8945
10492 84669
3710 51474
1062 25930
8452 9318
6606 8140
4670 10270
409 3161
1211 9260
3192 11224
9793 284119
4849 85456
2319 85458
2316 11346
4931 7317
6917 8726
5936 51507
4928 727851
6426 25962
5500 9582
6134 23774
6134 8350
4705 9218
80184 121441
3192 6208
6272 11078
8451 79016
51147 81844
4245 25847
3945 55229
9531 10552
5500 57584
220988 389677
3014 115752
829 55930
2064 55609
4100 93349
91452 93380
5192 23607
51512 170302
9274 54887
1213 2316
830 4676
60 30968
3476 10575
8881 55695
9337 23019
810 4659
2629 55589
121441 123811
91603 339122
7917 53938
10403 57224
8881 29882
10573 55722
7517 55109
54557 93973
55388 58490
1173 5500
8932 23623
60 85440
10294 114548
7283 51474
10128 25902
8655 9728
60 667
6891 8914
55692 114548
523 245973
1111 7469
6294 29127
9694 126526
26093 81550
10847 113457
4869 8663
830 10634
22974 729440
1017 1164
5261 8357
22995 285590
3646 26354
51026 54480
22938 339122
6418 10147
6134 6152
8454 55699
9321 79664
9525 81620
4931 6238
4839 6238
57223 151987
7534 338657
1353 9532
8189 81608
5286 5500
9919 10848
818 8826
11116 343099
95 22995
3775 51009
116143 101060521
29888 29966
90378 221035
6731 9678
6731 10514
27338 79767
8451 54014
5981 10528
23385 51340
8615 64689
6238 10942
3837 118881
29993 84193
10847 10856
10159 57488
571 4097
8243 10735
2891 10907
4641 23094
6996 51182
781 3192
1104 23511
10051 23310
6840 10097
998 54566
7251 23607
1024 8358
50855 56288
998 56987
5576 117178
9662 93594
3320 11140
5770 55686
2804 10959
2130 23130
3397 9557
1024 54797
8535 51188
8607 90488
5711 8036
10111 23511
905 4298
9126 10735
10294 30827
8924 10534
1454 4163
3065 51742
4141 5586
9231 23255
6921 11319
9209 51474
8925 57606
7203 10190
5052 7001
3672 4116
11258 28990
25978 128866
6238 6731
4728 51026
2950 63893
9088 9133
2316 4641
80895 84893
994 7534
5144 5208
642 54443
8295 9913
5519 5520
4869 25873
5595 8189
1024 8968
5520 81839
6018 10951
57606 123283
1062 10128
10342 51510
6942 161424
6809 54433
301 55704
2677 9587
55671 102723680
5139 25793
113457 283237
10557 64282
1017 6272
8569 79621
9997 93436
10383 22839
7169 7171
56652 57669
7265 9531
55034 116840
114548 126206
4256 9462
4998 55178
2521 3191
3908 8260
5903 57473
25936 79980
22794 51363
8481 11116
832 7168
79003 83540
8976 81930
51234 83460
11346 79901
9092 10713
7469 128866
9587 26233
11103 11224
11267 345651
26071 51175
6157 51013
64837 79003
3183 8148
5708 10492
1666 28952
4802 11098
22916 56886
27229 29922
1345 9218
8607 25885
8502 10763
10694 22948
7112 11143
5393 10767
6840 10763
5590 6809
1069 58525
57587 64784
80007 121441
6829 9646
6622 6879
1810 151246
10575 80179
57186 83932
5979 8968
53916 57680
9851 55722
539 10459
7171 80179
54737 84294
4641 64423
5936 9559
998 29766
7536 8454
521 55362
79759 79837
5878 7267
4795 11258
7520 7862
55746 57122
8638 9777
4659 5500
1058 11222
1912 10951
3678 4644
10342 90293
3791 7532
3309 22848
5162 6777
3691 7917
8932 9112
1522 3833
908 55605
5859 7517
80817 92399
9646 23307
1104 23225
9218 55967
1627 84687
3832 3939
9131 10989
1024 55090
84930 90488
5500 85464
10467 10856
1017 7169
4771 9197
3611 7203
5878 84376
7798 23603
8697 29882
9700 54919
2316 26064
26046 56886
23603 79026
4289 23530
50813 102723737
10749 25896
3921 4869
25930 51510
54557 729288
54596 55272
5518 55324
55165 729440
71 4628
81 9260
571 162427
1627 10097
7283 9513
11224 84733
5111 9158
5693 81555
6731 84864
2923 10972
4172 54433
3326 5536
1616 100526767
3832 9325
4724 51026
5888 10844
51175 54887
1495 23291
1104 7280
7278 128387
9253 23285
9532 10155
8451 94239
657 4725
1069 5108
4000 23354
23607 55379
23268 121441
498 522
5245 10959
10165 113457
7112 11331
5868 6883
1060 79172
51366 55794
56675 126321
9611 55209
5431 58490
4624 26098
523 25930
539 3688
5716 9861
9061 124565
8563 23411
51421 55327
2146 79968
2802 50618
2629 6197
3188 29941
5982 11224
11224 51637
2316 3326
1062 2803
1829 2316
5111 54882
10671 84516
5693 64788
873 22916
60 2017
5499 54443
3837 4927
64976 65008
9632 10427
23071 79026
3895 7407
56647 161424
5692 5707
3309 11080
3959 8615
5496 8089
1211 8452
22800 29966
3716 55603
23195 100526767
8349 23133
1445 54812
23412 28952
1613 7168
9804 121441
3192 55661
65008 148867
5048 51742
6129 11224
9128 23224
10694 55135
1627 6494
5931 25842
10801 92797
8241 79003
11130 57643
9631 84928
142 8914
6731 10512
9948 80179
6046 8407
5478 7812
10121 10540
7874 8237
11004 56647
10464 153241
6675 128866
4946 7879
891 7994
51512 57559
5531 10575
3096 84078
5516 29888
6921 25978
51256 51631
148423 339122
3192 4736
4627 22998
5537 9692
1153 22878
1459 91039
2314 5501
10180 11224
27032 55177
8943 64837
2314 54443
5576 11217
3178 3181
7534 26517
121441 440145
5516 6801
1915 6238
90102 399687
6773 8021
23094 399687
3017 4869
2316 399687
10611 51073
6418 29941
5494 79913
5500 9685
1656 6238
23603 84445
10419 79084
657 55706
8452 57542
23193 54496
5048 85458
22919 90231
7203 7283
22995 27293
55133 127018
51061 112936
6731 90441
1195 8189
3192 22984
810 818
10097 23603
23400 51608
60 9218
9129 22920
7283 80097
118 29914
10733 51150
1024 7690
2782 10574
65005 219927
8607 11319
11224 25836
11228 26517
54534 55854
667 5590
10970 51026
6277 8089
4149 23269
4619 6272
25923 64225
23376 55975
3832 51703
3646 6155
10576 10733
9156 79073
80184 84318
2932 79873
5869 51386
7283 8802
6383 7112
8668 23215
22936 23385
23310 29781
8725 10801
7114 116115
10575 80349
10528 65265
1195 3643
4794 22974
2976 6134
857 93380
805 54443
6744 7168
6238 26156
1314 1315
10006 57224
8664 11224
991 996
6206 11224
2146 4735
998 6809
10097 29766
4087 8659
9919 10427
10450 151903
2580 5286
3093 23244
7168 7169
4644 54443
3192 23367
25885 64425
54442 90488
3397 10907
4869 10514
3032 92345
991 64682
3856 6607
9857 22919
23164 399687
11224 29883
7111 399687
92521 399687
672 10591
10987 50813
10492 55466
1072 5500
488 55362
9738 22994
4552 7257
4998 222229
1915 51162
3959 10426
10970 55177
11228 84875
3064 9493
5202 79871
51512 64744
4085 84256
60 5861
6157 8563
7750 79149
1104 727851
25998 54663
26092 199990
2317 4430
2972 101060521
7879 84303
57187 284611
3178 11130
55930 286262
523 55177
10972 54332
55756 81556
9052 55177
4628 9052
5531 57223
329 3726
3491 4976
25906 29945
1488 4597
3833 57019
51474 57706
4927 5903
6607 134353
6203 11224
3646 8666
8607 283899
5518 338785
1627 10211
4580 64175
10818 23603
59 60
10092 23603
10460 374393
4627 23384
4641 26030
1063 440145
684 830
7414 64062
701 119504
5700 90007
5515 55844
5903 10196
6790 6880
6936 55719
6272 55075
10075 83855
11078 54596
154796 154810
23597 79801
581 55968
1345 51474
9646 10079
1829 51026
5091 5562
9531 54922
60 7168
890 9088
10097 10576
5908 54433
7283 9088
7385 54821
7046 400818
9919 80179
4628 114327
3728 10159
2553 51092
2103 8976
10193 23274
3183 146705
6645 55327
9169 80304
4946 23271
3832 8352
6426 64708
22938 113174
7046 286053
4627 57530
5515 128061
4629 10928
11224 54676
4478 57572
91614 116115
11171 65059
55667 55732
682 4085
4012 51079
9587 114904
2010 4085
8615 9527
8087 57606
10055 10084
5430 6829
10363 23186
55362 285282
10763 54972
25843 85369
8260 9928
1911 6015
25885 54700
810 4643
29763 54443
3799 23353
472 4898
3192 26155
5979 8942
3178 10432
1373 11224
1495 7046
7184 7278
7329 23225
708 54505
1063 79682
90231 129831
11186 79571
1616 9349
7126 51474
8338 50618
4149 8087
60 1289
4085 29882
8476 221150
5888 10198
29082 128866
7905 51026
9646 55677
7203 7278
9559 64175
72 7168
10159 55004
6745 114791
6426 8653
1445 9454
5987 23607
8563 23107
6728 6731
10575 121441
20 79621
5700 5705
9972 23279
6418 26010
1452 8312
55170 64960
5062 55602
7517 64210
6683 96764
10801 11346
6598 9274
2010 154141
3054 22995
4691 10951
3799 23355
9700 23400
9554 54442
2146 23609
1622 5097
6045 8535
6611 6813
5532 51319
22994 64216
10939 129831
9694 145173
3646 84726
22995 253143
51474 54149
51092 55051
7001 26092
4074 8535
4686 8487
10456 23471
22994 54930
7415 25949
5515 25843
23347 64841
5047 8266
23022 57534
6133 8726
4171 4172
10616 84779
23077 112936
6238 57696
5329 26100
868 22995
22916 374786
3672 55110
25885 55011
1213 29966
9694 10078
3836 90231
4088 83874
9532 9817
7533 256364
2245 6809
8411 126298
3796 29095
830 7111
9793 55975
6134 55319
54557 57456
7257 23543
2803 7428
6606 57488
8661 8667
29074 84131
1660 8148
23603 54443
810 55589
10615 22995
3021 84254
1212 4646
8607 11321
1832 9894
6607 51162
3032 4256
10921 79869
3646 6201
23421 100526740
5436 10606
5704 9861
9521 283489
57181 81930
22832 55069
3178 6294
5903 57122
7094 10492
2319 51026
3028 84779
11116 23138
5119 6683
4724 9218
54880 84678
23385 79971
1856 51428
2316 4644
25923 60493
4848 57062
26093 29074
29997 197257
1654 8661
1958 55023
121441 653784
1315 7534
4686 6622
830 7170
23133 60488
7227 9112
4660 399687
11116 23336
54732 64689
1062 5576
7431 63929
64946 401541
29924 51512
84549 387119
4999 9939
7280 10611
3726 55635
3309 23644
8668 54881
3672 55719
1213 51162
5576 197335
11171 11218
64089 112936
4627 55970
5929 30827
7520 10322
3797 10855
810 1627
5318 9632
5645 23376
8402 55634
3192 5984
9722 29882
8661 11168
1213 23603
24140 80829
8454 8533
830 83892
4609 10226
3188 84549
2580 10432
9700 84444
9493 253143
4719 26127
7171 57587
6275 23001
3491 6522
30849 113457
10856 55718
5868 90826
5889 7517
23633 83903
4621 4686
22948 112714
51101 153241
3796 94101
89953 93643
6741 57082
80143 85369
8036 283450
22852 79664
51750 81556
4798 10856
5469 6837
5202 64708
9531 337867
9554 10159
6134 8968
1327 51026
9382 151246
23080 84612
51523 84629
2935 23394
1969 6747
23157 64062
7203 93436
805 4641
5007 9218
8565 221749
5878 91452
10390 10651
9816 57534
10159 83590
841 5518
4085 10632
2177 8690
5339 22919
2316 128866
7283 26517
6134 28987
10097 92521
3309 3337
10128 79882
5825 51026
8658 10576
25 51433
54566 84612
8030 9989
3065 10694
2664 11021
1315 22908
10576 64223
10772 10844
2782 3329
1211 9632
9644 23392
79073 93380
9700 25793
6046 7862
6607 646960
2956 57680
7158 7297
54442 79590
5500 23603
1368 11346
5862 11331
5520 116224
8243 54931
25929 55835
9275 64225
9493 23085
4627 5830
472 55214
170302 374986
2011 10193
60678 64321
22938 51645
9694 51234
8481 165055
1407 5693
8481 55012
10179 55596
6647 54433
23170 54534
142 546
2872 9277
3718 79833
3032 5576
63875 79876
1969 9525
10575 51175
6731 80198
6652 54443
23404 54512
9218 114885
657 30968
11004 55143
4580 29927
79035 84811
84318 123811
8481 153241
51067 54534
6625 6633
23633 92106
4627 79571
8451 9318
57102 93627
10016 90378
151987 102723680
5501 29944
1209 79621
3895 8971
3831 22841
617 9939
2580 4646
1059 259266
5878 22985
9262 337867
57708 126917
4100 10075
1211 7266
7862 29994
9878 144983
3184 9847
4795 147700
781 84318
64946 284611
9928 64770
64978 254065
50813 114548
10952 93436
23242 51474
4205 89953
535 10959
81 23309
10006 10787
4141 10806
7994 84289
7417 80179
7260 55610
9895 55100
6237 83667
1340 5436
1017 1027
6275 23224
10575 79084
9685 54443
55110 85476
7879 54927
741 10856
8697 10557
9857 22994
3895 79188
5518 29888
5885 79724
2632 4946
657 5954
2103 203228
4731 55177
10717 23431
6426 9589
5393 5394
11224 54466
3491 54956
26127 51765
10951 23394
5595 117283
2521 9694
2317 445815
3091 9849
8881 54929
10611 55364
79596 84516
213 7804
5500 64397
6908 51160
996 29882
5514 54386
5885 54998
5515 22948
4007 7531
3726 55509
11130 57082
55671 728911
1315 201627
1601 9632
2746 6606
1642 57648
1104 5888
4628 55930
2872 64062
9377 9693
4711 10492
104 11224
56949 151903
595 1017
642 10146
55704 151648
5903 29098
57661 114548
3182 3192
23195 58525
60 55898
6607 92745
25906 65003
3959 121441
10540 91107
824 26973
3184 10347
3309 4735
4927 81929
3987 51092
5682 6500
5584 9817
6606 64834
4905 55704
81609 81789
9337 197257
5515 5520
55197 58490
5577 55722
79833 84501
9491 25793
3337 4000
23513 57122
10951 84444
3192 10969
8766 85456
5869 63891
2317 92521
79139 146705
51593 117283
3726 10523
8607 10471
10211 51474
6134 6205
9859 85444
2316 29127
3796 102800317
1639 9321
4624 7114
22998 80179
79659 81789
4625 10952
6607 11171
3065 8352
1915 9255
23271 84078
4869 6139
55917 85369
9551 23385
5832 64781
6709 54443
9694 84717
7266 157680
7295 9126
4926 54737
10847 140710
891 10016
5756 11346
9926 84790
10762 57122
5894 22995
5520 26056
11235 29966
5499 10651
7283 55739
8314 79939
8290 9495
5501 27316
9061 29911
10951 55677
5163 340371
521 9928
5163 91107
23595 57599
7046 54413
3709 57122
10009 729440
5518 8496
5868 284119
54962 92399
4725 10959
9275 51143
4710 51026
3064 4074
65008 219927
1407 121441
2317 10092
9219 23036
59 11258
6731 9045
8661 29889
3646 10969
1212 4627
6015 84108
8243 319101
121642 124602
50640 54557
7517 51366
7917 113130
10763 79774
537 657
8411 23271
781 813
5609 64837
3320 5536
8826 145482
22995 57482
1642 1643
5645 6622
7917 10542
81 810
9128 22948
6418 7745
8354 9495
9328 10013
6134 57062
23336 113457
3184 9569
8428 29966
8668 64978
331 10921
2872 10131
9646 80829
23071 58508
1399 9894
9114 9525
5693 25793
64793 79003
1211 2580
2521 284695
5515 11116
6418 23144
54442 79751
5929 91272
51650 55602
10999 22974
2319 92521
3320 7407
7278 54407
538 81855
1453 3672
3646 7155
4256 197131
6092 9218
991 54921
2316 10097
3065 8476
22919 23332
9218 79001
1368 29766
4913 84254
1181 6727
54737 57488
9131 26092
6134 8666
8208 10036
9541 192669
5822 7917
908 3718
1399 92344
23272 54737
490 810
4869 6202
989 23580
105 9694
3775 6510
4751 9445
6731 10940
124930 259282
6184 55362
10985 54442
57187 84248
9894 84930
324 11346
7278 203068
2237 5111
54443 57584
10763 55636
10190 10576
2316 4628
25906 51548
3326 4627
151987 102723737
10567 11104
4300 84444
3993 56254
9662 22837
810 10094
4627 10097
5936 79759
5979 79664
23255 201627
3276 25793
661 8607
7553 124602
1104 25978
830 4645
10621 101060521
6950 9128
4643 5500
50855 55035
53981 81608
6142 11224
7464 8826
9694 84844
4928 54867
10628 56963
4216 7391
11346 80179
9693 79033
3775 57488
2091 6607
8661 50618
657 4710
23170 51633
10159 285282
9128 10574
8569 8735
2073 10128
55558 112714
7014 152503
23603 399909
6048 7517
5693 5701
55142 115106
4848 85456
8350 9495
657 1495
8260 25764
51143 83658
5700 5711
998 5888
7329 10762
8932 54520
54737 54989
4702 51026
2353 3295
10956 23385
9425 161424
59 51474
2932 9185
6139 254065
3320 8517
3832 7862
2316 22919
9232 10492
6950 10574
2091 6606
3799 147700
10611 79873
4149 8819
4839 6134
4627 6646
5519 5528
8301 51512
801 22919
8087 200734
2010 2664
1642 3838
5356 51340
6129 11004
51512 84445
2706 57007
10921 57539
22870 114904
3993 57448
9694 57092
6712 11346
6598 169714
7416 81556
4627 91748
8661 51642
5111 10999
51514 79016
4869 6135
3691 147700
8260 9282
9587 80318
8668 23223
5339 399687
4144 10989
10658 64781
6130 6731
9377 10146
7267 81930
4711 8607
10959 79001
523 51026
23492 64319
4751 10797
4641 57509
29941 51692
9688 9818
22974 60312
5984 6134
9662 64770
10460 205327
57644 84271
4637 26128
810 9685
8148 51535
6942 7874
54534 63875
51009 51182
657 79188
10972 55704
7248 7551
810 10613
2778 91748
3312 7266
10627 140465
55027 221656
6641 23515
6844 23317
3646 26010
113457 203068
3184 8939
10067 23385
4204 84501
3184 51510
3932 4221
832 8826
5394 54512
60 7798
5898 29766
9700 54557
3009 8661
1627 4644
54956 63935
5371 7874
8452 23276
7517 11321
121441 151648
9197 64146
7741 55102
5074 10363
10694 80349
10202 23397
7874 79921
64062 64781
1289 5771
8826 9824
10806 57534
1198 7534
810 10096
1616 23039
3726 9440
9495 222194
10959 112464
1434 5097
10159 337867
5097 10221
8355 23133
6882 122060
10575 57521
6210 6731
1659 151903
1468 65005
51652 84458
6217 8668
4741 30968
23355 64601
6093 84893
1915 7407
1613 11346
5982 254065
10179 79767
5599 80304
7750 84146
57082 83540
1829 11346
10576 57599
151987 257415
8301 115548
5321 26093
7126 11346
20 1213
8658 23172
10574 23046
1454 729440
1399 1656
27327 90231
6400 7184
5110 147700
6238 57062
6840 399687
5393 118460
4869 55922
4627 4641
9782 54737
672 3340
71 7168
10540 51474
55177 56993
84779 168455
4809 9129
4751 55699
51474 80179
3091 7428
1454 123811
10525 55159
22841 85378
22916 124245
657 23042
8237 440145
10972 319101
4848 9798
7159 50855
3065 23613
6728 84131
3482 128866
4710 9531
6597 55247
54534 64975
95 2950
3959 23193
9895 84168
29127 128866
1069 9646
9126 55858
3066 8819
2782 10694
121441 129831
83461 92421
3431 11116
5610 6238
810 4067
7917 93973
10005 121441
3184 3192
657 2618
10717 11154
8678 9711
1620 7184
3726 22826
9052 51474
8574 10972
204 9878
3646 9349
10575 55159
6921 64062
2976 64393
4629 165324
72 399687
57708 58525
10575 23046
3652 10972
2934 9984
5706 64841
6187 10528
9919 23111
5878 9554
8615 85439
1191 5156
3832 85459
8295 54556
79643 79873
3959 79003
409 11228
2475 10492
3688 337867
10907 25900
6830 10456
9693 54887
23093 55209
989 23157
9128 64781
538 9554
55127 79677
9816 10528
10042 116840
529 51026
25930 729852
6929 81930
6134 84294
53916 84458
657 65062
2770 4627
11222 65008
8409 8607
2241 51474
57405 79003
9342 9482
5580 7086
3181 5501
3646 8667
890 1027
50804 94081
10989 253260
6596 8243
4869 56945
125058 170960
6194 161424
3184 23588
5777 79643
58 4628
8697 63901
2091 10528
5529 25939
8569 10749
6272 80198
1017 23384
22832 80124
705 6731
22974 51773
2010 55362
9529 23071
801 2580
105 1062
3065 5192
5908 57701
160 170302
8241 55602
6238 56919
51319 60682
2319 26037
7917 11064
5590 64422
5584 10916
6606 9791
1345 1398
71 51474
55362 79073
10120 55591
2130 151246
3009 3895
9777 51077
4686 9126
6734 64146
55004 55529
9861 57409
6241 8881
57509 80218
64146 84612
2873 51514
7203 55605
9710 11091
8939 23046
6050 9448
8436 22909
3184 8237
472 10444
8260 199990
2058 3895
6645 6683
1213 10484
708 5119
55120 80233
1213 10617
56652 256586
160 830
6908 9013
5929 10951
9919 56243
23019 80789
80179 128866
9448 29966
1654 5501
722 7283
2521 5547
409 23403
51517 113457
93627 129285
5868 5878
2319 5756
26098 79035
6139 6731
6853 57222
8729 25793
9694 83932
9232 23144
10474 54093
4641 6427
6426 10521
4904 7917
5584 56478
5604 5894
1459 9185
103910 140465
54433 55651
2547 9532
11091 23067
2935 129831
8766 11200
1399 167227
6606 7072
8508 50809
538 57708
9179 728642
8301 57706
2872 79365
10763 54978
6625 7517
2108 96764
9730 196441
7534 284403
8563 84271
2319 128866
657 11060
10928 51512
1642 9730
5318 51512
5337 64837
10535 55699
823 6625
6222 6731
29015 51182
367 6890
3837 9862
11130 22955
6160 9129
293 101060521
8826 11346
2317 6709
4898 56121
3329 84790
2800 5111
10393 57587
23107 57644
10574 23528
4641 10409
2314 399687
8607 81572
6426 6430
55168 65005
9553 65008
2237 10128
387 7336
55362 94101
830 23607
6230 51013
60 8607
2319 80179
642 113457
5499 399687
1627 57584
11127 22920
26093 80145
29966 54984
10694 23400
1601 51474
