297338 350036
330737 458770
264161 369038
227524 362110
346671 399421
259037 346196
340944 370989
381382 392466
243578 376827
347464 417273
238628 406012
259037 355206
359398 447537
393241 485663
386717 389103
225504 301788
276390 308122
363929 384048
343925 362680
225430 463379
219255 376333
301159 329102
375730 449328
329418 391676
216797 428056
284981 368752
384490 445704
273317 355601
346046 464813
375730 463784
363676 377640
216160 403701
383949 422392
263694 315379
363668 367034
260102 360498
230538 442600
305682 338057
263967 374309
177742 245539
355778 366999
223321 386541
296102 310726
354665 392709
443017 484638
378163 467466
290200 327824
172229 247271
304169 362649
387286 394071
426167 457935
324318 470262
363642 460871
310129 478877
296474 379287
253039 481646
310723 422392
309597 360280
268661 302896
300151 338057
308179 371169
290208 308717
252996 263974
311360 408295
282561 411528
278572 331019
354621 377265
265734 384849
380336 410758
263974 269142
258105 296102
381185 419692
200181 258341
5340 368169
265350 337340
361465 415536
216225 479101
305790 364813
243563 364813
358320 366828
261799 428056
264144 282588
261303 262193
233627 360492
484789 484841
360515 429986
310170 360266
259335 386541
285398 428426
379287 385824
335153 377970
308339 373312
267082 358866
354687 418438
403172 404375
162749 263464
252622 324122
263974 479618
379203 434729
349124 450864
272317 346046
215829 416534
253457 420608
289371 414321
261254 266970
285298 420714
306881 325827
297579 477848
320416 405575
295491 449884
313603 363018
304945 332164
254066 385216
377486 424328
309830 470972
348632 381698
216190 346050
359345 475027
331310 340330
436049 472985
363205 366482
296674 313603
264157 266970
258105 341082
356425 375639
345837 436786
221494 364813
354086 377486
259037 362060
379350 389252
221233 359939
251900 269397
308275 449884
252602 384952
348442 440485
254066 263253
263754 370201
346300 368759
263239 455106
252711 322450
261461 377036
364813 400591
268379 268668
252102 452549
356991 375960
265564 348107
325905 376276
260102 333401
337825 481249
363017 376168
224337 379980
298573 333685
263967 337825
302564 358022
297338 372689
355206 441126
301740 386023
261383 380378
278572 463784
269385 320147
167586 252242
383063 385216
254193 382972
296684 339720
376077 465676
430338 434466
375960 407586
281537 438262
272348 370460
339844 393241
264649 329757
341885 464813
264639 386541
341826 400433
307023 378402
221138 326031
259469 451818
386134 470560
274255 311083
228347 366828
346037 481646
266970 340989
378338 417273
250495 326804
230449 329967
304102 346340
317039 442336
331849 356001
292303 480558
261245 340823
358854 417510
276689 418803
258383 333401
261245 428426
223321 414359
265944 393392
263974 375942
271628 274712
230340 326981
298316 484855
277541 340292
262584 307889
297338 349961
386717 435777
354566 364907
363676 479618
355627 419422
283290 346437
209728 234296
305790 370460
352121 480157
242285 253083
274242 341885
311997 482169
228872 266970
246071 305790
356429 358867
209728 264156
361206 431040
343925 361066
420311 429374
377047 397863
276062 356972
359345 363676
184266 418842
426909 464342
318861 365625
248975 296474
350708 383042
211998 360293
361562 364782
256897 375942
262942 345361
351147 371682
184266 233627
314733 314807
335153 437955
346046 393241
343273 377001
273398 434729
318016 401010
307208 362592
268668 301457
349508 370800
254810 333277
233468 400591
221847 349365
225728 337340
362480 366998
366557 387006
441600 481878
262319 456405
277120 414303
292907 467262
290200 442424
266544 354665
354125 429374
215368 337451
240851 325827
346015 354739
262144 293883
261349 293549
359224 378260
319169 367034
335321 351137
363313 460348
351314 483688
267163 274255
369162 435370
299166 346196
302896 363676
257118 384490
348849 416429
305682 356001
312981 363313
221801 296792
286639 370343
318646 428085
267430 383710
289371 359345
366135 368017
248975 379287
302967 365858
264335 354558
354665 355046
264515 345837
362649 376077
276062 389160
335614 370593
363676 388107
347184 368022
215829 472998
402338 483484
324422 366326
247668 326737
371331 467176
281938 358081
285071 421985
297990 383949
261799 417273
263857 324124
307889 464813
259708 307078
269305 345702
276585 424328
346027 463784
355388 482564
12443 299300
375978 406046
359357 383042
230340 232888
346300 361423
306866 365576
305918 365858
307272 456405
245907 356030
388107 414321
316029 324422
335062 370989
256474 263734
352252 378307
253099 300151
479106 484658
354728 354961
308461 356000
330875 383710
259469 311430
242591 362121
306881 362807
199706 341082
441543 476136
379888 419449
264122 376345
244050 320147
392094 410758
258648 323720
216225 273480
268035 340944
339720 418438
296255 424544
321951 347979
346067 416429
339095 470560
405068 470560
330787 417142
354580 424328
279242 339844
222247 302886
254942 276603
278193 337907
273261 317272
286317 370938
384018 477707
413436 435096
278671 307272
358854 452454
216330 362649
336666 350199
318646 464342
346671 389140
278742 342098
223324 420714
221996 454062
362744 363676
265371 352882
171887 446121
273480 376808
317272 386896
252996 375942
345347 363089
311827 312244
377640 435777
230381 278833
245539 420714
332604 346046
268802 429374
263967 433623
346050 429374
298283 463379
293362 391211
333401 403614
360683 391669
259037 263774
429931 485663
301364 426909
221859 403852
270625 447001
253039 346050
223641 388337
339795 379888
270625 435096
352925 370193
245323 363763
313199 376309
302150 482954
376472 457935
362105 470560
369757 403172
370936 419494
248437 341289
228872 343701
261769 285379
302896 379339
343867 362208
249299 310448
259457 261601
410294 480791
369538 420127
274242 346067
264515 363944
272238 276390
453273 464780
245907 356016
378529 434614
296490 351446
245539 333401
355315 464813
312397 370671
263073 358563
355217 362480
263923 268182
229214 297579
249396 368880
216190 426909
262965 365858
385958 470972
337340 482438
336750 370193
216034 438204
296257 401470
270625 429374
379174 484288
244520 271628
222254 262741
361206 362208
260443 355315
359345 377640
252602 347277
321449 326981
260947 264552
420311 472469
250617 367686
262105 360623
309338 376188
343158 354778
177742 424328
299155 367064
222482 264265
401980 433623
378578 381657
272418 318158
346671 364907
225969 317376
285398 359531
330787 339720
269305 350512
254976 321826
379339 379888
251775 259400
379696 384863
54666 249647
351905 377027
307786 354554
53468 380466
262519 345837
330737 417142
331019 414321
230640 396995
359910 391211
264279 371101
293190 379818
253108 358140
53468 320184
385958 420311
228872 340989
358716 430432
299424 360515
279387 377036
220003 341189
326981 383949
276062 354665
230050 307940
358862 370936
346001 416429
270625 419117
241041 356563
283179 313199
262962 387006
373715 379144
345083 354927
265753 326381
388107 435370
373627 379704
339095 470972
215565 419087
283290 425107
262265 264279
330787 441126
336701 466399
362680 403459
300146 478754
377941 379975
272317 318646
355315 379506
339095 346001
323967 419692
334448 362353
362578 434024
366999 479794
258654 315775
265044 317331
259021 481850
337088 436786
216252 244520
327959 362649
307288 401018
365817 412927
244520 382972
311135 362105
314214 338345
342374 410758
264279 297579
181839 374529
273047 369538
479106 482271
226225 228495
263780 432279
300151 417602
206474 243706
306614 410758
294304 344456
301587 306003
301585 363999
358320 361446
417510 439585
273398 304891
257245 378588
265963 359531
264995 458770
261637 405068
358918 481842
480826 480960
348838 434614
262971 483825
360293 361263
316578 369424
260947 368458
339795 467466
375960 377771
243326 371475
381364 390762
322419 388107
361359 433623
353099 393566
265379 379350
318297 374213
230340 346046
429374 449328
261769 344456
258198 380308
245544 444029
219905 314029
379873 393566
344456 383118
352516 395535
264279 477848
220913 351697
306397 322450
272091 357928
278572 357555
362144 371811
340944 346671
355206 369176
254066 332296
309830 377640
224337 346671
345656 369862
286548 386884
262193 272317
351905 363668
233331 397552
297347 337340
306003 381736
304290 362680
346015 475027
316029 341189
307183 378402
361705 362649
354125 379339
352271 451974
269349 273541
263754 384273
311430 363574
302194 379203
264639 478877
261837 365807
233146 375978
336701 419471
276201 457723
354558 375711
53468 390331
377640 404375
216133 257118
339720 417656
247668 401980
316114 417510
225430 346088
262158 361107
308022 417510
290921 362649
297135 305459
254976 425587
231790 265849
285298 461930
283351 291574
377640 449328
259469 435096
361107 368104
302160 382972
54666 317714
301765 331201
366956 366999
299424 307684
248342 270625
366557 475615
243997 389649
251595 346067
354728 418842
351777 379457
361298 465992
322419 346015
256646 328169
261497 336750
379350 452120
254900 374213
370532 452454
309334 359345
199814 360532
354687 389160
386541 478877
293831 388806
266735 360497
234396 304891
260361 330737
278568 346671
302478 347345
341189 443495
314193 385958
354923 356515
364907 431445
358160 443017
234396 273398
296140 478024
243077 299767
275493 380921
321711 374354
263121 395654
221265 356405
258774 361170
221233 230640
268711 300651
216122 441953
309334 386717
384952 426941
261796 288167
403614 423399
380948 416330
216297 374280
347277 357823
288840 363708
254193 356541
225298 371101
261461 389168
216911 368759
330787 423673
410758 412566
332973 362649
263974 439585
222330 324806
215793 365625
339095 345957
199706 253099
302530 357858
376077 483825
262958 481878
262030 377033
328484 351446
295770 424544
237380 357907
266544 369176
260102 377486
309572 395654
228872 265734
355961 429065
298552 317334
357709 364210
301585 305682
361076 397798
267257 353864
358994 393392
254108 425979
349142 355265
324173 401445
346046 472469
222247 354040
346015 420311
261303 396937
375730 379339
320130 356056
318158 369682
230085 480853
346509 482564
216160 229795
311360 376272
255194 325369
361423 372088
339095 346046
349547 361892
269571 417498
273550 366525
266544 355206
259808 308351
252102 281031
229214 339095
276390 367697
263681 368349
233627 259037
252711 315774
299300 317334
340330 397552
305260 375727
378163 464342
270225 376077
284727 292475
225724 294179
268482 297151
355315 378163
283351 302783
362110 365625
259008 418960
262193 270586
297135 355629
356972 362873
316042 349428
299166 327268
360473 447942
435777 470972
354739 464342
267257 356515
158771 351777
263754 339917
315379 469468
245787 265565
302896 416429
343405 362339
254719 308583
339795 435777
46794 398655
295550 379350
420714 423399
360850 478035
222812 362399
222399 442600
354739 379339
237889 418842
301587 381736
255631 302961
194530 258418
341189 354923
260102 420714
296102 333401
362036 431040
262133 378402
307940 339795
216133 251900
339720 362873
272418 361923
265372 360266
307889 429374
264649 358777
261245 452454
216225 264389
317376 376732
209873 382779
262320 311579
296674 420311
264122 264972
298281 434995
322419 403172
262160 354621
338844 359370
349252 452786
283131 360162
317714 360183
215829 386023
267101 384620
240662 303960
341885 363018
365625 424417
383840 389060
306548 446252
323065 331849
237889 369176
249923 440005
356150 418915
262306 415151
443017 479794
363676 393241
270625 346037
332604 369757
279242 308275
267257 362680
335321 383949
276062 362060
482564 484789
318861 339090
272317 322421
262158 356425
246071 263694
253099 258383
263967 358548
418868 472985
290158 316032
293362 348442
215829 221494
359285 407546
231948 352928
326981 470560
259400 360183
245934 291386
295491 308897
314067 348461
314067 354923
340271 418379
245323 381097
220849 346046
245539 354580
302896 405068
302194 358777
199814 262415
258739 440005
367316 380948
342676 370508
229595 406549
316578 362592
282892 362948
314029 356480
283195 349351
297990 384302
269305 321239
303373 352252
249299 254193
341094 358151
300651 447149
250244 482835
234396 329757
346015 379339
311135 363746
376272 408367
338345 349467
225969 258455
221466 295897
364813 368801
337053 366395
262519 340896
210313 261303
337383 401980
299138 402935
293777 323720
427793 485133
287647 294008
268712 302967
365210 378699
354607 364860
286548 419422
243903 436926
267163 345571
263121 320485
215565 330737
382697 400175
310668 444029
307940 435096
312311 449884
351015 407586
326531 420306
263657 346050
234347 432218
366416 478892
346046 452909
308179 363642
251413 281871
294304 426653
266970 311083
261637 384302
357153 452780
303830 381793
298283 416429
369682 376732
262809 380054
264645 273541
264279 405068
350071 358541
338389 423399
350928 376345
467579 478927
354739 420311
318297 352925
380697 433623
222823 441543
302896 321449
311430 428085
302961 432083
323720 337340
262962 264645
264033 401303
230050 397798
352121 355231
288937 484903
357879 386212
231509 340989
340823 484525
288139 355192
290208 431040
284818 354932
308897 417602
257818 306772
314807 390651
229179 261396
363079 383690
383063 477707
350005 467494
269305 332973
215793 362110
216034 381859
407323 483484
276533 353793
260443 309334
296674 429931
349770 384273
258281 439585
283179 356520
231121 352565
359518 394417
265433 278616
374309 388325
296140 484078
251453 379888
244007 400892
267202 432279
302896 370589
332604 357555
262367 264110
230050 268802
261751 385026
369424 381840
325612 363193
346067 369757
348849 393241
261531 273541
292614 356405
413436 418868
254193 335321
346027 470972
302896 346067
327268 419087
223321 271308
300413 361626
340514 395654
356515 379350
262584 379888
262160 364885
323065 417602
219204 246747
317714 463393
414321 481646
296102 341082
245907 247153
328511 367323
297347 357907
284727 358737
244537 262367
7722 400365
292079 356790
421842 439403
358160 482564
339795 447001
286317 377686
272418 362208
298717 401277
6053 351059
274764 443017
216252 361626
361813 433623
263253 376436
388107 476136
254193 267812
363360 403683
419117 449328
363017 368349
363322 434614
264414 312814
274712 296215
320936 344192
363286 480186
274712 362110
288135 376345
287647 304697
256443 370938
171111 438465
392094 475615
261819 361540
318646 369757
379888 475027
331849 361084
339063 397798
336750 479618
322419 447001
301633 313950
258198 348965
385958 389103
302896 435777
263390 481920
254286 401010
254193 261973
251849 451828
310448 324122
270625 463784
248437 410452
259469 393241
256593 358851
263388 355718
215793 302160
415139 433623
216190 318646
302896 464813
221265 292614
305459 355629
255882 357869
225430 467466
483283 484095
337060 361777
357591 373979
255764 337340
274137 418438
215631 381070
244007 269571
261479 481029
317376 382250
264428 417901
320416 354772
229179 310668
234296 265056
278198 376921
223023 242140
262238 463154
318297 436786
266735 267812
419692 440864
354739 467466
367154 379975
262518 283882
462667 484789
323065 373404
339976 410409
258105 363999
240922 296543
224181 263413
259469 418082
397798 452909
263967 286548
223023 362924
278616 340330
388107 472469
53468 318158
307889 435777
272298 339740
225174 269305
356972 452549
366974 484841
233121 364721
220509 369810
310301 329357
235933 347948
386717 472985
217109 260947
313007 366843
356425 478877
263754 370532
259469 272317
318646 449328
403172 470972
375639 397552
317714 359025
351490 430432
245934 336752
302564 376943
256001 389631
289902 364907
327889 445001
216190 357555
297990 405068
227524 432083
356425 483688
44462 219313
337632 357679
221132 351273
44462 478877
253108 362744
294168 339917
262305 298316
244020 457723
318646 355315
249269 268379
325239 404570
263681 311368
355388 484095
304102 362710
270066 438748
380794 421380
341885 359345
363384 418868
307889 377640
368458 384849
232501 262144
281187 299138
346671 365745
293441 382428
264279 311135
366563 428056
248342 379888
264995 431040
216455 271308
380336 392094
344393 371101
257118 363787
373474 454545
251900 482063
378307 476960
339524 344504
287437 435619
256441 361206
307889 385958
307940 426909
339917 418379
361998 362068
264995 373404
341885 420311
216797 312988
479794 480960
388107 481646
251527 267113
278616 313420
322390 393312
296102 317376
261890 347839
296280 383690
259895 476100
331857 433138
377148 482835
295685 388169
399982 481091
296674 378163
273047 360154
389103 467466
371067 401303
221233 348107
296792 470560
258105 260102
351777 418529
306548 361084
346340 376167
404375 435096
234310 478767
233627 252102
227524 354518
379866 452786
231487 272317
397798 435096
380044 384517
354125 436049
223324 323065
262878 393183
321711 361433
265104 408910
385216 405330
256545 403210
324205 367299
156471 357928
215793 335321
265361 317128
245907 356395
308897 373404
331019 359345
233627 418842
333769 379350
312311 331849
272317 379888
216455 481029
364519 419494
346088 377640
262812 357048
289081 373952
341247 353741
264995 384952
346509 480960
262850 380074
301740 318861
330787 356972
229390 362820
220592 350170
360682 375978
339844 417602
229795 356070
378402 415243
259239 297990
263253 351490
220809 243077
199814 296215
253363 307863
248572 305260
254950 356602
378326 482304
222247 346067
261023 360170
230050 375730
314420 478187
227524 366557
371101 423067
296795 433623
259455 366233
355645 368678
346067 354125
361076 378163
295899 326531
260372 282058
355656 479794
354499 425759
264414 331682
261637 261708
259335 348442
302896 426909
284995 355299
231487 250495
277541 437955
212015 249396
257181 318861
263774 418438
354923 442600
343204 387784
299424 340271
278572 369757
225655 329219
362680 367686
287239 373340
299424 479618
298875 336752
444856 478121
355944 389810
296102 357823
260443 378163
221419 376309
301396 362680
265371 357268
351805 369647
229214 327179
366953 384109
404375 435370
215829 422392
236147 331736
349168 413035
258648 293777
296026 319635
272317 274242
339795 377640
266987 362300
384863 419004
379182 436679
231487 311083
322419 355315
254940 371858
434614 477760
379506 418868
388325 442600
249071 356505
333633 383973
386541 401802
400591 412566
218089 350036
389103 419117
308541 471493
278572 298283
259632 408910
369965 377640
301740 361918
346067 385958
157812 401802
263270 391942
384490 430432
233627 315774
296871 384053
339381 343027
304102 376167
254066 388510
397552 447173
300413 310723
260210 366557
364649 364699
320147 476960
221957 349437
274242 296674
292513 308541
244537 265056
290921 344456
265131 387356
270625 467466
309474 310572
375727 481878
376792 482826
268607 368022
306662 409581
381823 385432
252602 357320
232424 338272
308750 473391
265245 359345
232975 341838
360266 471896
216297 483667
216223 409346
336829 452786
375730 403172
216225 321388
341189 387784
264279 302896
346015 435096
295600 376765
346027 435777
302896 377640
302160 370460
306548 308897
261889 281187
382177 477310
248572 481878
349131 368516
221494 336741
364907 391592
367299 380794
262160 430432
264414 293303
241502 379475
264972 363117
272317 354739
340507 352252
436679 471191
357644 430432
363574 449328
380044 478187
288207 364976
365851 378350
263208 263382
345393 350369
225504 403852
264033 354782
320503 351811
336666 377148
262105 405726
316054 378557
353292 424827
262948 302486
264033 383118
263974 358854
216455 351314
384952 461930
331849 420714
344546 397552
200453 262158
362166 397552
315379 400591
358140 414321
334002 347184
319169 433919
371067 412209
412566 469468
198767 367029
261868 364119
317272 398632
325369 347416
158762 298316
263897 305810
215565 458770
266544 268379
276533 401018
363676 464342
354125 414321
308897 364802
388510 399968
362680 452414
384490 420294
357320 420714
362208 449884
417378 434729
289371 428085
272317 380921
347978 350708
388996 444957
318158 342676
333934 438349
257904 377224
364907 394227
301396 363822
216133 420294
317376 361923
309474 481029
362744 464342
283254 364586
252999 388325
336868 414109
241041 357051
308472 425561
385958 386717
254193 269601
301788 480158
264606 340874
44462 293362
348849 375730
258821 263253
221494 410758
302564 381185
166139 260950
219548 316176
225567 294179
221855 439170
302896 435096
268231 479861
216225 292782
265138 424827
362680 469413
244050 362649
264867 385523
348849 426909
244007 352138
283179 341826
253108 470972
259808 439068
221801 477848
215832 308541
306124 383118
263754 333277
354665 354813
215375 292475
362744 431800
327268 423673
386541 414359
267012 316779
278671 343118
340507 483283
268802 435370
265350 323720
223369 356918
221138 389168
382972 392094
222247 418082
379372 480158
330737 360492
308897 338057
299601 470252
215565 346196
341838 467176
262320 344456
336741 351137
301364 345957
290130 309790
319169 430432
264156 353793
296543 384474
265773 427514
229758 434614
283351 357591
302961 335153
343118 424183
265717 376475
260210 364813
366557 392094
264995 363999
307684 392318
435096 464813
360498 393241
258149 359345
267202 366565
199706 449884
251143 480853
223324 308717
297268 379350
309565 332887
299705 303145
261464 477613
360798 376345
263062 318297
310572 483688
370193 481091
230050 388107
354125 435096
335062 340944
429374 470972
407323 455106
371327 452780
309334 397798
338389 361206
333633 349508
300151 484903
296575 297261
320949 437271
302896 354739
301740 400591
363929 367203
354580 360850
266735 305790
312999 481878
303015 432886
184266 458770
230640 438993
252602 288937
290208 449884
259239 369757
365730 479669
223324 333401
246071 339090
262241 395535
367545 447942
299424 356848
273963 377001
237380 362948
306548 356001
361076 363018
279242 341082
272645 372335
363642 377944
263062 352925
354923 355645
335055 444645
395654 396704
308541 336829
306614 400591
301740 357928
480826 482271
327179 363642
221494 305790
361423 365312
305790 360497
256458 363089
339191 343925
249749 256646
344220 380150
346050 357555
260361 276062
234420 375978
403852 452454
248244 259808
302896 428223
228872 262643
228506 399457
321449 370589
358862 365851
381185 448165
315397 361206
296674 302896
261837 262958
231948 421689
266735 432886
301281 351777
464813 472985
258648 286317
362082 363822
308236 444856
233627 355046
360498 478035
330875 385021
357555 369162
264832 380948
247470 375767
244230 386134
400591 403310
260361 362060
295379 373574
256996 352928
362166 380024
351832 411418
301280 419692
313420 321330
264028 357048
259021 350267
268802 296674
317691 465213
222573 349252
266735 310723
327694 358582
346032 357705
457016 473172
290299 358737
345347 370532
215829 306614
358140 485663
286548 481878
252602 339844
184266 419087
262306 426909
250495 454264
309539 343690
365745 365891
219070 266085
263253 479618
288937 382250
268379 315774
341082 356001
225724 372210
269571 384620
311430 419117
351137 357928
364813 460348
264414 368169
272418 333837
220531 357674
262450 362649
346015 378163
306548 308717
281950 321706
215071 293362
282397 417273
296684 354687
265371 359077
271555 408617
244007 378338
266735 297151
285393 434729
356811 374354
333401 357823
231487 266087
339090 392094
302967 388510
355923 427772
257904 276925
358723 377771
296102 424328
304697 388107
352252 483283
341551 367797
354739 363018
266735 315379
230340 339095
272645 340823
335321 361626
314193 362105
261769 295797
317272 354952
302160 319240
243578 258173
385523 397908
229264 426022
359663 428056
355388 479461
262367 379330
390331 418008
369857 371475
369757 428223
344393 479504
263339 357688
270625 346027
221265 403852
382800 415151
227524 260210
367292 422533
338343 398930
366956 484261
219252 256443
264690 323929
227507 339992
332973 380697
363993 391211
271308 362334
304290 363571
327179 370589
262160 308369
210313 391211
221114 289228
355051 452454
237596 419313
365807 393333
336868 355656
225298 326981
228284 410758
251849 371267
248564 481878
333401 360498
363018 426909
333837 362036
274242 363018
355533 383003
265038 384109
340944 346300
264279 473383
346509 479794
362334 391211
379818 380638
272238 329757
478059 480616
346088 348849
309830 346046
262584 447001
225430 339795
343741 426191
226218 478570
420714 478035
315379 363313
346027 354739
211998 252699
318297 467041
383118 406873
216802 414359
251413 446093
419740 480378
215793 392094
222139 341208
362688 379339
297990 423067
265963 412698
212015 269305
266735 339090
267064 395654
274712 315379
55077 363017
301765 405575
358151 484789
276585 449884
304353 385787
262158 351905
331019 389103
240423 251496
349156 401197
216367 351697
292807 377015
327889 355961
254976 363054
313950 443191
341885 463379
339795 393241
265056 276533
283131 341219
275053 386239
349142 358737
223369 376792
268802 357555
371308 480316
229214 470560
346027 346067
234296 441953
341885 485663
263774 360492
381793 401303
230538 379350
301788 377969
262306 321388
268182 302486
435370 435777
342374 362110
274242 346088
253686 342676
336842 391457
283290 306866
319169 395654
219252 375809
298910 353444
362339 373312
351805 403701
226218 452786
292614 342889
301585 323065
348849 467466
479106 480960
346027 447001
320485 419692
339095 449328
358404 363822
245838 421592
301457 355206
266987 356520
258301 356918
279242 354525
315379 396301
282561 362680
303158 385636
324122 422392
332604 348849
326381 364119
347464 362680
297431 307288
249299 362110
348442 363993
346027 429374
377640 418868
216455 261712
391676 401303
361599 428324
316114 439585
81029 357823
256442 419782
320295 336799
317039 333283
215829 317123
227752 412237
330737 354961
264649 273398
362268 368528
251453 296577
364860 434034
264995 449884
332296 362649
354665 360492
379339 428085
375730 470972
276062 330737
229214 363746
346173 452762
228347 403852
222247 475027
358862 363787
362688 416255
272348 448073
368459 484687
414321 475027
265465 350491
229390 258962
296271 334876
266079 312981
247668 401445
275603 351646
379350 379823
348442 357879
312397 476795
229758 314004
263253 406162
325612 337340
302896 339095
225430 472985
397798 463784
387006 410758
424417 478070
361084 424328
318646 356548
369965 464342
301633 378295
334458 340874
303942 383382
359345 362744
321999 441765
335153 400175
327694 482835
324173 451828
216252 387006
216455 216802
320184 382250
310129 386541
304102 384109
364802 431512
242576 301764
364119 414321
265563 351327
362680 407586
359424 408695
217402 367299
234420 278616
315397 362036
249299 460348
222399 374309
258455 312311
389103 451818
319169 369716
268802 379888
323967 397552
232888 261708
251900 363787
332737 364847
403172 428085
368458 388107
342374 416534
262962 424417
229769 333283
361540 441543
318861 432886
230461 371084
269571 344456
248244 433623
262367 269141
263413 322061
232888 386134
258962 457723
324124 347345
268058 354558
263121 340514
222330 284523
216106 307208
299601 342889
479461 480960
293831 433664
359424 481570
297579 384109
253099 484903
263360 316578
266079 392094
249299 412566
331019 346088
357051 482609
292614 370625
215832 357055
274026 384849
312981 469468
378163 388107
230050 331019
294179 463393
312981 460348
300151 315017
315774 330787
320566 397552
297185 373620
358918 390436
216297 267064
373979 470262
362353 387662
347942 428518
366404 433433
352522 367697
283147 337014
375942 405330
387286 436005
292513 305372
375730 435370
404375 464813
363676 413436
306548 362208
252818 252951
257118 354724
379975 446121
314153 382004
300151 339844
221138 325074
291574 436005
260102 354525
296181 327290
220003 377941
264933 306881
355315 403172
299767 367208
272317 419117
290663 357907
256383 369757
329380 358866
309830 362153
223023 363763
318822 358022
389103 475027
257818 392466
253099 356001
264028 480707
172229 220751
222247 420311
371267 385824
355388 462667
375809 445162
304697 467024
358140 393241
316032 359300
229595 443017
338389 357823
366413 405330
253039 429931
308275 354525
355471 465759
346050 354739
418915 479618
238628 382717
321203 481570
81029 478035
259632 380378
265857 365131
346196 354961
267257 334008
295951 350071
307288 418268
357320 417602
356641 393183
355315 389103
272317 339095
328901 480158
354739 470972
358812 479504
11619 323527
245544 382779
272348 302160
222247 464342
346725 432119
369695 378578
252996 355051
305924 412324
228284 469468
276062 301457
286548 443631
341268 367013
346509 479106
419449 472985
156471 221494
266735 274712
349124 383402
339191 362680
328901 348168
203407 360782
310491 400175
307298 444856
290200 412237
308897 317376
265333 306253
345672 381448
318297 391457
391601 482609
333769 398632
257181 383949
309334 379339
369497 418960
222305 357000
172229 387784
3302 479618
216442 429690
229379 354982
312673 483403
265171 401303
302961 359727
262866 354782
347168 462667
250003 262188
156471 317123
215980 379911
260385 360683
351697 480186
262995 317272
290208 403614
266544 354687
289371 429374
259037 417142
303325 483110
310520 364270
302160 383949
263253 351407
328854 460871
324532 386896
388107 452909
269385 318094
297990 308179
365720 452871
293831 364119
263341 358997
257430 329117
391669 405330
272317 346050
282892 290663
316454 483552
377033 381736
261015 407323
317376 357320
261609 362578
225969 431040
244230 477848
417602 423399
209728 418268
262942 380427
262415 386023
363574 455106
335371 480332
354923 370839
386717 418082
335321 386023
321711 323046
268607 384259
304250 419782
258383 305682
253039 429374
296545 380421
349957 438788
278935 343741
370803 448012
400806 421491
261868 346067
221972 483570
258962 307863
362060 418842
365817 438038
256443 378699
204961 462468
216122 360623
342374 370460
275493 387784
320949 427695
254810 482564
362688 485663
356790 445306
229214 344393
351137 366557
341885 355315
362873 419087
392094 469468
339095 472469
299424 439585
258424 417656
296215 370460
426654 478501
371067 379287
364133 377027
332604 345957
342889 452454
270586 478877
326531 421592
340271 358854
351137 424417
331310 376204
231487 335153
296684 458770
361206 424328
348168 406549
363763 462468
241125 358238
266735 386023
241014 451828
269601 382972
363318 380421
251453 414321
206542 349923
318641 369545
293362 310129
269385 430432
216225 326804
296215 364813
264033 361263
299138 368831
266079 315379
265245 363574
347168 367034
352271 466399
215829 380336
271628 324122
296543 368716
355944 484532
357879 414359
363676 369757
306245 379330
337088 340896
322142 476960
358777 417378
381098 405330
341779 365694
229238 333837
225430 377640
296674 436049
261837 262406
232501 483814
265131 367316
354125 379888
339795 346046
339404 380877
351314 396937
262144 339881
295797 343144
376168 385021
300086 368100
258198 263168
227524 475615
262027 369038
385958 405068
389160 419087
256443 261245
46794 264972
341082 431040
257829 423067
333401 338389
299853 366828
267257 379350
225567 463393
297151 317123
276390 304891
215565 276062
269349 421592
414321 485663
257600 277541
272348 285873
346839 452786
282892 297347
216190 220849
300413 339090
262494 334448
367721 382779
312311 347277
274764 480960
358404 430432
282356 381364
379818 477455
382250 420714
339795 464342
322396 402338
220849 472985
263974 316114
252622 460348
343535 374501
177742 420714
346509 479461
295685 345361
362480 368831
264156 307288
225792 316042
362036 384952
420311 470972
261245 301788
340823 478303
261900 445162
359114 369889
46794 465039
307863 379475
378414 414516
363018 481646
218089 297338
365858 392466
229595 366974
321449 363746
264025 356991
362649 473172
261819 378350
467466 485663
279242 288937
251595 467466
216452 420037
354398 440005
386380 428056
367034 484841
335153 364204
301457 315774
234739 357442
381736 389649
309334 318646
408236 409581
478877 481029
322450 327268
346697 477310
340896 436786
378163 464813
362649 365858
266970 301019
255120 264108
264033 339824
345957 362744
252711 389160
419370 424328
268613 389814
292301 378118
419117 435777
341551 366534
439403 477760
292169 352608
341189 442600
319104 324124
253099 354525
272430 400175
365588 372351
329419 357048
308583 381378
345957 386717
231487 380256
264657 371067
357907 370938
323856 435370
261023 359077
260210 318861
263390 314343
305924 341779
254942 352257
290649 344741
261636 307939
379350 422007
215637 267082
262809 265343
259037 281031
391211 396937
199706 310726
361418 368927
221801 384302
254630 315397
248437 301072
252622 396301
298283 359345
273541 424417
231509 430432
346050 426909
261623 289473
260810 343741
371936 442736
246071 257181
268057 295240
347345 448323
270586 414359
354125 357555
224337 362680
360498 417602
230461 445359
228495 455785
354554 430494
342374 370083
362153 428085
245934 325377
269305 324806
376827 380779
263657 369162
243997 381736
363574 397798
357288 380074
300305 365380
272317 368927
280333 341189
309334 385958
340507 358160
305790 460348
279242 312311
361076 428223
363574 407323
233893 297185
301585 338057
254810 366956
221859 328901
253099 362036
302886 355315
375872 425107
339095 339795
199706 333401
260810 371469
172229 401303
354040 464813
9530 353099
261233 314733
337825 347464
300151 431040
262225 405926
272317 316176
253794 366565
346050 481646
304697 366819
306866 393097
261900 375809
348442 364016
378577 385477
324122 469468
310596 364813
270625 362744
311827 462945
283109 472469
272348 357928
309474 363993
222247 379506
209728 323099
252102 317159
362208 417602
361433 366135
269305 406549
295770 296255
225916 481091
315774 322450
295851 376368
396749 415436
215793 339090
247843 263062
386212 391211
276062 355206
229268 388107
46794 378845
381097 401303
348849 379506
216455 293362
307889 346037
308275 423399
320184 362208
351155 480893
340271 348168
231487 307833
314807 433623
347792 360798
279387 363661
258105 290208
258149 418915
244230 419005
288602 379287
346088 379506
481486 484658
240423 349961
199706 315017
266376 301050
278572 309830
346001 464342
305924 418447
237380 286317
287239 350267
300413 383949
316032 479494
80059 437955
221801 370589
337850 457168
292408 294312
379888 463784
247843 340330
298283 307940
358840 377033
314157 463393
320566 346464
282356 371267
347277 484903
347168 366956
366565 421380
355388 366999
302783 436005
363787 434614
278572 414321
276201 470142
262160 378402
262187 354558
265643 329684
254719 349823
295688 353048
233154 341189
262367 351490
354040 363384
281031 389160
327268 354961
296782 307272
274255 301764
246554 258424
232888 244230
371475 384048
291576 405068
216294 298532
353463 362649
379506 389103
462355 481486
358867 366416
229238 357823
322061 360281
300289 452780
369695 381657
299424 399982
270538 297185
271628 412566
246747 287600
200453 341779
210313 264639
400467 419117
274137 419087
366249 454264
301764 355114
251871 258648
268182 368190
264156 314505
354580 423399
260947 269305
290663 428982
355315 435370
301740 365625
278572 348849
357555 389103
307940 464813
378040 379287
290208 380466
337014 363708
301764 355958
264709 479618
284440 304697
221859 470252
290299 306003
348838 363787
265023 380948
266991 361266
229214 371169
216252 342374
279387 483228
362688 364119
307183 430432
357869 440005
470972 481646
293549 346829
232888 326981
397798 418868
222247 346088
249344 263918
302896 346046
304697 357879
285398 403852
357555 414321
358335 433623
387784 447241
265433 418960
264932 301761
263269 360608
269141 307134
264033 288135
311135 327179
364813 365625
346067 435096
234396 434729
339095 397798
250498 376472
335321 434359
379888 431800
263390 337340
199814 358554
323967 414516
216455 219313
296577 341885
358716 392270
216366 292807
301585 338389
320936 373325
349957 473391
368169 378557
403172 420311
341680 447650
236850 252486
270176 357048
333633 362649
357555 431800
382428 477999
270257 369895
357879 386541
346088 467466
355192 438949
276390 434729
253024 351947
298352 365569
384053 394227
285873 358716
360498 363999
364498 366396
215793 267812
309474 359910
262367 376077
260947 375978
298281 421592
356918 450731
282074 484532
284727 377033
282251 342374
252102 417142
260408 345731
346464 352925
203407 392709
298854 304290
341885 403172
225430 386717
225831 292301
241416 263640
451291 482075
311500 446093
261349 339191
263253 365858
260210 460348
417404 452780
199706 354525
300061 345751
356774 403465
300146 422392
274242 346037
351908 418770
272418 315397
242285 479606
246071 336741
267202 354772
359295 363286
339795 397798
320184 426941
318861 424417
315397 390331
258416 340691
339095 478982
363668 376077
216802 362334
346015 362744
294053 302961
221801 344393
264657 368880
321449 384302
346196 355206
300035 368458
263025 308541
254480 360266
225983 384371
264279 396673
365272 477455
249636 348056
251775 263864
280154 293831
330341 431885
248244 351273
360532 411822
253039 362744
253039 416250
351141 358799
258105 356001
418438 418842
376345 400892
316779 348602
447001 467466
289382 320949
233668 428924
246071 267812
245451 363708
361818 376753
270625 389103
329357 362649
369757 370589
266970 419782
351805 360141
221930 362299
351159 355279
264279 454836
225969 373404
376544 483570
449328 472985
377486 403614
264033 282397
273047 445408
273783 416250
272348 403310
289361 348751
264144 388325
218104 357051
220853 403210
264414 455785
254900 349640
272317 307940
361206 380466
262415 297151
236192 376792
302783 357591
261637 423067
216190 348849
263974 481091
257572 302564
340823 428426
362680 371067
250003 332973
344393 363642
345957 346046
379946 395654
265563 305372
362744 414321
368927 446215
252622 392094
378699 384849
369757 404375
311430 369757
310520 466121
329933 394417
230340 405068
388107 472985
249071 289473
343118 358423
364289 480421
210313 216455
415536 480158
278823 365858
403701 482835
279146 335153
302896 423067
284523 287934
265354 334458
264716 303315
264156 393139
216797 362649
378163 389103
276689 317159
419449 467466
264657 354394
302648 347942
262238 363019
271628 368801
345957 346027
296490 340896
273064 424896
260442 376943
267812 400591
296417 479794
258428 388107
355778 483283
400467 435777
309565 330737
272348 312981
417142 423673
310572 478877
324560 355231
342889 375809
263253 274255
230050 256383
305924 378769
259873 362036
263121 378307
257829 297990
346088 378163
333837 417602
230050 481646
349957 426654
346001 419004
362873 389160
346001 346088
327268 354687
222247 464813
225983 357979
333837 338057
263253 368880
287437 318635
252999 386896
263381 364678
262105 297431
217244 365042
268231 379704
222574 358404
264414 343273
344456 378400
223324 306548
264645 387006
264552 365851
264883 361658
222247 369965
272298 379098
270625 463379
381185 476767
323421 372689
319240 400591
324124 348168
341083 387159
156471 342374
265773 344546
177742 276585
331849 382250
319591 420040
264995 290208
315011 368683
215793 380336
378163 400467
274242 414321
283195 359300
264657 306245
341189 376345
356840 418960
425092 448073
292614 452454
286398 299821
309334 463784
351446 392318
435777 475027
264933 475750
256383 414321
230340 477848
307479 358210
375809 375942
224337 472929
350937 355809
216442 234396
284523 323901
260102 288937
215565 330787
328854 405068
157812 357879
317473 350386
290541 338039
261007 442600
248342 354125
358160 366999
479106 482564
262584 363574
229402 261340
363661 418447
428259 479494
379098 381412
363384 428085
347168 484658
301838 358072
438085 441543
279242 449884
262584 268661
308275 356001
245539 380466
257904 384849
261973 403310
338389 373404
219596 247470
221930 262160
245539 315397
251527 374218
363318 391676
355890 362576
245907 356024
247668 312455
244537 346509
346050 346067
365694 477868
322419 428223
261600 265097
268802 362744
262193 483688
345571 376436
288139 320025
244020 325905
355299 434995
304697 343535
264657 335153
318094 482063
216297 470252
311857 354394
408617 446215
362807 378721
322419 413436
331310 374213
254630 362036
260010 373620
386541 481021
212015 263253
282633 485627
285298 418008
263694 266735
363676 470972
355778 481486
219252 301788
357470 370698
373854 380948
225430 379506
353362 438949
377640 428085
379506 419117
341885 452909
346067 429374
357928 360532
229264 371594
351284 363017
345957 362688
351490 370193
263464 398698
380336 469468
296782 326804
359345 449328
336701 358742
341189 355645
233627 274137
254950 317468
299601 356405
292807 308541
363068 386331
307567 369038
311430 428223
221265 470252
267163 290921
353238 356042
484658 484789
261708 363642
385958 431800
269397 445704
219097 257789
262962 463058
324124 380904
258341 388325
215793 252622
224337 364907
391457 397552
267812 363313
292303 482259
264605 379601
263205 332973
381097 417273
361363 374213
250495 478474
262367 405330
311121 386212
217402 223500
262958 478892
479461 484789
286639 360266
352926 478927
290219 371067
344635 418447
377640 379506
261015 346725
384211 386212
269349 470142
340896 367203
272418 369682
362649 395535
235310 351697
346088 379339
168216 312356
369375 371347
297494 341940
296490 341779
297185 306253
369757 425561
355657 358160
314004 388107
230050 431800
368927 472985
263360 369424
298283 345957
264995 315017
272190 355627
159060 261623
345571 364519
252463 259915
264933 411825
268661 429374
257181 335321
236273 266735
298767 354720
342889 483328
354813 369176
472985 481646
222005 257904
354207 397297
355279 437271
333283 367910
233627 268379
360141 481878
264995 377486
312311 382250
272348 361918
235310 406046
354525 373404
313171 371321
254286 358921
225792 349168
347883 382004
345957 435370
242057 279146
254193 266079
296370 364210
265339 428209
265245 346015
312995 363017
341885 467466
209728 301019
425561 478754
306449 355865
230050 346001
278572 354739
304895 365016
398698 433623
308533 321706
215829 236273
246071 260210
216225 262306
270538 329558
265686 367697
323720 362948
258424 425759
336666 479606
219252 323720
364119 472985
443017 484789
156471 411822
296782 362547
361076 420311
322061 354458
203407 301457
327758 366534
354251 432472
343535 352516
263754 480158
316578 356480
479106 484095
479461 479794
343144 363921
286201 368169
267163 427514
307705 367034
344786 368314
308541 415786
357175 368686
156471 300413
253462 401018
290649 338348
302783 335371
381859 438204
436049 467466
377640 472985
371958 379350
335321 360532
299424 367406
261799 422464
352121 407586
302160 422392
296504 362649
254193 411822
246071 296215
229238 301585
259239 371101
373979 480332
273398 379203
264893 379704
348168 375942
366956 484638
354728 355046
230050 296674
393312 480791
354558 378914
334448 358963
302896 393241
300574 368759
357175 430432
270625 364119
232424 272937
300413 406162
368516 443824
218388 308208
295685 389631
363193 377686
289371 464813
362334 418695
307305 361930
400591 422392
371267 381958
308179 454836
323065 347277
250617 384515
309913 334458
418868 481646
44462 290541
254661 352561
236192 450731
315397 384952
303373 476136
314193 328854
348708 364448
249299 266735
262189 301067
268035 426909
367034 443017
222812 317714
317123 368801
242057 354394
54666 314214
276689 417142
258149 262367
345957 346015
306884 362795
418868 472469
157812 261601
310726 312311
220849 368927
264414 284669
359345 375730
341885 418082
341247 398131
261900 285398
6275 373979
53468 361084
228825 388169
318646 359345
249299 274712
297268 363840
254942 278616
405575 421380
222547 225724
392270 400591
379339 385958
253099 339844
430493 445508
323065 484903
362153 363574
332296 399968
301364 318646
253669 439056
385216 477707
379999 464522
230050 332604
346067 400467
383118 479322
253039 273783
339063 379888
296490 442924
222399 452786
358072 425107
261712 271308
359663 477613
229179 245544
305682 338389
325827 381823
221494 244520
300651 363193
264414 313950
261813 360473
261681 447488
263657 362744
314807 330959
358160 484658
244537 484841
353793 368349
264664 410294
264260 280357
250495 262306
301021 470262
338777 352603
268035 360683
199706 229238
253099 338389
315130 352257
343412 369857
290208 315017
383949 410758
264033 363019
323065 354525
264883 379182
211998 261769
353793 480987
308275 431040
379888 414321
274242 309830
339090 410758
387006 392094
479106 484261
343204 412237
260762 300935
258105 373404
309539 451300
332604 362688
254900 263062
345347 360266
342889 374280
265849 355506
298767 303427
216252 243563
375730 393241
215793 383949
364907 472929
290277 407586
259469 274242
255465 429089
343925 405330
369424 412302
302564 326119
281321 405330
226319 259021
264645 348708
406549 428426
286827 337060
252711 263774
310448 364813
258383 403614
376330 417273
373404 384952
355315 385958
330787 362873
355778 482271
264645 317123
312709 406549
261708 371101
307280 325239
278572 379888
262367 349960
362744 420311
339186 465039
367323 371985
254101 346148
233627 301457
349960 432660
216225 252015
355656 462355
216252 396301
351492 460348
357320 384952
317473 382341
363128 384517
261708 428619
411250 467141
355605 370695
274764 479106
219905 399982
346088 362744
314343 380888
269305 360613
261769 268182
260210 266735
370800 412302
296509 478501
421491 482285
357555 363018
264664 393312
356972 360492
434024 476136
216252 424417
261597 465075
370625 415536
424896 437271
264649 363162
307940 357555
267257 347464
363018 472469
263780 421380
371341 383118
360141 471493
363574 432119
272348 432886
270349 338345
225430 416429
266079 382972
361930 368880
276297 319756
262613 344666
346839 478570
366956 479794
263904 379721
298283 467466
330070 330284
321706 412566
246071 383949
379267 414851
70846 353608
340820 346671
267257 377941
215829 396301
264657 269571
370193 429986
253099 301585
259895 364270
377686 428982
215793 411822
317123 360532
274341 387356
311430 400467
377969 452454
251453 268661
350098 478982
281031 362873
284523 478721
300413 370119
272348 301740
302564 478516
309597 354837
156471 254193
307183 337477
336630 354859
251453 272317
266544 458770
267430 333283
384211 414359
328854 470560
254810 336687
351185 355506
363574 483484
316054 354607
426909 435370
234160 356782
254193 384421
251595 429374
454836 477848
258301 360183
258648 346634
460348 478070
253686 315397
261191 408429
223023 271234
261708 311135
397798 435370
290949 349142
263121 479526
313420 323511
244537 278412
288602 407586
298283 435096
221494 261531
269593 363826
462355 484638
318165 355601
363019 444357
352516 430432
293288 376943
341885 429374
352522 358737
326806 438483
307940 413436
378307 480826
298283 375730
296504 362592
254436 303709
385958 472985
351926 409581
262982 446215
261479 414359
281821 346671
274242 346001
332198 383949
256443 419782
262460 405726
469863 483236
349508 412302
255764 325612
340944 371067
322419 346050
389103 447001
317780 354554
265963 324124
262158 288840
259457 391211
357384 360644
306330 386896
347942 403459
263253 346389
303634 378974
235090 362649
267812 318861
312618 354665
221494 387006
216027 297185
228843 307491
264110 395654
225430 426909
262193 396937
341885 375730
263025 357055
360492 441126
315768 343957
301740 475615
261497 417510
315112 398698
267812 392094
358866 420213
257118 440674
266126 416250
225728 480158
216802 310129
322421 346067
304669 377508
254810 479794
263121 480158
378332 380638
316779 377015
254193 360497
285071 362092
231487 281708
361923 376732
272645 342889
359575 444986
261973 305790
269141 377508
254900 463154
1008 302961
328287 401197
247219 285398
260443 359345
300289 346206
281821 360916
250617 347464
378163 435096
338057 354580
396937 483688
245255 346065
261531 478070
364289 421592
276689 354728
324124 375942
257700 263897
266544 354813
330341 370698
268058 343023
221801 339095
376272 426191
274376 428924
268379 330737
269143 479488
327650 404704
377969 379372
221801 371169
333837 347277
263974 417510
263754 267064
340271 367406
258105 417602
380824 402000
291576 327179
244537 482271
340823 480158
418082 426909
355388 484638
263780 367299
216252 271628
251453 481646
362105 386134
351137 360532
339095 464813
354223 356820
346046 358140
391457 457016
283351 324318
265963 403852
354525 357823
357823 423399
272317 389103
406549 452454
307272 432412
231498 373312
380378 408910
316176 477613
299601 370625
215375 377033
276689 299166
281537 365745
249299 368801
253413 417378
318822 363591
308897 362036
251453 346001
205890 354623
264995 306548
336741 442308
264389 438115
223324 423399
329117 344456
363746 405068
336741 424417
365891 452746
256474 478121
304697 386541
338272 385216
344456 368169
296792 370589
252711 418842
375778 442600
274764 366956
215375 358840
254810 443017
264645 386156
312709 358854
379267 379869
247470 376849
367034 482271
230050 318646
311430 322419
306614 422392
266079 342374
230538 282588
346300 465039
300688 377033
357555 481646
341208 354394
317123 396301
311430 435096
288937 360498
244537 476960
254193 412566
301788 319104
263025 363318
342374 433919
312995 343741
361850 415786
238855 261558
345412 362063
266970 385824
261712 270586
300086 483117
243253 359345
393241 464813
244537 333277
292035 300651
362948 377686
266735 370083
302896 346088
168216 266987
268717 444856
351137 386023
429374 435370
335153 340989
260383 356785
358737 377033
222247 397798
465099 478303
261712 310129
361076 481646
261233 263341
276062 354813
177742 295491
274712 460348
406549 473172
360133 362018
288167 328111
352928 364589
346067 346088
317123 410758
269385 365851
243997 377033
288602 381958
230538 368678
215071 386541
1008 363822
253108 357555
319169 412566
262105 401018
290208 296102
382250 449884
290663 370938
355140 405890
330737 354665
216122 234296
314029 382863
362441 395535
346088 416429
318629 469240
359345 418082
354671 361021
341082 377486
301764 313034
281031 355046
285298 426941
315397 382250
300151 301585
347277 417602
346050 435370
334100 425587
228284 422392
358151 434024
172229 256637
219476 340989
324122 380336
262160 327758
369757 379339
362036 362208
375730 377640
328484 436786
271308 272317
253099 264995
263816 367064
258416 386894
289371 346050
315017 333401
349320 355192
268668 281031
370938 380888
221419 341826
265465 480186
352271 419471
257408 294312
331310 362166
258418 365730
361930 363377
362649 479617
370936 382863
270625 431800
260443 363384
296674 348849
216797 263967
296674 307940
283006 362018
339095 419117
352257 398824
267812 310448
297579 428619
260102 423399
244537 372351
267843 410294
305260 360021
251871 325612
215829 363313
12443 482075
357823 360850
345957 418082
354086 354525
359424 454207
351273 379457
276689 306397
245539 343867
245451 452126
254193 351137
325527 379350
315693 372005
230050 393241
377036 417963
355388 355657
300305 415151
356448 367841
259469 354739
263253 362649
263377 394085
169551 464522
263816 315130
262238 352925
270586 271308
347277 380466
332103 417763
261868 357555
248342 345957
398523 435460
309830 393241
332973 339004
290913 309561
216122 480987
356520 425561
315397 424328
373952 385021
371469 376272
225728 258648
370698 431885
215375 354632
262027 307567
340361 373574
337825 379873
418842 430494
341082 354580
302896 344393
244537 262189
247986 326022
348838 482063
413436 470972
258281 397259
314807 358997
297151 387006
267812 317123
362680 386444
270625 377640
368169 374507
223324 360498
265734 419782
356001 363999
346001 386717
262643 265734
221930 351905
272317 478877
258648 282892
362649 376902
295897 342850
317159 369176
223369 254976
253099 308275
284274 315112
268058 377265
322419 414321
292614 415536
348442 386212
260102 360850
315397 342676
262189 384048
259808 358335
356429 478892
269305 367545
380598 447537
306397 457513
354911 433623
363676 475027
355566 410339
235090 272348
249647 259400
360850 377486
302486 340989
246657 259607
216554 256383
220849 485663
317780 354876
451300 480499
260361 312618
338057 373404
375730 472469
309597 378974
266735 362110
330341 337825
264734 296387
251968 318629
272369 405890
264995 354580
396320 396915
302896 339795
349016 482609
257934 377536
331746 386972
260810 365588
382972 400591
223321 348442
262995 263967
231498 371155
241416 361107
225525 344456
359345 420311
260408 337451
296490 358464
357555 364119
379339 470972
251900 381840
362680 391669
265354 339004
275493 289153
53468 312311
251849 358723
303939 332049
274712 356541
358464 378769
266079 380336
354580 373404
354782 431445
293831 369757
7722 267082
234310 378306
378414 396704
304697 350708
262965 392466
299300 376946
367203 384048
264039 422591
314004 426654
280333 346671
299138 479762
229214 341885
283875 370625
276062 299166
279068 478754
325120 362680
263464 360242
360532 460348
264995 360850
53468 357823
307288 368164
361800 376297
330737 418842
358474 369857
324205 432279
295119 360483
415151 478121
376330 428924
314193 326981
215832 309116
307889 346027
358716 369895
362744 375730
360608 382428
285398 478303
229264 363411
315774 362060
252699 443495
346001 389103
296161 353512
330737 452549
363574 463784
412927 452780
244007 444986
318158 461930
329967 368022
261303 440485
302160 400591
268717 438115
228534 470788
296674 363018
361076 385958
210313 310129
254719 369411
265990 375942
297579 423067
248572 360141
259037 339720
379888 418868
262306 444856
336666 388996
221859 370625
273047 288266
360515 417510
325376 365439
349142 370414
442460 468927
331849 339844
372035 379364
348461 484121
341524 391311
245919 306245
279242 403614
348455 355231
346634 370938
429931 435370
438399 469240
381097 462468
356541 360497
233154 278568
263377 269305
295851 481038
261245 478303
363708 379204
319635 379110
314897 478570
339063 426909
383105 457168
258301 314214
264670 318195
341082 403614
364813 383949
269305 354522
269385 440674
318861 386023
309334 464342
216714 296930
221847 303231
339844 354580
270625 346088
346196 354728
293831 302768
258455 403614
263657 318646
266735 364813
286548 366416
300151 360850
362688 429374
361554 369375
264606 296785
266079 301740
229758 378529
346015 418082
184266 423673
357823 424328
216122 262105
255465 257904
331849 354525
296215 392094
360532 478070
216181 446955
420714 431040
264709 362649
357283 385616
319240 412566
270625 472469
325074 378306
351908 410402
245934 298875
302830 420875
259708 408979
306983 481091
356953 364699
252622 364813
302896 463784
296509 394394
252711 392709
400467 452909
389103 470972
296674 346067
337825 380638
264938 408005
276689 281031
46794 337825
326550 432768
254193 342374
243563 412566
354525 363999
292408 480791
301838 347979
261366 339883
251775 363054
296504 443988
341280 362592
271628 342374
325863 371475
307684 316114
346050 368927
362680 376345
444986 482457
274311 346015
323967 340514
248342 364119
223129 224950
346050 435777
291295 355533
443017 484095
331019 472469
364813 412566
369391 385787
216277 484669
396301 460348
260102 361206
355051 361998
263774 312618
263205 380888
162749 341268
375778 386896
263774 296684
305790 368801
225916 307684
283875 377969
351407 360266
272348 383949
287598 394394
327824 329991
244230 428619
388806 425561
360798 450857
309415 327694
302886 416429
230050 472469
320147 363822
271628 364813
359345 413436
258301 317714
257181 266735
273668 380054
288937 308717
363574 379506
392709 417142
355077 435619
251900 362592
343027 358513
276202 383118
312709 362068
323967 347716
27335 304669
312999 362795
259457 384211
200135 408910
301587 377033
379888 393241
259808 263464
216190 364119
266079 362110
347978 398824
231572 264161
274255 368880
268802 346067
362744 419117
306548 323065
355046 362060
249299 383949
354633 377969
216802 261479
318646 429931
209884 280098
387006 478070
329418 371067
242776 337632
316244 393312
322421 429374
263360 430432
290541 396937
362208 418008
361076 426909
273541 392094
373312 383105
253107 355899
235090 319169
343405 381823
360266 384273
233331 375639
259239 363746
252996 363124
346015 355315
216297 323967
308179 371101
358997 389600
157812 217958
55077 408295
349252 357005
331019 403172
306330 354558
351926 360798
231948 384109
216442 417378
351218 370625
280346 387536
216223 428056
362205 377061
295685 367220
249923 402346
258105 361084
246071 300413
276461 410964
470262 480332
282892 370938
221132 301838
346027 377640
352252 480960
284981 318585
333837 338389
361066 363822
262450 369424
376077 401470
262584 278572
262962 392094
301067 326519
378306 477868
346839 353731
256644 362092
267812 269601
251849 306330
363574 377640
292035 362948
215565 354728
288266 341785
418868 419004
376077 471191
363976 408146
429374 463784
302194 308122
297185 315693
260102 331849
357555 420311
420321 422591
385958 426909
251871 290663
215565 263774
256383 296674
296215 317123
265171 267101
238738 320117
261637 302896
300026 323696
381717 444357
293777 357907
333633 369424
313199 359645
220853 380322
302478 331111
46794 339186
359398 380598
264552 349957
318646 331019
328854 384302
278568 417273
352928 451235
315017 354580
263360 482063
81029 308897
346839 398632
343118 369899
323720 370625
361923 384952
308275 338389
233627 452549
251900 420294
355315 447001
245960 379287
253108 414321
246912 312834
254803 358812
310129 310572
350676 480826
263774 274137
261879 355747
252711 266544
276585 418008
282633 318016
268712 395535
269397 482063
443017 484658
274376 362680
162749 477613
307940 355315
278671 369899
435370 463784
251453 472985
261868 431800
263205 370938
484638 484658
376505 464030
261520 296564
340944 462521
307889 311430
307940 447001
333633 405330
222247 413436
282251 460348
363313 396301
245544 448054
341957 367545
209875 355657
262584 435370
231498 316032
215829 336741
388107 424827
237530 457935
348849 435370
287820 384273
274026 274255
350708 398824
7722 324532
244050 352516
335044 378307
357928 411822
341551 363377
369899 380074
236273 263694
220751 374455
332604 364119
271452 484532
215565 367939
215829 246071
432279 469240
215832 302486
230340 244230
306662 360141
406046 420176
355865 379931
303540 307599
378163 429374
302564 448165
346725 364320
263681 351697
337838 347451
225430 369757
354125 364119
358335 483059
248975 354558
270625 426909
358716 378402
346001 346012
283875 345347
274242 386717
253099 449884
344115 377508
263253 387699
260402 365807
273541 411822
346037 377640
369757 435370
296102 363999
370671 377001
269305 361626
296504 378402
393241 449328
303423 404676
295491 360850
339795 346027
263681 368458
301585 315017
254301 321706
360133 379911
262648 393312
310723 383949
261015 326981
380779 483364
259037 354665
379888 435370
260210 310448
402935 480853
223324 258105
238682 364133
309830 435777
376732 426941
264110 306245
287156 441543
302830 420333
329757 434729
261601 264639
346001 418868
290208 360498
358165 364907
272418 333401
379339 419117
261205 314214
354665 354961
270517 418803
355279 377024
341885 363676
199814 460348
375730 378163
254657 276079
345230 351022
472469 478982
263754 367406
354739 379888
339917 406549
384302 470560
303015 318861
320184 370508
387006 411822
259938 358223
263239 371858
359345 385958
285393 363162
322270 429430
216252 432886
364589 366953
307684 370193
298281 362063
200181 374309
223324 229238
368349 480186
301585 360498
346037 354739
398698 426909
296585 304408
370119 400591
294785 326366
286794 332103
418868 435096
424417 460348
418868 426909
355265 358840
7722 283249
231498 444029
320147 405330
226574 262367
365588 371475
268668 458770
233242 252486
380227 380948
296102 377486
199706 290208
263253 379330
215829 305790
347277 424328
309555 345837
266079 310723
262367 351407
245539 272418
287156 355865
381717 441543
298283 414321
361014 416255
233468 432886
349142 354632
311121 348442
351446 370936
346037 379506
260361 392709
339063 361076
295683 306512
258455 380466
355541 363642
236273 273541
360973 409581
318195 335153
463379 464342
316176 428209
350708 357879
369127 432083
308275 403614
267430 347232
247970 327465
264515 351446
355465 367721
364721 479322
366819 388107
355315 363676
258455 420714
355966 394394
245539 431040
382863 436786
311368 480186
354665 362060
264709 270172
351446 363944
356480 365851
346196 418438
360609 432083
254066 363817
256644 369899
362688 369757
361363 406037
255764 263390
355231 358022
53468 296102
267163 360493
318629 366565
333547 394071
347847 355645
328004 445704
284523 294304
258341 400365
342374 360497
280098 312397
318094 356480
259206 330959
245539 426941
222390 317272
254630 272418
379888 388107
297591 454545
216484 298130
222247 285814
206542 306320
339795 452909
259239 261637
297990 327179
358099 358867
384708 482232
256458 358997
333982 356056
365402 379873
314193 423067
199814 400591
329102 451812
358862 419494
215071 418695
243563 266735
375730 419004
317376 417602
363018 475027
264515 406037
393241 428223
286788 317334
215574 326804
199706 403614
384136 408005
346046 346088
302961 483825
222399 296585
251453 436049
265563 354718
332296 383063
263270 358582
346001 428223
331849 417602
253699 355651
364589 451235
367910 385021
215829 262415
351490 369131
293831 358140
276079 314420
53468 377486
468263 483825
307272 374455
257789 262105
353575 416250
362208 370508
282251 357928
258198 320130
288607 392353
363157 367013
372155 391211
309830 363574
258301 397441
345393 380252
308219 368104
305372 384537
310726 323065
276390 329757
377724 381968
388806 433664
249923 263245
261637 296792
219252 470252
257414 352882
257290 366936
345837 442924
290208 356001
272317 375730
355388 479106
331019 363676
263754 316114
263233 314214
266735 478070
319255 367208
354665 458770
272348 387006
262315 322570
296029 362795
362068 370193
363676 435370
253099 338057
312709 340271
268035 275493
443495 467141
386134 423067
479794 484841
279242 333837
303511 331106
234420 398824
251849 362680
222573 296585
332887 354499
337451 362680
286317 403852
355249 419494
276689 430494
221132 276431
244537 371475
53243 365048
339720 354982
356541 380336
296577 435370
274137 354687
252711 346196
355961 445001
300413 303015
263377 363822
266735 416534
278572 467466
336752 362063
244230 358812
252711 327268
346088 452909
368458 405330
254480 342434
253686 318158
258281 299424
304353 478982
274376 385720
346027 428223
296684 418842
270800 442424
363124 363944
363017 450607
215832 409581
306245 341551
216190 251453
332194 484789
385958 393241
243563 246071
251775 273130
172229 332643
263780 320416
276585 362208
263464 433623
267064 341805
387286 444850
231004 346839
302160 332103
345731 410257
292079 354490
275493 379350
343741 363017
300413 335321
304697 462664
363117 364907
258455 342676
310129 386212
313603 379339
264552 363322
261303 261479
359357 364885
252071 388169
346001 379888
334382 382428
348461 427562
226319 322142
216911 326550
220592 425561
309830 429374
333401 333837
219169 471191
216802 259457
306548 357823
245046 306220
241502 436679
362441 372088
263754 370193
346067 363676
313950 378295
259457 481029
281928 357907
229238 333401
254803 363642
244537 484638
354086 417602
287598 296509
292035 377686
278572 311430
263062 349960
363019 418960
262238 340330
302886 428085
338777 358582
320566 374213
333283 385021
319240 357928
341170 373700
326366 358105
234310 341779
334037 420608
314067 355645
257789 262643
249396 283921
254616 378588
380948 454623
346067 361076
259469 397798
339109 378529
290208 333837
268482 400591
346671 379350
355388 480960
353224 417404
382779 444029
346037 346088
375730 420311
219905 436786
244007 376167
268668 354813
330694 345571
357622 387699
346839 380227
318646 435370
306320 349923
484261 484638
362649 364678
264414 424198
346015 346037
267064 378414
339063 377640
287598 335463
363018 435096
233146 348020
322419 346001
369217 485133
260947 420294
286788 376946
253024 367797
281453 379911
360252 380785
302896 452909
292035 481920
342889 478303
215829 433919
285021 359300
252102 354687
242285 351926
296577 339095
251871 300651
260210 296215
216554 419449
266079 324122
364912 382628
268482 301740
396843 478533
334061 369703
325002 449270
263239 285814
263253 375942
348849 464813
229135 356713
275493 379092
272317 287647
344456 382004
247668 433623
378769 478767
300413 360532
232888 405068
363642 454836
248975 405963
316029 355645
260810 405726
355657 484095
259915 271640
252486 340820
241052 270142
334037 403210
295491 339844
244230 344393
162749 356694
364979 452786
356480 473391
265963 375942
361206 418008
229595 481486
355961 414237
277541 447006
223369 294179
308897 484903
282588 388325
221859 481920
309830 397798
301585 308717
358140 481646
260947 343412
259469 346088
280333 312185
413436 463784
318646 346015
357301 397415
324173 328088
261023 362680
227507 384849
243563 305790
359506 481038
356520 403172
221801 302896
268482 475615
347005 448073
334563 344871
258105 264995
215793 400591
331019 339095
367721 373312
266079 339090
232888 472985
301587 358840
354687 356972
260443 403172
261799 452786
288937 423399
362060 417142
356230 370671
405575 432279
425587 484855
251127 391088
262570 368528
220592 364289
231449 363318
355656 484638
44462 216455
377640 464342
246554 339720
356641 356814
314029 476117
263062 359518
263464 362994
211998 391669
380794 432279
230050 354739
361359 367440
351933 401878
270172 328547
353582 480043
172229 397297
296795 401399
364893 367686
362688 379888
340896 363929
346050 358140
317376 361206
408910 414906
268379 309565
284601 341779
225969 338057
354739 414321
340944 343204
401010 408910
229238 331849
355077 358019
216297 217244
307004 421491
263974 406549
359518 397552
276062 276689
233146 383042
269385 358862
261396 367721
292599 345206
226218 261023
346001 467466
231498 310668
162749 356426
374045 380378
244537 355388
243997 284727
274137 389160
297156 466379
296328 351777
233627 354665
359939 398597
355777 377275
363018 393241
423067 428619
418082 463784
341779 389168
295119 310668
305682 377486
308022 356848
312734 394071
264335 307272
320485 414516
261597 335463
261868 348849
264389 376167
353850 378015
349588 455507
221494 418563
267257 361824
251588 283027
228347 378736
302896 472469
386717 419117
365576 421828
384330 470298
263657 357555
362680 379818
355657 481486
281821 357393
346050 419117
317985 400175
261558 325369
346027 363574
259239 346725
265565 354476
318629 405575
351777 375914
261245 375942
365312 444645
404179 435370
272317 418868
349142 358840
251453 309830
337825 403459
172229 433623
308725 393097
307889 404375
309830 464813
288937 290208
351022 443495
272348 370119
379339 386717
377275 416097
267257 365745
276585 285298
209728 262643
261973 266735
302625 324806
356641 415556
348965 376297
352264 358490
233630 445704
248248 296473
247668 261652
252711 354813
261842 263270
322419 377640
221930 262158
298283 470972
81029 263629
252102 457513
263967 362680
341779 378769
303942 383931
245046 256545
258301 338562
369899 424183
339495 473290
258455 376732
346067 472469
262942 367220
299106 441691
260102 384952
266679 345412
243563 362110
8527 254657
318646 378163
261366 356224
342374 356541
352252 366999
252602 260102
216190 346046
354813 417142
310042 377640
270625 386717
354558 362092
443017 483283
255764 370938
297338 298767
267064 397552
379364 437550
216797 231487
353575 364119
346067 377640
315774 369176
296795 329967
333982 355593
261667 362937
360609 405330
217086 229307
236147 367817
362768 430432
251849 340989
259469 361076
306138 334382
412566 424417
308179 327179
247219 418379
388320 390011
383949 469468
326031 389168
382379 392147
346037 346046
349770 471896
269197 417132
418438 419087
395654 414516
366974 462667
378414 419692
301457 317159
360141 386884
253457 334037
262367 316032
283195 307078
338389 354525
222812 360806
342156 365131
349640 356425
267064 370532
5340 261349
258105 338389
362014 370719
314193 405068
416429 420311
346015 418868
262133 266970
362649 415243
296980 442424
253099 361206
264933 428564
355206 458770
242591 406012
340944 384053
341208 405330
311430 346088
265562 297661
355231 433623
261708 385958
318861 382972
359345 429374
294117 305260
264246 370989
261708 386134
258484 340330
263774 330787
308897 403614
264498 393312
263253 306245
227507 266970
350199 379891
323065 338057
267257 316029
272317 378163
393840 447650
308750 404658
265372 326022
452909 472469
351137 358554
267430 289081
321260 425759
339720 418842
359910 362334
310842 354497
278568 383118
302896 362744
378786 398890
284981 340330
314444 382717
357928 362110
216252 227524
361076 419004
305682 423399
264033 369981
216225 310686
286317 363193
383402 418447
296490 345837
414359 418695
225430 307889
248342 431800
262030 355265
265441 287934
289382 355279
327268 362060
253462 405726
361359 362994
261245 359531
161559 244336
341189 378332
357283 358857
240874 363763
354739 418868
227507 228872
230085 299138
267064 345347
250495 304102
266735 460348
429374 481646
378163 385958
244537 362592
252711 330737
256443 264157
265131 452120
346027 418868
311430 379339
336687 476960
265056 367034
267953 318822
328777 358309
265728 480987
357555 449328
346340 444856
364979 379350
244537 479461
262238 468304
368458 418960
306548 417602
263629 369682
256897 261254
278572 363018
297338 303427
418842 452549
221801 314193
354125 435777
264033 340944
285398 422907
318297 351490
315775 397441
341551 369131
246071 366557
377486 384952
218099 353393
264157 378699
260947 382628
281187 480853
346046 485663
339145 455106
346671 403459
417602 420714
326806 342374
362153 375730
398930 442600
312981 422392
352264 365745
258105 306548
293825 326737
215793 469468
222247 302896
216341 242465
265562 324205
330787 355206
355657 384490
300030 412698
365588 418960
268712 367797
412566 422392
249075 263409
270225 348056
388320 412922
337701 390849
262962 400591
351575 448323
362153 389103
343957 354394
262948 381958
337513 405330
199814 301740
362105 405068
26218 420037
262193 310129
296674 481646
219097 264156
234310 378323
225430 418868
221114 401010
221265 221859
209728 307288
262238 263253
371067 376345
268668 323076
365402 375629
225430 393241
310448 400591
328901 364270
295491 377486
306881 373312
81029 360498
363480 382428
236273 272348
354739 449328
263025 403701
233154 347464
304593 361363
340361 364133
358866 363822
221233 356811
225430 302896
336799 369703
360532 475615
53468 343867
230859 443113
357048 480707
362208 478035
223321 478877
336750 397259
269221 296473
397259 481091
337289 457810
388107 462664
355778 479106
335153 451828
332973 368686
274242 467466
220849 253039
357000 460070
268035 452786
392709 419087
364289 397927
334458 338272
416255 431800
363117 482457
328484 340896
219255 367830
326261 357928
232424 345206
361433 368984
233468 252622
399718 481091
215781 263409
302194 434729
244007 299259
203407 327268
263253 430432
470972 475027
360183 363054
309555 390475
282561 484552
230340 261637
356480 362592
216252 368801
260443 420311
356331 368253
379888 428085
272645 377969
326031 477868
310723 472998
269305 343023
296509 358813
270625 413436
354739 463379
246554 457513
363708 426568
234396 285393
260356 346839
265727 360472
215832 262948
228825 483313
332604 339095
326806 463058
221801 226796
203407 430494
331867 344411
204961 363255
319060 339740
336868 484658
37243 374455
288937 354086
215829 252622
269305 375942
177742 320184
270625 418082
384952 417602
306157 343204
228347 415536
297151 475615
369757 431800
276927 343957
225567 444850
325919 414359
328777 374323
262193 391211
264554 376345
357320 377486
320434 354923
262613 321999
221859 452454
221801 259239
462521 480499
262238 355205
225792 361927
298717 373474
346037 472469
252102 268668
309595 419665
356480 430432
297579 297990
263774 301457
273064 289382
412566 460348
463784 472985
223324 301585
328854 477848
250495 272317
258383 357823
274376 426909
351490 406549
328854 371169
264645 357928
341082 360850
315397 370508
392495 436005
305480 311368
5386 262265
396937 401802
325690 419692
230340 472985
263390 380888
219406 405330
301788 445162
339191 405330
262948 288602
372394 383719
348849 470972
247970 324806
342889 370625
264834 441543
314004 394394
263897 281513
316176 344166
212015 250003
332973 364133
216297 254480
297347 363193
306253 358814
263629 420714
286317 324124
264538 386181
269601 392094
263774 362873
376345 380921
221859 342889
269601 342374
296215 365625
286317 325612
340361 362299
256078 263967
315476 374354
369810 377027
359370 362339
279242 354086
254803 302896
362649 437955
302234 441600
246554 354982
339844 424328
341779 358464
362680 365745
286523 361705
230340 328854
369899 383105
300574 391669
261396 342262
267064 301280
353224 420525
249269 360782
283109 393241
250559 375960
364907 384371
338191 356515
284320 401980
262584 414321
261601 310129
272317 381717
251453 256383
274764 367034
358737 421076
300093 321656
229214 454836
216802 262193
395654 430432
344393 358812
309430 347206
347792 362014
215832 387784
306548 478035
369390 429089
429374 464342
417602 458770
215071 290541
263754 264110
362105 363746
318646 416429
261303 261601
212015 384273
410339 438204
261881 262460
233146 234420
261712 293362
267812 368801
368927 435777
352926 359668
302896 470972
316029 380948
217958 219313
297579 302896
354923 477999
247219 258281
262995 428056
294728 379350
184266 346196
230340 414321
355541 371101
265563 326031
245414 480158
317469 482306
224337 337825
268379 362060
354525 423399
440485 481029
262367 345206
348965 349351
220849 467466
225916 263974
283179 290341
358309 462468
308717 312311
332371 379350
358160 480960
226574 362649
342374 364289
261601 310572
297135 397441
370589 377944
264552 356480
272317 431800
242057 360609
364586 396320
307889 363018
246657 308815
264257 376893
249071 367851
216190 414321
361918 400591
299886 397441
282561 292385
352603 358582
417602 449884
362688 472469
233154 346671
258149 382428
332604 379339
220429 346886
261601 348442
302160 312981
318646 346046
323867 326031
259895 377969
234310 358464
257414 356000
252996 452454
312311 423399
355865 441543
318861 360532
263864 317714
258455 357320
355465 373312
328901 342889
308275 357823
378181 378307
300413 432886
362744 428085
266970 362082
264657 437955
249923 325002
366956 483283
248342 346046
262494 262958
256078 358548
310726 333837
237530 443216
357879 467024
384273 430432
320866 379873
184266 418438
6275 324318
405068 454836
296930 418915
276062 417142
351908 419591
81029 352706
233627 268668
343925 399968
222247 339063
318861 360497
281031 392709
219313 357879
339917 355051
363976 390431
354125 393241
435370 447001
300305 341551
248342 362744
354739 435777
366135 398597
289371 393241
300574 361423
249442 423600
257789 480987
365807 478892
235310 263681
428417 429562
261708 384302
216252 416534
335321 392094
419117 463379
268482 366557
333401 417602
261254 274026
369757 379506
261531 336741
312244 340330
221494 310448
272317 357555
261890 393333
265165 362649
264972 482457
357461 407546
413079 480609
262027 364794
274242 363574
369757 389103
356541 412566
263253 385824
297990 470560
308897 423399
318128 380598
298492 352408
318297 356480
327889 381064
262848 376475
246747 337040
360850 390331
339844 449884
248975 363377
355231 376297
296684 354961
346839 361818
309457 335193
417569 480616
358563 383949
307940 420311
323720 357907
370345 401721
356972 441126
292807 341737
342374 472998
312311 484903
370460 392094
429374 475027
265371 317128
361363 362166
226218 296181
296509 439403
383199 431418
223023 261799
332973 351490
346027 362744
316578 359321
221801 285814
223273 279147
265333 290573
227524 318861
302896 485663
377027 481126
221859 225504
290208 363999
250894 462468
365682 392466
339795 413436
354739 362744
228872 355958
264606 376077
310726 373404
307889 346050
216267 259021
223324 403614
340944 354394
432279 438399
212015 337976
281871 356785
381823 428564
171887 379350
421842 426654
322419 435096
281031 354961
245503 353590
254286 289228
262158 268058
244007 268717
267064 349960
358723 462099
264515 314029
352925 355205
436005 480332
371328 371333
316779 360798
462355 479461
354558 371267
328854 454836
379366 437550
220003 220597
369757 478982
272348 286307
270625 470972
341189 346671
355388 443017
262460 401018
321449 454836
172229 358525
263629 360850
261769 349477
337340 370938
360850 424328
302648 428518
244051 412922
346027 472469
386541 483688
346046 362744
248244 363089
347754 406050
245539 258383
314733 413697
257181 305790
360498 361084
373312 378721
261819 421842
296509 314004
303427 323421
350512 437955
285814 407323
292035 314343
309555 335677
377969 406549
363313 365625
261254 413720
221494 266735
263205 362948
251453 431800
254803 339095
272317 346027
325690 405330
443216 457935
258281 481091
304697 316176
295491 390331
443017 480826
283195 356448
162749 354394
367686 383118
225983 264335
262815 282516
253686 418008
261584 372088
309334 414321
373854 452786
173898 230340
355077 404092
338039 359910
366898 437955
380136 476960
263360 364839
215095 236192
341779 349124
339191 419313
312311 341082
337383 462521
358921 401010
70846 389714
323867 366488
227524 271628
300413 358554
251588 418287
268712 477707
229238 279242
306330 361930
244230 370589
351446 362824
388337 463784
309913 395654
251775 262640
225823 228468
285116 333433
416429 447001
348056 465676
157812 216455
302783 373979
3084 357484
354499 354982
368927 470972
256443 377969
349508 357644
334300 350937
389160 458770
306548 331849
306983 399718
359230 439056
258455 360498
258198 358921
359575 431885
264657 405330
210313 414359
359013 363157
237380 251871
263694 272348
293441 316377
314004 377536
225969 341082
339095 361076
377033 389649
355050 424417
256545 306220
378402 395535
230050 307889
7722 379350
328854 385958
250237 420682
339095 429374
382004 442954
358548 407586
269385 363787
259469 472985
311430 377640
292614 374280
361540 394394
460348 463058
352928 371682
362873 392709
306396 360266
231004 351807
362948 482438
267101 376345
256442 340989
338057 354525
263923 335153
362036 377486
306614 460348
267973 355013
358400 413572
371469 408295
252321 367323
354813 389160
242591 264020
253099 424328
385021 466121
344546 479526
306220 420608
326031 356156
260210 365625
265361 265371
229238 323065
413436 452909
301788 374280
268712 339992
480960 481486
25008 324560
387006 475615
329662 345347
341082 361206
267430 308583
215793 317123
393324 416255
354499 354876
418563 439856
305941 354623
244520 310723
355747 468411
216122 301019
321703 347444
327268 356972
376808 481249
339095 368927
352121 359663
253686 361923
225298 358812
272348 478070
377944 423067
254942 483117
341551 437621
397798 428085
296684 419087
281821 328777
216455 414359
215793 360532
302886 346015
351147 364589
290299 355265
225298 386134
332973 360493
272298 373884
212015 314080
262812 480707
351314 481029
370719 386722
262193 440485
337632 421592
317376 360850
294117 481878
284727 354632
271308 293362
266735 361626
345731 428994
356848 370193
480826 484261
261708 296792
388107 393241
220514 309790
349428 376309
356541 422392
215829 285873
263694 304903
261497 360515
326031 364133
418868 435370
221801 363746
479494 481021
262160 367797
312981 315379
375942 399982
273398 332247
216225 388107
259951 365817
265333 361635
351777 366395
346037 362744
307046 436005
377001 476795
290158 438483
352264 441543
317691 412894
272317 334061
269601 365625
265354 483056
281031 354728
346509 484658
378163 470972
290913 418428
336868 367022
244520 246071
244537 355657
320236 378588
216484 377724
215071 261303
343118 357288
382423 433623
253686 272418
343741 372023
418868 447001
296509 378529
351905 427793
337168 449241
263062 346464
342434 419692
347754 371929
262238 277541
251968 360540
305790 412566
81029 417602
299424 312709
262158 383199
221566 365131
267812 364813
435096 435777
382428 477455
274376 417273
354772 366565
323580 362121
361066 385216
339191 400175
355325 481029
313829 365439
318165 367312
309830 463784
292314 357928
297579 383949
350098 409799
339634 412927
307272 362092
312244 361363
247668 398698
231509 427514
370698 444986
355388 366974
261531 361918
298283 388107
269593 275525
323720 357047
307940 346088
406549 436786
215829 469468
293860 324124
361076 379888
363018 375730
241261 310263
304353 465213
257904 261900
315702 377867
307889 475027
354728 356972
259895 375809
302886 419004
319240 460348
331901 369897
352522 429690
222330 302625
315774 354728
222330 354607
265963 347978
300151 403614
443017 462355
362768 368686
446093 480316
254719 376168
259037 268668
259457 386541
320025 349320
379339 475027
315791 384700
215570 361993
256443 403852
310726 449884
274242 298283
388107 419004
241416 442656
362334 481029
341198 452126
261799 408005
356811 361433
308897 458770
330875 367910
341779 365963
251453 302896
386717 470972
261349 363081
312981 412566
369424 378402
377148 388996
359612 384570
324124 372335
378163 419117
216802 271308
329380 379287
307889 472985
157812 386212
315476 359939
261597 302530
266735 308533
317123 475615
264498 398632
311449 468263
359531 418379
298283 472985
360162 362592
354876 425759
228918 454207
355778 476960
270225 405965
338343 354923
295683 481878
391457 436926
310448 318861
253754 358994
274712 318861
376946 403077
376077 408617
221494 370460
290208 333401
381293 482826
215565 362873
264122 289153
221801 470972
362110 412566
339090 386023
252321 433109
258105 301585
215565 274137
225916 336750
225916 308022
258774 479598
346067 375730
263238 365891
352900 440864
349954 482232
312981 317123
262160 339191
225430 298283
414321 428085
254101 360290
265074 365651
306548 354086
262866 337825
363571 368678
312987 336528
339095 435370
263681 305480
234396 417378
342307 344456
261868 270625
348168 476100
290541 356425
357879 401802
9530 398632
261023 318195
217958 310572
211998 422007
261868 436049
215375 301587
354488 443495
261890 311538
346001 428085
260102 354580
265354 327758
278568 304283
221494 386023
301396 351446
266458 384259
263753 418447
248975 386896
362948 370938
340691 354558
267163 302967
315379 422392
371858 395772
250457 437955
282561 357292
281031 360492
262158 262435
272348 317123
309830 416429
360850 382250
276062 281031
379287 381958
416429 467466
428085 447001
258383 360850
325369 338777
263754 356848
241261 351273
363574 400467
375942 448323
262584 386717
328854 344393
306397 309565
245157 433157
351644 402038
266735 306614
298532 319597
302896 322421
307940 481646
257290 341940
262435 351905
308622 379182
266735 268482
346050 463784
261405 360997
362057 380450
346067 431800
315112 348632
290341 356520
304895 343204
349640 374213
230340 296792
363018 472985
308741 384517
463154 473172
257789 265056
348510 357863
368278 370593
329357 479618
312262 378338
310129 350708
216252 274712
337825 411355
296792 385958
362744 463784
346088 475027
265171 362680
263923 264554
222812 362711
216479 335153
216911 300403
274026 378699
262158 344456
337825 409346
230050 262584
221859 272645
363017 369411
296149 363779
341351 352928
215829 365625
322450 346196
286317 300651
346001 379339
53468 376732
81029 295491
261479 309474
346509 367034
379869 414851
307491 441543
225504 356405
349960 355205
383920 417132
225969 420714
272418 418008
318861 363313
377486 382250
252102 301457
184266 392709
262160 287727
341189 368759
209728 266970
386541 388107
281537 441283
400467 464342
275517 303427
225298 296792
259037 441126
339844 356001
264639 271308
324856 335153
311430 354739
331127 357633
335321 362110
264710 300935
364907 428924
418082 435777
354791 380308
252602 354525
276689 423673
321449 355541
272317 366746
418082 481646
243644 253024
297579 470560
261799 264033
235090 342374
221494 272348
263642 401980
364813 410758
206542 361186
257118 358862
366135 366997
327821 446215
303511 391601
310572 481029
269305 345347
368752 480132
359645 400433
302486 424183
265564 398597
266544 322450
346509 462355
276689 392709
432614 458770
276390 302194
177742 384952
346050 464813
216106 448598
229239 347184
296674 472985
266254 453273
361359 382423
296674 332604
328854 362105
346037 355315
362166 380136
272348 303015
247668 263464
258301 376792
359356 378295
296181 341189
345957 431800
224181 322061
231487 348056
337632 397927
227524 424417
172229 376345
370625 484525
322450 362873
260102 403614
295888 306866
283875 406549
360242 363708
44462 364016
359345 404375
252102 430494
211998 443495
264883 316032
294129 295685
244520 300413
221132 241261
236918 341838
264159 368458
260270 268053
259469 302886
341082 362208
271640 440440
245932 319635
265421 367787
261015 460871
221265 299601
385824 430432
341082 420714
315680 419975
229390 376276
11653 378786
308179 344393
271452 465075
316054 344456
172229 359719
262407 452786
311430 354040
261708 363746
307208 480826
384136 398632
215565 430494
354040 428085
251849 409581
256897 266970
222247 274242
262584 362744
225842 326432
230658 360811
258091 351646
325919 362334
248553 432083
261497 481091
369176 418803
341680 357674
356042 398632
225298 261708
292475 355265
373340 476960
351490 370936
260210 412566
266991 296575
266458 324560
386541 441543
258455 318158
354728 369176
385958 463379
279242 363999
316032 471191
219252 340823
254193 419270
263780 317468
227524 273541
264110 332973
347184 386759
222247 419117
262193 362334
228682 297261
215832 363318
223324 258383
291547 405890
363661 392147
352252 484789
238855 327694
398736 441691
291576 328854
250495 264414
352265 453273
274311 309830
389160 441126
332973 349259
356811 470142
344456 421689
362680 380638
316042 361927
297579 301764
254066 384018
279036 309430
347464 355645
234396 290949
327268 330787
354086 484903
244007 362710
246868 268206
272348 362803
345347 452454
335055 481038
254193 370460
317376 339844
263253 388510
264709 480826
225275 264613
371469 376440
357005 375960
346050 355315
272928 403701
262415 424417
259089 261799
253108 472985
328773 362361
324511 380824
296684 360492
386717 447001
362680 373905
292782 326804
341779 478767
304283 393392
265339 340305
320566 359518
260210 271628
254958 313875
295797 433623
262746 363822
269141 304669
379506 463784
215375 284727
258149 376077
307940 311430
299106 383376
382250 417602
365851 384490
295797 363921
254193 310448
345731 363480
342755 379721
314004 478501
289371 346046
332604 435777
274376 276420
253108 346067
268712 345206
230340 478982
367406 399982
303315 379330
262895 382428
283109 414321
355657 361473
419465 435233
216366 358582
335153 483825
309334 346050
378974 381607
362744 447001
379894 381364
328854 371101
243706 260372
260570 264538
216122 264156
339917 360515
277120 447241
261461 378306
306003 355265
296102 423399
261303 310129
331019 346050
221859 348168
225430 397798
384273 385523
263408 354458
376269 405330
261769 275493
278572 375730
361465 378736
335592 365576
274242 359345
380820 479494
251968 388107
309334 428223
362268 387262
341885 388107
268668 367939
225430 388107
344666 349259
429931 472469
280700 467024
356807 363661
268802 435096
313851 369497
378326 460971
266735 317123
341940 386881
253099 258105
316779 347792
257430 359206
312506 379350
308541 355627
270625 464342
389140 462468
348461 359910
356848 417510
379111 391592
269385 473391
216373 376345
286758 362795
360492 423673
360798 370719
258455 339844
362334 441543
232501 339881
216160 368215
346196 369176
270861 427550
297579 321449
262367 471896
258648 362948
365016 371067
266544 423673
326813 441543
53468 424328
272317 298283
248553 307786
344666 427772
296782 379975
266970 413720
254227 431162
305422 386165
254322 431512
262768 265983
376056 410059
216225 231948
244763 317331
293860 478303
260210 335321
246071 362110
362873 418803
263205 481920
265563 359719
403172 481646
366999 462667
223321 481029
333837 363999
367408 450337
377486 478035
296674 346015
310260 327889
339720 354876
339881 483814
344546 392617
254803 370589
266544 354554
261868 318646
384048 476774
297261 361266
254976 314214
228347 347345
348838 365851
398495 412957
221114 259632
232888 291576
169551 216034
361066 388510
266079 365625
264832 441691
284637 309597
295927 356399
269305 352257
346148 360290
355865 380178
376123 387246
252602 331849
264951 310596
310726 338057
306625 351777
44462 304697
315774 362873
305449 332274
301765 469240
225969 290208
256398 379267
264657 315768
338573 354040
264515 442924
261349 363826
318646 363676
270625 348849
262584 362153
309415 351926
369757 452909
346001 403172
362592 395535
259469 355315
223324 264995
264335 379287
360492 418438
280346 369134
368927 475027
309474 396937
306512 357103
255194 347416
359804 434359
261245 403852
283290 363970
268712 384371
379372 384597
286827 381097
267064 378307
215730 263864
366997 398597
262640 294179
286186 347979
349508 362592
308750 440674
299166 354961
302160 392094
346453 352252
264645 276201
428426 470252
223023 295685
300651 357907
278572 346015
339795 345957
324122 364813
261479 293362
278572 346027
268058 478927
326031 378769
306548 341082
357879 388107
322421 467466
356602 469240
262904 302967
373312 428564
320147 352516
331310 349960
261769 451300
267101 403459
326519 367203
339844 363999
340466 466134
272348 422392
243253 337688
267101 269571
428223 464813
310332 444596
264552 361540
348527 377007
272317 429931
310448 363313
296215 424417
272418 362036
320566 340330
253413 290949
384952 423399
270517 323076
296215 351137
366488 376475
227524 339090
358812 369757
279242 347277
369899 456405
415536 444136
326888 334008
215829 344241
330341 343204
292614 379372
321449 369757
269321 272233
265362 265371
348442 355325
263980 349467
258886 344866
354125 385958
282588 316029
310520 347978
311344 325074
336666 358582
264657 384273
273853 281453
276689 355206
289081 308583
436049 485663
379204 401907
337289 362018
320503 476046
263382 443017
356953 364649
312981 410758
379287 401303
256545 334037
238738 253861
376056 477781
346015 346067
272645 285398
251453 447001
333277 381657
348168 452454
262584 435096
356641 456340
346027 435370
267012 360798
289371 378163
346001 472985
224181 360281
297540 384863
318646 345957
275603 376946
229195 320949
361800 474032
302896 359345
430432 443988
266674 443824
317128 357268
199814 266735
55077 371321
261637 297579
230050 449328
302160 469468
349679 381167
302160 315379
367721 448054
360498 361206
281031 339720
265056 418268
379339 472985
339795 346015
265753 293831
227524 269349
344352 362649
311430 331019
315379 324122
221859 301788
293831 429931
221419 349428
246071 396301
352900 447149
370938 482438
346037 447001
440005 480301
268379 332887
260102 380466
330787 458770
254810 263754
341189 403459
307940 346027
363817 477707
369154 426568
379888 429374
283875 328901
288937 352706
386717 414321
212355 221930
359345 369757
339795 359345
285116 319417
223321 359910
261937 480043
251871 337340
297579 327179
301838 356694
261623 380450
290208 306548
312455 347979
368927 485663
253099 343867
322419 354739
221138 477868
264606 384018
274054 274606
263360 365851
346088 379888
256443 259895
250495 340505
337340 481920
379339 419449
414359 478877
296577 318646
333277 373340
279146 482075
233146 355506
264893 268231
276659 368516
219313 351314
370589 454836
270586 359910
263774 315774
272238 352522
209875 480826
345957 463784
379506 420311
221801 274606
392094 424417
236850 348170
244520 266735
355325 396937
267101 335153
261479 359910
261712 401802
355778 367034
226796 332198
322419 452909
322421 369586
265056 265728
384708 416606
264110 473172
310042 363574
320184 369682
215829 319341
434995 484669
277010 324173
262895 382791
210313 310572
312311 417602
310226 394071
261254 384849
307889 346067
281828 320309
225983 365858
377969 395654
261558 336666
253108 348849
247970 269305
324173 358327
228872 274255
346300 361263
386717 463784
340989 379287
359345 472469
354665 354728
302898 313950
222247 385958
403172 472469
310448 356541
295683 312999
447001 452909
229829 390431
215565 252711
325074 399970
301019 480987
230050 472985
311430 414321
356954 441691
342676 426941
356001 424328
310723 342374
343204 354394
345206 364163
44462 483688
224337 428924
3084 432083
245255 357812
330633 359077
246554 306397
226796 315182
367318 416696
261637 454836
370698 450565
264926 441543
230461 371070
357555 447001
346067 418868
344456 381382
346671 480132
341268 358335
217901 299518
335321 460348
258341 452120
364404 364589
262850 424183
348099 354621
263857 403852
355656 479106
349640 473172
264634 364860
243077 401303
222693 339191
355533 439281
266544 330737
278412 480826
369871 439056
320117 365891
293777 370938
241014 303634
252593 291759
281928 428982
244007 431418
295408 331831
216274 360215
262887 265421
259467 481878
318158 384952
293860 378736
368831 480853
267935 365401
309474 356425
272418 357823
261845 449381
341826 361927
359866 363708
359398 447650
244537 313983
272418 384952
37243 324560
379350 442600
236273 358554
358867 481878
305810 463393
268802 301364
339095 393241
352257 484288
235090 433919
371067 431885
257904 340989
393241 419449
244230 363746
266126 273783
324173 378294
482564 484841
219548 332973
261973 346986
266735 303015
215793 310448
285814 402338
253099 377486
356541 386023
386134 405068
299424 339917
351697 420176
297579 326981
229307 259915
267750 420608
253108 472469
307208 366999
233627 419087
5257 355605
300574 340944
355657 479461
255631 364802
259512 381282
367991 402000
384302 477848
260102 362208
258149 269305
403459 462468
267884 312066
261965 480316
355013 478303
272418 317376
215071 481029
391669 431984
218089 298767
380948 441691
452909 475027
380794 405575
238497 254950
261023 336829
337340 380888
278193 345731
259457 290541
184266 263774
237642 266458
265563 385749
233627 362873
264414 479101
362680 365891
244007 387784
340271 375942
350267 373340
339095 464342
278947 364586
337838 357480
354558 456405
236192 466298
245479 263253
283195 296509
249442 387262
362036 382250
279242 424328
346300 354952
266544 327268
298283 418082
335463 363055
239938 379330
333401 420714
264414 338157
359531 370193
230050 253039
338272 365858
215793 266079
305288 385142
307786 448165
340989 366863
355155 382428
262367 419692
233468 412566
305682 312311
362208 369682
300651 326767
254616 257245
271628 360497
244520 272348
353600 378570
363676 369965
263317 363089
344456 473172
212015 264867
302936 380308
282516 323421
326806 425561
359910 386541
300151 338389
252818 263253
240055 396620
321449 470560
219252 286317
261191 355961
217958 401802
247668 367830
464813 470972
253861 425587
262866 264033
362105 477848
336790 448665
257118 318094
261769 263087
309334 346015
369757 393241
287600 367766
162749 376505
346037 467466
303830 376345
389103 404375
242776 421592
232975 278317
243903 352925
252602 424328
300093 313869
261531 358554
420294 473391
339844 357823
330787 354687
222812 263864
248572 265717
400467 464813
480826 482564
291386 359531
407586 479844
286548 305426
253413 308122
352257 355759
265963 370625
222823 375872
263974 418379
364404 384109
53468 279242
264335 333982
259469 378163
288937 373404
373404 403614
259365 484342
339740 381412
272317 435777
249299 306614
228872 362082
249923 480707
322450 418438
365858 412302
354739 464813
249923 329419
309830 435370
218089 372689
278616 347232
295888 358072
346088 363676
313851 354720
362768 364519
261712 363993
225298 454836
247668 359424
390621 415056
364721 432768
369757 386717
219252 359531
366974 479461
303754 339992
251900 263360
315775 390783
46794 472929
354813 441126
230340 423067
342858 416387
403701 433623
356702 420037
341885 385958
262238 307272
325074 378769
248342 435096
358238 372295
215565 354687
226574 384273
264606 306330
414321 426909
254719 269305
263774 346196
352536 357863
401980 464030
272298 297494
352252 480826
278412 319104
199814 319240
356641 364589
339095 369757
283875 354633
326981 358812
339095 344393
348965 349679
268661 355315
479106 479794
316114 359295
222573 293379
254480 396704
256443 261900
219476 371267
371067 470788
264335 361930
260746 344942
355541 385958
379339 436049
384330 404570
258091 295688
301764 351147
362592 369424
260210 302160
351284 376077
285298 376732
272418 393241
246551 480609
480158 481920
3084 481878
298139 372088
290158 446215
264606 405330
278671 354558
225512 287934
53468 333401
265986 387662
221801 472985
355315 362744
354560 364864
227524 362803
386717 388337
215730 314214
200181 264335
251453 418082
355966 426654
296417 484789
259239 423067
243644 418960
317123 463058
388107 447001
309334 375730
266735 342374
301067 405330
351137 387006
7722 388325
272424 306320
216223 391676
389160 418842
258091 275603
263121 379946
287437 358019
260361 362873
389103 418868
266458 283290
376368 432472
258455 361206
264657 376765
268802 472985
364589 483236
223324 354580
278572 420311
254976 305613
355388 484789
302478 361465
364289 470142
5340 356230
302896 362688
355645 361824
272418 296102
346050 435096
264552 434614
397552 419692
260408 483872
222247 346015
345957 359345
325905 359988
279242 360498
222247 447001
229595 315700
285814 338862
295491 417602
296684 417142
184266 322450
272238 417378
318297 346464
266970 364976
215730 363054
263657 369757
259324 338887
257904 266970
234310 418447
328777 444986
304895 372088
319279 358335
232975 354488
270625 356548
266126 364119
302886 309830
268482 273541
349640 382863
357644 362592
354499 367939
219252 351218
331682 443191
346509 484841
209728 343741
155840 348573
314615 440005
361433 374354
259089 482457
229379 428895
307889 428223
301457 306397
246071 386023
365625 392094
257181 410758
361998 406549
243903 375639
333277 367034
329757 379203
326031 418447
230056 260653
264995 347277
257789 297431
339090 357928
405890 453793
370589 405068
274545 335592
7722 222399
230449 238738
470560 472985
391249 479861
235090 349508
262030 284727
364119 445077
316029 466363
252602 420714
254810 363668
366434 405965
308022 316114
364813 387006
215829 260210
260383 367049
266735 269601
263208 379894
256442 311083
272317 464265
427695 437271
310260 429065
270625 419449
295491 382250
365891 389631
254337 352928
332296 419692
261531 366557
316032 382779
264645 319240
336741 343054
254605 337976
344220 362680
418695 481029
272418 376732
378350 421842
309572 354558
274376 346671
216277 315791
332973 437621
261396 373312
328854 428619
358140 470972
346046 414321
225430 435370
309474 310129
241014 381070
343325 400175
261868 385958
359531 476100
337194 460348
274311 296577
379506 385958
264972 300692
184266 355046
344393 371169
300935 356231
276585 361206
369757 463379
216122 265056
295491 384952
342676 420714
173229 406022
346088 361076
362744 416429
332604 370258
252602 417602
314343 357907
290949 302194
346015 377640
259951 379873
435096 481646
300413 366557
256474 346839
371267 379287
244050 332973
428924 444986
225916 429986
479606 482835
296674 309334
298283 378163
332973 351250
382250 393241
244537 436786
270625 307940
316032 380820
231498 342262
341189 417273
270625 354125
323867 360290
261584 331310
303942 329380
250405 376943
379339 435777
353099 398890
267012 347792
374213 467041
298310 478783
301740 392094
354525 362208
277541 326366
348849 364293
426909 481646
306010 429900
245451 256759
317376 384952
270625 435777
357823 417602
231572 378191
338010 343204
351137 392094
375960 402060
268058 351905
216190 358140
368349 420176
262584 346067
177742 360850
225983 262133
365462 419027
260443 386717
256078 352121
356811 359939
346671 462468
272418 377486
354580 458770
306881 463393
307889 418082
81029 288937
283109 379339
274137 327268
341094 482674
361800 384290
273853 377007
339145 346725
346671 483570
323588 344456
283109 346067
377486 423399
316029 356042
363318 376345
263774 281031
233627 299166
318128 447537
292614 328901
155840 290310
221801 297579
354580 377486
355645 432660
354859 358513
262948 371267
262584 309830
258648 377686
221859 476100
232888 384302
364907 371505
259873 342676
230658 392466
216038 261700
268035 387784
278616 365588
264187 363827
225655 349960
268661 309334
375730 379506
308717 484903
378704 382800
225728 255764
266735 358554
274764 482271
217133 333326
221494 464050
301364 429374
339824 369442
334061 446215
261637 291576
363817 381185
364016 396937
272317 476136
288937 296102
301788 476948
317159 457513
255476 305071
305422 360266
315693 356256
345008 351807
264716 336790
363840 379350
264335 363377
302194 417378
374213 473172
225969 362036
275493 442460
278616 368100
367034 484638
371067 387784
362144 368468
172229 277120
282561 355675
316042 400433
222812 254976
264951 373715
278572 470972
435777 472469
366998 402935
269141 281092
271638 346032
336842 340330
264028 402346
267973 364543
253462 276533
262519 442924
333401 339844
358464 378306
253108 354125
220849 354125
316176 325677
298552 371267
316176 388107
216911 360025
378721 385432
293883 483814
403459 428340
264414 273963
358140 429931
216455 355325
248594 267257
370460 422392
340944 428056
220003 362680
377508 382004
351926 352603
250894 341189
272348 386023
418695 478877
297151 366557
317376 426941
379339 435096
233146 406490
231509 302961
171111 374455
228434 305416
313603 355315
290246 339467
259512 337053
294008 328940
355265 381736
409581 444986
342889 356405
250003 262367
244007 362680
377486 417602
381382 452871
266735 301740
312311 363999
243997 306003
260210 301740
358335 358997
420026 458770
356848 397259
378350 439403
265062 369538
287490 457513
362208 373404
420714 461930
347507 384330
336666 351926
361076 363676
216714 417864
386717 388107
289371 346088
229238 308897
263645 376899
358812 377944
361824 443495
395535 430432
358854 370201
361206 426941
222390 340944
264995 279242
291547 364190
308541 366307
216223 343204
263657 302896
245323 337451
339095 463784
296684 362873
303145 404042
367029 478303
257904 419782
462667 484658
342676 461930
274242 452909
364320 455106
346088 375730
251968 304697
331849 403614
275603 280326
289081 367910
298283 472469
339795 418868
354739 363676
270722 290921
269142 358854
377944 470560
339095 348849
333837 356001
346509 480826
227524 411822
358716 369131
204961 417273
216225 280098
253686 317376
230449 355605
323511 421491
348461 354251
346196 423673
265245 464342
318646 385958
261023 452786
377840 418081
216714 305480
378402 384018
302967 332296
350036 477973
346037 386717
261023 364133
457723 481842
345895 444029
265350 314343
309830 385958
306512 481878
261942 331487
263967 407586
321711 368017
296795 351273
269305 451300
216225 456340
234420 355506
279242 373404
346050 428085
221233 323046
234296 264156
376849 478516
356448 385334
364016 478877
296674 452909
376345 381097
259895 301788
251595 348170
293860 361446
237889 330737
346001 346027
315397 376732
258105 305682
361923 369682
317039 373952
292303 474412
268717 376345
310572 351314
215730 317714
250495 350512
362578 418960
339095 429931
308583 347232
216106 362592
346015 389103
249071 269321
305790 434359
363089 397082
312618 351737
260210 363313
325905 452123
263640 383003
292807 338777
273541 358554
312311 317376
364589 442318
363134 372295
337477 430432
268231 402000
281031 322450
292614 364578
317159 354876
355315 420311
251968 317468
362649 364929
219476 361930
348442 401802
272317 467466
325562 345445
266079 300413
306614 469468
300413 433919
264637 384018
276062 354728
309830 379506
373854 379350
376475 385749
242591 320359
222812 363054
354040 362153
266970 288207
393241 435370
219255 364133
308897 338389
262189 326519
259457 357879
339398 364080
354927 358335
378563 447942
350098 412894
351446 399718
310129 364016
257829 261708
263918 418447
299163 360689
370193 379372
272317 403172
352925 359518
339095 463379
416429 481646
203664 441543
338057 347277
257829 358812
259605 381717
307004 484288
310623 420026
354739 377640
323967 341805
400467 414321
223023 376024
265773 419765
403614 484903
318646 346001
354961 419087
211998 324422
230050 346015
243563 318861
346196 354665
324124 355013
227524 301740
264515 363929
346694 376309
354961 458770
308275 361206
364289 416255
326031 337159
379339 431800
288937 363999
231790 234420
307208 358160
374309 452120
362994 454207
318128 359398
315379 392094
375942 476100
251968 297661
237530 424544
263253 434552
272317 397798
267202 324810
262888 349467
301050 355192
260645 272286
301071 479322
299424 358854
263390 293777
311502 378015
314004 477760
273064 399862
431418 447241
243903 397552
266254 273598
264933 378721
220659 351575
359612 458715
313199 363745
219905 473172
314193 384302
265350 292035
266544 339720
260383 311500
312311 384952
280326 286788
252996 263754
290299 389649
267812 300413
247219 358854
223023 268182
354739 419117
215829 478070
346453 476960
229214 230340
309555 364839
256442 332353
396937 478877
261427 349957
43402 376048
300688 301587
349016 391601
296782 456405
346088 400467
216252 365625
294179 450731
397552 406037
221494 317123
483283 484789
215793 301740
272348 351137
258301 358126
357823 382250
290541 293362
254193 387006
216455 261601
262030 292475
309572 318966
209875 254810
358140 379888
246554 354499
346509 352252
212355 355896
291295 378323
363574 386717
301364 393241
364016 384211
53468 341082
297990 302896
303634 346671
223324 484903
326767 362948
357907 481920
355206 423673
220853 267750
250894 337825
290663 337340
300688 389649
346694 349428
346037 379888
360497 362110
371169 385958
343957 369553
221138 358464
354952 401303
309334 388107
221138 378769
261837 286548
229379 354876
356694 483570
268661 361076
365312 387784
296684 301457
352925 467041
385958 418082
358840 401770
223369 344299
253108 293831
347942 387784
276585 390331
253794 367299
53468 306548
230640 366135
253861 400713
293777 363193
300093 371475
312624 467141
357722 376345
270502 320236
308717 449884
355533 373884
315379 380336
346015 346088
252996 340271
412566 432886
405575 469240
296102 338057
225737 376475
78429 262494
221494 360532
226796 358563
231887 363089
3084 302961
361465 366828
306157 383641
264156 276533
345347 359531
296102 360498
467466 472469
362441 363668
233630 308750
339328 441691
356520 428085
246071 363313
347792 351926
387006 400591
235090 451080
248342 393241
268717 376167
221138 399970
297579 328854
261558 358582
238112 298875
255631 364801
360532 366557
259808 341268
339917 362068
259808 312455
268712 370104
295797 358525
54666 363054
302896 418082
233630 269397
300151 308897
379888 449328
233627 322450
266254 464780
264972 337825
250617 469413
272348 342374
303522 321106
317159 392709
259469 359345
355046 418438
261819 264552
305422 339992
308725 410732
369682 426941
302967 405574
268712 415243
215565 369176
363318 401303
435777 472985
312311 420311
354837 360280
252622 469468
263168 354947
245414 377218
269305 378402
256383 332604
379823 452786
233468 312981
273047 370208
253699 273047
346015 435777
261601 396937
222247 346001
362744 369757
228284 280377
274311 296674
308717 323065
264712 385808
295899 357679
301585 317376
224950 380762
339095 436049
361076 464813
301396 406549
256443 476100
360850 417602
401303 428340
349748 354346
229238 306548
272427 484855
369895 370119
334448 358867
346067 418082
315644 396308
261637 383949
341885 472985
253099 380466
403172 413436
261597 271452
285298 318158
266735 302160
270800 375795
358854 362068
381216 387911
272418 320184
355657 479617
264639 384211
325612 357907
354251 417273
216225 393183
429931 470972
361465 380904
184266 203407
318646 346037
286317 297347
369857 418960
19317 349824
367034 479461
309830 404375
261637 470560
384109 456340
235329 420617
318297 436926
326981 327179
258443 335076
258654 305442
357206 419782
215565 268668
301788 340823
378163 379888
320117 355605
229214 321449
366998 480853
261623 380334
219313 478877
245414 268638
164133 324804
325074 389168
363822 426909
268712 356426
264389 268717
55077 254719
362688 431800
352900 385523
288937 295491
245539 370508
258383 279242
354580 360498
336868 484261
264051 351209
263774 354813
256429 369716
44462 362334
346001 475027
264279 363746
268668 354665
284669 370671
261973 362110
317334 376946
363286 406046
361076 472985
259469 289371
358310 380948
278572 472469
264552 304697
254630 418008
172229 330694
369424 383973
377536 378529
233057 314733
238682 262158
371475 475814
267812 383949
317159 354982
245255 251864
358812 385958
258416 326806
251453 379339
362744 467466
262971 341551
357097 405338
299166 423673
323867 359719
362424 464443
376097 478303
307272 379287
44462 309474
302896 361076
261868 429931
236850 417138
200135 311429
221138 412324
356520 418960
229238 288937
292035 297347
313007 470142
262160 339004
264246 332049
263726 392466
229179 436679
334448 478892
263967 361359
205402 307241
359910 481029
306330 307272
355217 480853
264335 321656
215793 305790
308275 373404
263253 358404
216225 442318
307288 314505
225504 319104
274242 377640
301585 417602
346001 452909
262238 336842
260810 260947
386717 449328
312002 345347
262367 379441
302783 392495
355388 355778
296577 449328
268711 325612
356548 435370
262962 317123
268482 360532
262160 479618
318861 335321
356972 423673
269141 326366
252996 399982
358867 405330
256078 289153
230050 283109
378163 452909
216223 296545
304697 338413
311360 312995
309555 417132
259239 455106
275493 406209
317780 356972
414321 429374
244537 480960
301740 302160
221486 308193
312455 351273
327179 362105
358554 412566
415556 451235
324122 382863
307705 336687
264552 353549
326981 371169
233154 314067
380903 416341
258383 308897
216237 370936
371267 375711
365891 413625
262419 349640
249396 334061
260762 447300
353735 354522
338844 362339
363571 368169
364119 435777
292475 377033
290541 362334
264414 301738
307889 386717
369497 372088
379364 429744
386541 440485
378307 395654
225430 464342
254719 408295
168712 410294
337168 428994
393241 481646
260443 428085
215829 360497
309913 419465
254657 359206
353224 385834
264157 362361
347232 356243
365401 365477
265062 320291
338039 363993
305682 484903
388107 403172
359719 376475
419087 423673
263253 357000
423673 458770
225298 314193
278572 452909
404375 464342
298283 452909
315774 323076
331019 385958
379888 419117
228872 264335
261837 393333
363313 364813
209728 297431
264020 264538
268482 357928
296102 323065
326630 357644
253023 417706
336687 480826
355966 363322
257430 313829
297265 411825
262193 364016
357591 392495
309830 386717
337065 386884
247843 362166
376297 381167
329418 356713
258105 484903
366999 484789
264606 348056
356646 387356
300589 375872
346015 481646
462355 484658
249923 449270
315476 356811
331857 376849
349679 384290
359663 362994
261942 351777
309334 470972
296674 339795
305790 319240
374280 480158
363591 381185
317473 344299
349679 376297
259895 445162
348849 356520
366557 415078
334448 400717
220849 302896
345728 430598
233468 246071
325369 428787
276420 343204
254719 307288
334308 385616
297135 299886
346001 435370
329662 344504
346671 398655
320147 341280
325827 428564
210313 396937
309591 360485
291295 413496
261890 331342
320485 349960
362744 403172
333685 396467
269305 298139
359910 427562
230640 361433
376297 474032
294353 444856
281031 315774
274137 418842
177742 272418
358854 418379
298139 351284
261601 414359
256458 401399
252622 315379
338283 384517
307288 480987
386717 463379
307940 404375
261769 401277
261868 345957
262415 360464
242208 256759
346120 407323
326366 355747
254810 462355
260102 373404
220812 294304
263774 392709
306220 334037
322421 339095
305682 417602
217086 362592
262741 263967
301067 351446
261868 368927
252622 310596
375608 452780
261837 359675
300413 387006
393312 447241
369810 404704
359866 361107
301585 380466
300060 340989
351141 454545
215570 438455
251453 478982
251453 475027
326767 337340
217964 302967
387662 481878
302234 379140
265245 419004
362092 456405
7722 380948
355315 397798
383118 469413
229769 383710
246554 367939
346067 378163
227752 290200
271640 287820
264033 346300
216133 269385
233154 368190
330737 362873
354822 360242
356814 451235
215829 267812
352252 355656
229195 445508
369424 417132
221561 290921
254337 393183
273064 355279
225430 481646
323065 449884
263062 394417
232975 236918
361446 366828
321711 359939
263974 362068
290208 305682
311430 472469
358983 359424
316779 479618
360532 392094
351141 401277
242057 327048
349960 397552
216225 272317
266544 362060
255764 481920
363676 379506
254803 326981
276533 405726
271308 414359
228872 361930
322142 354425
252602 382250
256443 265734
252102 330787
360141 360973
262584 470972
262584 272317
261558 263270
420311 451818
268717 304147
272317 340896
340507 484841
81029 333401
219905 351446
199706 361084
362744 435370
305790 400591
298283 354739
257118 308750
253413 367697
281821 355026
346088 403172
296102 380466
306245 389377
265727 382428
264639 396937
308461 351338
233154 362680
233627 418803
377944 454836
264552 348838
274813 281317
329418 376345
351646 368752
312311 354580
307889 481646
339109 439403
279242 338057
349428 416255
262850 362092
247843 312244
291700 354947
382250 420311
230449 425587
327179 369757
361021 363921
452780 477563
210313 259457
385090 433138
225916 397259
367939 425759
317334 377958
312311 446252
215829 266735
254480 323967
262367 361066
346015 362153
321706 370119
264657 423673
262160 327959
199706 258383
317159 354554
251595 357555
364519 398124
277541 368169
296674 322421
412894 478982
317123 362110
216225 284669
254810 484095
301050 372169
362306 379144
261889 362480
307940 467466
263754 360515
261868 302896
257904 262662
259808 362994
308583 333283
254810 481486
253108 362688
250448 363822
403614 424328
345957 463379
272348 360497
339844 352706
387286 480332
349467 364586
265963 422907
351446 359837
338413 381717
339795 348849
274242 346015
318646 393241
261751 359285
229795 239223
215829 257181
229829 353099
265371 376753
361206 377486
345957 429374
297151 360532
234170 317992
383042 398824
290158 362728
222247 379339
223324 377486
229238 431040
339109 434614
347232 373952
326767 357047
260010 376445
266735 300413
311430 339795
352252 484638
293379 325527
322450 441126
360280 379350
265081 265849
237889 252102
251453 357555
287820 363817
400591 478070
266069 420333
261819 296509
351664 368759
358525 358997
393333 403701
324122 339090
315112 392025
322419 379888
293379 346839
292599 434552
280098 331682
368686 427514
357858 363322
228945 400175
370193 418379
349923 361186
251871 428982
169551 356256
323663 393139
358140 425561
269397 358862
215565 281031
217402 343742
279242 384952
332103 452521
263253 384273
225983 378402
418803 423673
348838 358862
353864 368169
363787 445704
340823 445162
300574 365016
55077 262315
361892 462099
345957 346001
319169 342374
268482 392094
300055 390849
393241 467466
293777 481920
264187 384169
297431 441953
264867 300651
265339 388107
216160 398698
346509 355778
363089 390651
307889 345957
215793 246071
276689 327268
310933 337797
306548 363999
303192 407586
364119 431800
348965 408910
263253 437955
272317 363676
262584 354739
331019 346027
263253 329357
248594 401303
244537 274764
261799 274376
382972 422392
156471 362803
368104 452126
233627 330787
302886 363574
247219 312709
380136 480826
263629 357320
358160 484638
308897 363999
268712 296504
360672 383118
348849 379339
268379 306397
438262 478927
220849 385958
369965 428085
339095 346088
267257 469413
262367 385216
347451 376048
259469 348849
261868 467466
276390 417378
269305 385571
303015 335321
300651 325612
315791 336752
302896 418868
262367 444198
44462 259457
366956 480826
296674 356548
289153 359663
342889 351218
324729 361892
345957 379888
356785 367049
355325 386541
354566 354782
293777 314343
336750 481091
258455 393241
301838 398698
286091 300026
252602 333401
360850 423399
329357 437955
81029 376732
277541 480421
341805 395654
428426 452454
472985 478982
394394 439403
356982 368970
231487 367208
308583 466121
435096 436049
225728 286317
257181 460348
300413 368801
462667 480960
223129 406046
216225 376808
302896 429374
245539 341082
345681 392466
262030 401770
354687 369176
284523 364860
246071 361918
263754 345571
296792 428619
44462 261303
231790 418960
342889 375942
260010 401399
354525 361084
251453 332604
318297 473172
222812 259400
368190 417273
285018 286201
360492 389160
261303 357879
301364 435096
305790 380336
225430 363574
331019 435777
278572 355315
318297 349640
300413 318861
233627 417142
261900 265343
243997 300688
177742 361206
380427 389631
344241 403310
220913 368349
253099 312311
277541 292599
298552 340989
245539 279242
302232 380877
261497 316114
246554 287490
332604 393241
333283 442336
356541 370460
244230 470560
278412 365042
262962 412566
287647 369497
228825 295685
355279 427695
332604 419449
257430 421689
265245 428085
253023 274255
199814 424417
362208 420311
206474 439056
250448 405330
363018 464342
290208 373404
322419 379339
225430 414321
266079 317123
331019 393241
298283 363676
262584 363676
268379 417142
328088 331327
269305 344635
419117 429374
268058 269305
366999 480960
351905 373574
283351 330289
331019 418082
363676 452909
309830 452909
371475 418960
259037 276062
309830 379339
309572 352257
385958 452909
253108 302896
308750 358862
355541 435777
332887 425759
302160 310723
318861 469468
351015 356840
320184 360850
274242 355315
364133 427793
263464 361359
346015 428223
301280 320485
268035 380432
244230 321449
356425 359910
278823 383973
341826 349428
367316 452786
355541 405068
317159 362060
278572 397798
261868 346050
478187 479860
369682 461930
244537 332194
278823 369424
260210 392094
261245 342889
354360 368678
256442 266970
225430 369965
13807 233146
261890 447300
362744 418082
346001 435777
386181 404122
229214 326981
287598 353549
261461 311344
221494 434359
304669 344456
309555 442924
266970 274255
252602 360498
280665 478754
253686 263629
304236 363089
364885 479618
375809 428426
272317 283109
288937 306548
292303 308541
306548 361206
385958 397798
355046 423673
266126 353575
266970 360623
335321 357928
367299 421380
298283 346050
356480 406037
268035 269571
339844 347277
429374 435096
199706 419370
313603 377640
357858 378350
392709 452549
278572 283109
340361 368104
253247 327179
346027 449328
274242 449328
365016 428056
435370 464411
301396 318297
246554 268379
251849 288602
250498 295770
360293 375960
200181 340989
352900 362649
428085 470972
254066 256897
300151 377486
267750 380322
252999 264144
300151 323065
267064 320485
248975 288602
349823 369411
264995 478035
359345 388107
350098 389182
426909 449328
292614 299601
299166 418842
437955 479618
449884 484903
249299 364813
357320 362036
281453 300093
251595 346050
366974 366999
355279 482128
367939 430494
265963 285021
261303 270586
266376 272298
266735 286307
276062 360492
346067 362744
354724 420294
223324 384952
225577 397927
267257 314067
264414 312397
302478 366828
355315 463379
296526 428994
259037 389160
264414 376167
261819 394394
320485 341805
271628 387006
262419 264515
341885 346050
277541 328169
270625 301364
274712 302160
389103 403172
177742 418008
343412 418960
322450 339720
357863 361219
360492 417142
386717 397798
338343 370839
269601 380336
346088 357555
328854 386134
221494 460348
351185 353793
253099 347277
265773 320485
253861 370695
306490 409581
360532 362110
222330 368169
385523 419692
264709 271640
274764 341094
344456 442954
407586 462099
378163 403172
447001 475027
341885 475027
262554 298130
482271 484789
256443 429089
319240 387006
157812 311121
363993 414359
340944 370698
261531 360532
294179 315775
386717 475027
319482 478474
266735 362803
249647 363054
430494 485401
354665 418842
253099 354086
260443 419117
301585 360850
266395 360502
323065 356001
222399 261023
236918 361636
262030 300688
157812 372155
254803 383949
270257 300413
349467 477999
203407 317159
252602 306548
346001 400467
341247 470142
312311 315017
248975 302486
296102 373404
287820 361066
225983 362768
296792 321449
317985 348461
253462 262105
81029 361206
339191 363089
344456 386665
354086 419370
261303 261712
378323 389168
216160 247668
229214 362105
219313 483688
362110 400591
324422 443495
258281 399982
417142 419087
380697 471896
361076 464342
276420 417273
261921 345008
256637 414303
358994 441543
348573 366488
217958 309474
237264 452454
295731 296575
264896 314508
260443 419004
229239 358635
326381 383274
377640 452909
319635 427279
264260 387211
438553 477527
328023 451818
327694 370719
377640 435370
225430 449328
53468 276585
259469 435370
363642 384302
307786 341625
288937 315017
317159 485401
216252 366557
339795 389103
364289 364578
225969 361206
373404 377486
339095 378163
300692 431445
262188 379946
278935 323099
263645 356024
333277 362441
289902 308782
381932 483236
344544 358548
365682 365720
323511 375978
482564 484638
303427 354720
261349 368169
280551 306881
470972 472985
351490 406037
354687 355046
225728 300651
313603 386717
216190 472469
243077 284981
221138 305924
256078 299084
359910 483313
449328 467466
322419 346046
298283 339795
309334 426909
263253 263734
361446 382058
204961 337825
250457 318165
230340 363642
355206 389160
216252 252622
264110 423563
374045 479322
348349 352834
346067 429931
360850 361923
221980 349252
327179 339095
231509 360266
331736 398632
342676 382250
334458 384179
227524 268482
262584 385958
481486 484789
244537 480826
358997 401399
368927 472469
282892 357047
378557 400175
302896 322419
298532 370200
44462 418695
341885 435370
218388 279441
352121 392812
246071 380336
225512 261349
324205 331201
336800 370671
332164 420321
417142 458770
354554 467262
293831 354125
301740 315379
216797 221452
344456 363804
369965 448035
254630 342676
318297 406037
335321 472998
248114 295767
263354 381293
457810 465075
372035 427772
274545 393097
234296 257789
172229 469455
233627 358272
299853 382058
281031 362060
253794 331201
308717 361084
265564 368984
379350 447730
357555 413436
290341 481762
277120 397297
338389 377486
272418 357320
264414 427926
348510 370532
361076 447001
280665 476046
300935 368022
263923 480043
312311 424328
288840 341551
262584 393241
302896 355315
226796 324203
251453 375730
265717 323867
262186 337255
233154 462468
262367 347184
220849 369757
296215 324122
401399 440643
302896 383949
215793 300413
262584 418082
233468 361626
269571 387784
251453 470972
262570 418428
162749 301838
316589 420333
287934 293549
256545 380322
363162 417378
233954 314807
258455 431040
307889 449328
215829 312981
305682 354580
306920 364782
374280 483667
5340 344456
157812 271308
371067 405338
379980 428924
296577 369757
268057 337722
225298 423067
263754 385216
321449 383949
339095 363676
346088 472469
324173 356919
343741 376272
355645 361883
342676 362208
352400 458954
363043 392094
346015 359345
215565 233627
323967 447173
306866 349588
333277 479617
393241 429931
270625 339795
339720 428895
369538 387286
225969 338389
299766 384092
343001 351777
223324 380466
362680 462468
258383 417602
320359 404122
302961 351646
269142 355051
278616 323099
317123 400591
221859 256443
263025 343204
219313 364016
266544 452549
369162 435777
308717 331849
219313 259457
262958 343027
386717 418868
270625 361076
272317 472985
440222 472998
296674 393241
376544 428924
303634 392423
305790 422392
229758 363322
257181 368801
330633 483825
200181 324532
357320 369682
218006 230361
254942 298139
310448 317123
259469 296674
316032 379182
261900 263377
312631 383042
361206 384952
216027 310623
296102 354086
270142 446252
325369 327694
245907 356399
350708 364270
296674 354739
272645 428426
263408 360281
359345 463379
220849 348849
340330 473172
281537 282561
297579 363642
393241 417602
281950 369895
336741 366557
263253 385216
215739 264414
307272 357288
244230 355541
384053 430684
341551 351490
346027 416429
221566 265857
330737 346196
287239 322142
370109 436786
350512 357712
346027 452909
265339 316176
344352 448665
335321 360497
296277 435370
252711 417142
358554 387006
341189 347464
326531 379475
296577 296674
329967 331288
333401 361084
217901 370223
357555 463784
223641 296255
272645 452454
215730 254976
354813 362873
261868 472985
437256 480421
264279 460871
362649 430432
314343 363193
376077 385571
269305 378974
312455 352257
276431 301838
300413 315379
309334 463379
262105 441953
354621 363708
356425 362334
420311 452909
354961 418803
424328 431040
317123 360497
404375 413436
256443 288207
267163 352516
356520 481762
417602 420311
366974 482271
203407 332887
313007 313199
334373 362937
332604 467466
228280 288135
264033 376345
397798 414321
420294 445704
351446 473172
385216 447149
270625 331019
244537 475814
231509 262367
225969 377486
314343 482438
311121 355325
355657 462355
323065 360498
361084 377486
405330 428056
310842 385021
356230 362807
354251 376368
215095 362399
346037 413436
262850 358423
260408 396270
245810 313423
282251 475615
306548 343867
232501 383105
308897 478035
351490 362608
258455 384952
244537 366999
228825 294129
355205 436926
160382 395654
376457 404190
258416 364289
264552 378350
307959 364721
426909 464813
353549 418960
318646 346088
305924 349124
279242 417602
379506 428223
282588 311857
279242 333401
363089 401399
252602 264995
272238 273398
339090 460348
289371 472469
266735 396301
254976 338562
344411 364520
222247 307940
241337 256594
319104 342889
386665 467141
333401 382250
262584 467466
374213 391457
222567 478303
262995 340944
266735 348010
318646 362688
241416 362299
316578 404658
242067 317469
347244 360798
304697 391211
340989 364449
263967 379287
363642 363746
232888 362105
232888 369757
417273 472929
261769 377508
342215 452780
219252 328901
321260 428895
264033 349722
348849 363676
220592 379144
349437 438085
317468 474823
172229 367830
266987 425561
272317 435096
252602 377486
300688 355265
265381 278193
362183 435648
230050 475027
356541 469468
215793 233468
406084 407818
344456 385824
300413 412566
273130 356056
320184 424328
349640 375639
256474 444856
310260 430338
356548 414321
330787 418438
362060 367939
301071 341289
320566 352925
177742 362208
356814 384109
295491 312311
301788 372335
313603 464342
219252 356405
261531 266735
248076 308541
264033 269571
296792 383949
366395 367312
401802 483688
266744 388940
5340 324806
359357 479618
299166 458770
331849 377486
364589 456340
331487 351777
344456 377508
292807 479606
352536 361180
260210 339090
388107 435096
341551 377027
263774 441126
245539 362208
482457 483570
254616 320236
334448 365807
318646 361076
257904 369390
296181 462468
289382 427695
310726 357823
361473 480826
225916 263754
386717 416429
361824 432568
358737 358840
332604 472469
299166 354665
315476 366135
267202 469240
253039 485663
341826 346694
243903 262238
363017 364270
225969 253099
273047 277575
268379 322450
329933 331310
413436 481646
306397 354499
318486 419782
263373 280772
259808 360215
309334 379888
222567 361465
270517 351737
278572 464813
255764 265350
358513 481878
246071 442699
296930 414109
314299 356385
252622 383949
250495 381717
220592 425979
296755 380378
354566 379873
356425 374213
259469 260443
259037 260361
231572 364794
289473 356505
234296 265728
296684 355046
310448 368801
223369 463393
269571 354910
364133 373574
247219 448323
225655 245932
305790 317123
264606 360493
367034 371475
258383 260102
340989 375711
450731 466298
252996 370193
362287 437256
230050 278572
346634 435210
81029 361923
358404 405574
264157 328901
362768 378402
339095 431800
297990 326981
354633 361998
362183 397026
346067 357555
288937 300151
318861 412566
293373 295851
258455 370508
360141 387662
360882 379350
272317 420311
13807 294008
360806 433109
387006 412566
330737 355206
256644 343118
309830 472469
290663 380888
333769 367123
210313 215071
261837 380876
400467 416429
358404 466542
364133 433623
261819 287598
452786 478570
374280 470252
262584 379506
348965 367841
380638 431284
356541 460348
264144 296585
333837 373404
367939 467262
294016 334051
364813 396301
267082 358310
339398 390431
252102 299166
217958 310129
272317 356425
234396 352522
348168 375809
346015 419117
261819 477760
322450 452549
336752 343900
262719 444810
212015 320147
350386 382341
261973 271628
315011 365807
302478 342889
339095 379506
301764 376167
272317 401802
269141 294304
256383 472985
252996 362068
318646 339095
349486 364893
363018 429374
375809 480158
389103 435096
397798 400467
252102 441126
215829 271628
244007 376345
339328 361850
280326 295688
221801 326981
184266 417142
322421 435096
270625 272317
354125 435370
263956 352536
278572 362744
204961 363117
299259 444856
263209 395535
332444 336752
364119 436049
263253 350512
356918 376792
229238 296102
357555 375730
295927 360871
362060 419087
435370 485663
413436 414321
371101 383949
417273 483313
339186 427114
379339 388107
259469 419004
263253 376765
263967 384053
401470 401564
302478 378736
219596 337383
357555 429374
325863 382628
320949 399862
244007 393312
307889 307940
316338 365312
263073 355261
300151 341082
225916 252996
346725 455106
256458 433623
280326 351646
375978 484288
351926 362014
238738 260762
462667 484638
380308 408910
265963 375809
247668 259808
359910 401802
324532 354360
262189 333277
259469 403172
264033 398655
217402 331201
261600 421592
278572 345957
233668 347942
199706 380466
248342 481646
265986 477908
246548 376077
262367 395654
365625 387006
216727 364289
309830 363676
81029 276585
297579 350698
470972 478982
44462 325919
343741 388648
286428 356989
177742 370508
322450 389160
250495 405330
328023 418401
272317 346067
354125 429931
361658 471191
353864 363571
270625 385958
295491 426941
354251 481038
363676 379339
340507 480826
422392 469468
301021 392495
247668 382423
355645 356042
269397 308750
347948 469049
328004 363787
243077 320866
346001 346015
300105 382428
287437 355077
306397 330737
282588 380948
339095 400467
252711 339720
223029 377954
262238 263360
209728 274026
242591 404122
354580 384952
244051 363205
229179 316032
302160 410758
234396 272238
332887 457513
354040 416429
389140 417273
351214 355566
217515 386541
268482 463058
262584 452909
215095 379602
380378 401514
262241 328269
262027 264161
157812 363993
379111 391676
360141 419361
290541 372155
287820 344456
261023 267082
278823 353463
184266 215565
230050 452909
302961 473631
401303 410294
310301 430432
263390 363193
325690 363822
291574 392495
308219 341198
225430 230050
269142 406549
270625 375730
365858 384179
300651 314343
261700 380734
253099 296102
346001 449328
221494 227524
261396 355465
247843 352925
426909 467466
336750 360515
334382 354896
348849 452909
355657 462667
309334 345957
232424 365687
385787 412894
261531 345206
254810 483283
296102 306548
390431 393566
164227 226574
346088 418868
216122 393139
269571 335153
252486 466775
347168 480826
353590 384330
346067 436049
223324 356001
263209 437256
216225 437955
258149 363668
253099 279242
53468 317376
308897 331849
360497 412566
222247 225430
261349 344456
236273 361918
343741 450607
283109 318646
278616 325863
258301 294179
262187 357625
264731 418915
221561 365682
277541 281708
253023 326804
235090 369716
386759 480158
258455 449884
371101 405068
266970 326804
267199 327650
291295 379098
320949 355279
225430 361076
357823 431040
258149 363822
238855 292807
301457 339720
272317 452909
363018 414321
258648 428982
419117 435096
301838 363668
296149 379869
268668 356972
263253 264867
429374 464813
302896 379888
256443 375809
369682 384952
378721 381823
363019 388107
256443 262643
346050 475027
341885 379339
342889 377969
394071 447053
44462 359910
220853 306220
326261 457723
297990 377944
367766 369257
370589 384302
265686 329757
353463 412302
361918 392094
302783 324318
230340 345957
232424 365682
317376 343867
288937 341082
272645 301788
379873 404833
296417 481486
264279 386134
261712 396937
216484 352097
258091 299300
362680 452786
340823 403852
420311 428085
259808 347979
258105 331849
245544 261396
358140 383274
261868 470972
199814 273541
244537 423563
301764 303373
238738 357484
322450 354687
307889 359345
269305 353344
262306 478121
326031 363708
381992 391311
400591 442699
242285 336666
157812 483688
316114 356848
296930 318195
374309 442600
370839 398930
364119 429374
327268 430494
216160 358335
279242 361084
162749 403495
346015 363018
367910 376168
289371 464342
307288 360623
363480 379818
362110 460348
236273 478070
285311 294304
262367 344456
376445 401399
252622 339090
318646 481646
362744 481646
346067 435370
262643 369390
384273 403701
172229 361813
216225 253023
295688 376946
262306 437955
402154 408617
325369 358582
364119 394869
232461 296271
251453 307940
345731 379818
258383 333837
243706 439056
263253 398124
418438 423673
258424 268379
292114 417378
251453 389103
229340 393922
358854 399982
307288 450607
262306 395574
293190 360608
245539 320184
362166 473172
301585 333401
309591 384273
262613 353408
311121 396937
355672 452007
357440 405330
230340 341885
299424 417510
216133 358862
232888 328854
270225 326804
281928 282892
241416 379204
340944 341208
331019 426909
354739 386717
339795 363676
379339 404375
356848 360515
414321 472985
332973 415243
267859 383118
419117 475027
320566 463154
352926 404251
232888 327179
253108 339095
292408 369442
258281 417510
370214 457810
264709 351490
346671 401303
232888 259239
245157 337722
221494 243563
222399 324532
302967 345571
274242 418868
352608 355533
264606 268712
418438 441126
43402 337838
209875 476960
216294 319597
81029 360850
397798 426909
272645 292614
305480 368458
337340 377686
327246 356213
341885 404375
380679 405708
314151 376793
281031 301457
412566 442699
215829 361626
262320 368169
251849 479488
223369 225724
418868 435777
308275 380466
362994 376505
304891 434729
353549 477760
342676 357320
219255 295797
177742 315397
254480 378307
227524 272348
285021 467024
377060 480826
362873 369176
359345 435370
352678 400646
366974 484658
233627 354687
262995 387784
254803 371101
380638 391676
433623 454207
364448 470142
254066 399968
268668 419087
357564 394071
305682 347277
360532 448073
360613 373772
215565 259037
230050 363018
388107 464342
258455 279242
385958 404375
262948 379287
412698 418287
301585 484903
253457 380322
354633 367406
318297 394417
367939 457513
388107 416429
307272 424183
302564 355231
305682 354086
259895 283875
365745 432660
272418 341082
339495 478303
221566 466379
307889 463784
331310 473172
254719 261881
309555 342136
311430 470972
261601 270586
293777 297347
254759 262507
270800 328133
216442 379203
256897 285398
296577 414321
237889 356972
270625 318646
223324 354086
339063 354739
379506 452909
359531 362068
268661 379888
247843 318297
259873 382250
317123 382972
364794 369038
221859 480158
264498 410294
225504 480158
262584 420311
262158 453872
346067 447001
335321 363313
225969 360498
290649 405573
306003 401770
281419 316779
276689 354961
264122 352121
379087 386972
264709 355388
240922 417763
229379 246554
279242 305682
251871 314343
360266 376436
266735 324122
216223 330341
413436 467466
271628 386023
380638 391669
353048 376946
339063 362744
229179 355465
262158 280377
282561 344456
269601 362110
263464 359663
417656 428895
296930 336868
227163 268638
361540 363322
348944 368516
302967 351490
343535 363668
278572 346088
236273 351137
254803 311135
354125 472469
256441 295491
379506 467466
256443 274026
364885 384371
314214 360183
251102 384264
241014 394560
408236 440005
409581 481878
309913 344456
297579 339095
280333 300574
418082 472469
296674 364119
379506 429374
398824 484288
314030 432083
259469 298283
216225 376167
386458 472998
320184 384952
263629 317376
368458 371321
343118 380074
274242 302896
281513 305810
249363 359085
306881 378721
368017 374354
233121 292385
445806 464522
389103 452909
298854 374145
234420 359300
263253 305422
305480 406046
363089 373620
355656 355657
328854 355541
272317 289371
299166 354813
426568 478927
377640 379339
264649 379203
276062 327268
331019 400467
302478 415536
346206 404833
308275 382250
231121 327758
379372 399982
270625 379339
360492 419087
352516 361363
262367 378414
251453 296674
252996 387699
271628 357928
230050 361076
237889 355206
271628 272348
264718 442770
267064 414516
339191 351905
428259 444029
246071 357928
254066 362649
254193 305790
265960 354558
362339 428564
324124 476100
322419 379506
404375 426909
251900 404658
376306 400175
229595 366956
356399 378130
296674 447001
268802 380044
216160 354927
245907 410815
216455 313950
229758 378350
321797 339824
265564 366135
322419 426909
322419 362744
401435 409952
215565 389160
248975 262948
358857 435210
346088 418082
262584 313603
222812 413606
332604 368927
287647 434024
357442 392466
307940 400467
276603 281623
370625 428426
345347 379140
361923 382250
339720 346196
324122 356541
230050 400467
296684 317159
225430 346015
261191 414237
272317 449328
233627 354961
285968 361658
364320 407323
265441 345785
260102 264995
239462 387356
361076 435370
260810 418960
266970 368458
259457 478877
362592 365858
254193 262962
217402 421380
233630 269385
259895 452454
351446 480826
215793 382972
452454 476100
220751 483825
263645 437940
262888 291295
231509 355988
265062 394071
361076 475027
484095 484261
324124 339495
261479 261601
318128 341680
309334 309830
319240 335321
348461 353864
258455 341082
367991 391311
251595 369586
229595 476960
263640 373574
315379 460348
269397 404658
315791 484669
274242 413436
291386 484669
300574 354952
324124 415536
340271 355051
366271 367705
216367 220913
215793 370460
346088 420311
222399 264144
233627 237889
225916 299424
273398 329757
262962 351137
312999 334448
262319 296782
347665 379350
252699 277575
414321 418082
209884 377001
346037 346067
401980 471896
265023 384957
343405 378721
340989 381958
311121 391211
380033 399968
352400 401470
228872 257904
255465 266970
379506 464813
346027 481646
258383 308275
328977 379601
215071 219313
360922 470142
251453 464813
340989 478962
284995 327487
265333 297185
335153 482075
368458 376077
265245 309334
369895 400591
334448 481878
252818 337088
268835 424595
233468 271628
357320 360498
237889 419087
356972 418842
358997 359424
429374 447001
338057 423399
261497 299424
363999 449884
337289 370214
296503 337060
158771 367312
362688 481646
261708 454836
309474 391211
282251 386023
216237 358862
362744 475027
280551 378721
220514 290130
218099 356671
222247 377640
218089 313851
413436 426909
324532 375778
360850 369682
264926 356475
401564 446215
290949 434729
331019 379888
261600 357679
346671 477455
354665 389160
232165 357879
262419 363124
251588 387471
293328 371067
319279 433623
300692 364907
261461 305924
256442 265734
264639 364016
300935 394071
302478 324124
348838 349957
363377 379287
245539 369682
307305 462521
261558 482835
235090 412566
257600 355718
307940 339095
251412 251413
267064 419765
353590 386041
230050 339095
221494 307863
299424 355051
360609 367208
362680 442600
319104 470252
365745 373905
307208 355657
296102 449884
219548 358081
260361 418842
258383 360498
337976 352516
353458 362592
338389 339844
358921 408910
222547 390783
264606 332973
419117 463784
299300 377958
313007 336783
345571 353344
223324 338057
264033 387784
297579 369757
242057 384273
264110 360266
225969 305682
248975 368880
364119 472469
283290 375872
295851 483313
272317 485663
339095 363642
382428 427900
216442 358777
263672 478310
309334 464813
270586 348442
336868 347168
283875 375809
325690 395654
216252 266735
220003 352833
426654 477760
264144 324532
362649 396052
294304 363081
403172 416429
357047 482438
301457 330737
220849 248342
323046 348107
221265 301788
362444 382428
324122 335321
304669 355645
363018 403172
264033 441543
268661 307889
256429 357644
362082 369390
292079 444688
265148 287598
263967 480157
271555 379330
309474 311121
259469 400467
265245 361076
322421 348170
369162 435096
376077 384863
444357 454207
323076 358272
219905 363124
283109 369757
299424 352925
449328 464342
327179 371169
211998 293677
269601 300413
385787 409799
346015 363574
363124 436786
288602 371267
264709 320147
262039 273047
389103 435370
9530 378786
346027 346088
157812 311665
300413 448073
366886 443191
272317 393241
414321 435777
272348 310723
338728 451828
297579 370589
352706 357320
228682 358918
352925 391457
289153 480157
281708 326804
268711 286317
401980 425107
288937 380466
299767 361926
283195 446215
355315 413436
5386 335153
286548 315011
267257 384515
309830 345957
326031 351905
308275 360498
252102 346196
346088 435096
265963 379372
355155 360608
262160 383199
380998 469240
221573 298532
316029 431984
336701 466834
258149 363676
278853 460971
346762 362608
221930 386043
252602 338057
332604 429931
346037 375730
435096 463379
360162 448598
246071 342374
417378 429690
329418 343204
54666 305613
343867 362036
264926 265339
306548 360498
53468 300151
357688 480791
221494 266079
221494 324122
369757 405068
305133 376808
215793 269601
278616 418960
373979 436005
373905 376345
338413 388107
339795 426909
212015 354487
260102 446252
411822 463058
296684 322450
335193 481126
342676 418008
270162 306330
262367 355759
346671 406022
274137 367939
225916 352925
431800 467466
278572 296674
262238 430432
389160 418438
293379 452786
340989 386896
325612 357047
254803 261637
230050 429374
300093 334675
224140 480158
295491 317376
358160 479794
301067 363929
328547 476960
377640 463784
229238 264995
261879 326366
263640 368104
428924 437940
364864 385808
362748 362824
230050 355315
251849 290277
272322 401435
228825 262942
248572 385749
229238 341082
311344 377036
244869 275493
260443 400467
257829 327179
341885 481646
298229 351209
364034 452780
292614 476100
410294 447241
221132 341268
427463 468633
338272 363822
200181 361930
373952 466121
232165 485133
355205 391457
462355 480826
352271 466834
300413 424417
331901 339063
312311 333401
268482 411822
302886 354739
282892 323720
346300 376345
236273 460348
262948 409581
284727 355265
222254 289153
344393 405068
278412 299601
388107 428085
320147 362649
351338 380942
281031 418438
354791 374045
372088 418960
318646 435777
363779 379869
340330 363822
212015 352257
349689 350378
346046 375730
184266 354728
228843 372088
233627 266544
367034 484789
278572 385958
331019 346067
199814 300413
337722 482306
336842 352925
204961 363763
199814 297151
221930 364133
314004 363322
293860 403852
244007 363117
292035 370938
339740 379098
350512 438115
354720 386414
358081 432083
308179 470560
418082 463379
264638 447006
262030 290299
262320 269141
318297 320566
381840 404658
219313 261479
375730 435777
252602 323065
290921 477999
261601 309474
263640 283147
332296 363817
254900 355205
306397 332887
290299 290949
392025 433623
298139 418960
263915 303830
272298 350310
479461 480826
272348 412566
253794 380794
345347 480158
357644 383973
219313 261601
357928 362803
223029 369038
328901 370625
479794 484261
236850 363868
462355 479106
352400 379182
338057 363999
322419 470972
290299 349142
310129 481029
268717 350512
297151 319240
340937 386896
177742 361923
264870 356382
265381 367408
247461 320866
330341 376808
281821 462468
309334 472469
222247 362744
249299 252622
285873 400591
259037 356972
307889 467466
300935 369538
384863 385269
215829 235090
268231 341524
266544 362873
353741 470142
233468 416534
300692 354782
401878 476795
315011 334051
260102 338389
348461 356505
317123 478070
349640 391457
384018 405574
353444 394071
265171 358867
229195 427695
302886 464813
221494 363313
284727 381736
260102 308717
219905 318297
221859 259895
388107 463379
262613 376475
363322 439403
262942 294742
306157 363318
341219 362592
269305 387699
229214 370589
302896 403172
264639 418695
301764 366953
264020 393541
393241 431800
441543 462664
260130 370542
216366 351926
253099 419370
351446 363929
349124 418447
264883 285968
216190 256383
304102 444856
230340 301364
286794 368716
229214 254803
302898 378295
302896 379506
339095 364119
417963 418447
257245 320236
215565 309565
264552 426654
231368 311579
219313 440485
259457 264639
263985 446872
255764 281928
354632 358840
290949 358777
302886 389103
352138 352264
307272 369899
266970 357748
326948 378857
338777 482835
431984 443495
332887 354554
262367 263734
216274 308351
298139 352257
418868 463784
264279 377944
363763 370719
244230 371101
363318 379111
340874 346389
262105 314505
381378 383710
223023 367220
354490 356790
81029 341082
263168 291700
314029 363944
326981 454836
294168 370193
350512 376167
428085 435370
261708 460871
330382 346508
216122 405726
313420 355759
338814 364801
346050 413436
339063 472985
349932 359864
379888 389103
157812 440485
278671 380074
356256 372005
355958 384109
379339 464342
290663 300651
245932 355645
263253 360493
357879 441543
328207 385470
360532 365625
342262 444029
315476 361433
305682 331849
262027 377954
356480 369424
266079 396301
249636 358918
354952 376345
265350 293777
262415 300413
336842 467041
245414 471896
350844 376436
278317 371331
264995 403614
351159 427695
423399 431040
403614 431040
263379 349365
81029 362036
296674 418868
351933 443191
157812 210313
241261 349324
354621 426568
300935 447300
364119 470972
263121 347716
251453 435777
263464 301838
354739 413436
262629 449999
285298 362208
215832 362680
81029 380466
318195 347665
242591 393541
358022 384924
307272 361930
332643 345571
273541 366557
215793 363313
278412 355013
221930 327336
302961 368565
299259 384109
220751 222823
265563 323867
336741 384421
258648 292035
274242 379506
243903 349640
230640 321711
272418 461930
404375 414321
300030 418287
215793 254193
232424 385021
460348 469468
339095 404375
296140 477908
343027 405330
359345 464342
482271 484261
358140 467466
222247 463379
302564 318822
381216 425979
300151 306548
261531 460348
346155 362481
376472 424544
355192 372169
199814 335321
363993 372155
365625 475615
261973 386458
267257 379975
225969 333401
222247 359345
270586 418695
361930 386896
353731 411355
288937 301585
19317 272519
411012 426909
301585 308897
256443 301788
351284 372088
327694 336666
418082 428085
220913 406046
306606 426083
337477 378402
306253 412130
462355 483283
355265 377033
471896 480158
314733 386380
354876 354982
354739 435096
222247 388107
265433 300086
290208 301585
312311 377486
262643 301019
81029 306548
354876 430494
307411 381657
258383 347277
216797 430684
363993 396937
380888 482438
216802 386541
253108 256383
269305 319788
263377 384273
306548 357320
338185 365807
435096 447001
323967 360266
242067 295240
220849 358140
406037 462945
264515 356480
365891 383118
323967 395654
354621 401907
380349 467141
264039 284981
384330 386041
228534 321345
360242 401907
263205 357047
383949 384302
345957 397798
263238 355645
216190 393241
401399 454207
354518 361918
297591 351141
245539 373404
361066 399968
302886 418082
305230 424870
221452 295025
216190 429931
255764 293777
287878 360290
301457 354813
355471 420588
256383 307235
272645 299601
382863 406549
262415 358554
305442 305459
328854 358812
244007 401303
356024 437940
358490 358501
282007 454545
228825 294742
346027 397798
363017 408295
371067 428056
339095 355541
268182 479322
260102 361084
333496 367001
314004 378529
318646 341885
307940 348849
285814 396673
344456 352925
291576 296792
262013 298316
348849 435777
345957 414321
264552 421842
225430 345957
363708 452126
241014 414982
351314 391211
357674 359398
324806 349156
223324 225969
293288 381185
225504 370625
268712 342235
362592 363787
263205 300651
209728 265056
52754 275493
215574 231487
254193 272348
162749 359424
296029 305651
379888 452909
363708 401907
230050 379888
308275 484903
244230 371169
184266 315774
305682 323065
280700 351777
294339 368632
351209 357392
280665 351811
324806 421689
312002 378856
353246 432119
341551 380697
265362 356000
251102 328478
428085 464342
351933 370671
259239 314193
244289 256104
216252 315379
264972 422168
264552 394394
420714 449884
356480 363787
53468 253099
269397 381840
274764 479461
369996 441543
268712 314153
300151 362036
258383 420714
339109 394394
264279 358812
225430 346046
386884 411355
263629 418008
231656 265165
351314 362334
211998 341189
253794 263780
287598 477760
332247 358777
346015 463379
312311 360498
346067 363018
349156 356652
308533 369895
225430 356520
247668 376505
81029 423399
305682 333401
220592 356520
358404 363804
289371 385958
326031 366488
324122 370193
416429 463784
429084 441543
260361 270517
228825 345361
307208 483283
296145 442656
436926 473172
220849 261868
307889 419117
274376 462468
344666 361027
358812 362105
358563 451291
309830 322419
224337 380921
323046 366997
306866 384259
295851 361423
361818 452786
248975 361930
247668 374455
273130 320130
266735 319240
342676 360850
262942 263238
294168 308022
370214 379911
274712 300413
262158 401907
240055 263253
337825 365016
329380 383382
346067 414321
361076 379506
265097 295899
12443 222005
261881 363017
274712 324122
323046 366135
361918 387006
366828 478303
294304 341032
215565 355206
348838 478501
479106 479461
349960 432568
261712 309474
367817 408005
259632 358921
315602 357461
250615 379287
346725 371858
292476 300291
230085 362480
258774 363017
315774 354687
388107 397798
257829 370741
210313 418695
311430 467466
309334 346037
344544 407586
310726 354580
316042 349168
296674 385958
418960 434024
253108 364119
310275 358857
267202 474823
357669 365663
221801 225298
355958 368458
200457 391669
261601 261712
389103 413436
216367 368349
254193 416534
254940 455106
275493 401303
265734 339992
341885 393241
360497 370460
332887 367939
252996 352925
420588 465759
301021 480332
323099 363017
354040 363018
261890 373301
215832 346671
276390 358777
362649 381364
262710 481842
318158 361206
215793 342374
369176 389160
270625 481646
317376 369682
328901 478303
252102 306397
316042 365439
317159 467262
243997 301587
177742 426941
315997 452780
342889 480158
216181 357705
229214 232888
262367 305422
388107 470972
345957 363018
357928 386023
265038 352928
306548 458770
259632 354791
199706 306548
270139 431885
262238 264867
274712 412566
288937 449884
298717 358799
297185 372005
363676 447001
307940 419117
286794 296543
307853 376952
286788 327191
225296 337383
318646 478982
269305 358022
392709 441126
178640 387246
376345 428056
264515 296490
348056 363822
357047 428982
296102 331849
5226 415090
364270 476100
264110 345347
216190 261868
376077 379931
341219 360162
264033 317272
310572 357879
357555 386717
288207 370938
369375 379350
244537 462355
301765 474823
367220 389631
222247 386717
323099 418960
246957 367208
352252 377060
355315 452909
264639 290541
324205 474823
290208 354525
369027 419313
228872 384109
313007 381490
356001 423399
318646 348849
397798 470972
216455 311121
254942 368100
221566 432083
328570 365159
233331 436926
278823 412302
316779 409667
346509 355657
403172 418868
278572 481646
315017 377486
356224 385616
217964 395535
347005 400591
342235 371067
256383 394869
346509 482271
318646 419117
259469 447001
278572 429374
271450 364907
254803 369757
215829 324122
429986 439585
360141 441600
323065 339844
263168 318016
362480 480853
323046 361433
229758 421842
261813 378563
361923 426941
362768 384018
267163 367545
219255 354621
242285 263270
310572 391211
356972 418438
319240 342374
479106 483283
265056 450607
364133 364683
199814 262962
339090 363313
254976 432083
340896 388107
355011 404121
379330 381364
346015 449328
339095 363746
313420 406046
286186 312455
342181 424870
244769 388638
264279 297990
283131 476136
259021 354425
302896 362105
273130 305699
282588 346671
286548 393333
234310 419425
215631 360025
376345 405338
351273 356694
310726 424328
269601 305790
219548 338345
331487 379457
221573 370200
355657 366956
362166 374213
260102 272418
262584 265245
370460 460348
362334 401802
263253 264657
355206 417142
359181 421491
317159 332887
360538 403701
274255 479618
346196 356972
293549 363081
470972 485663
324124 480158
261601 359910
317468 366565
389103 397798
260402 286548
262187 307272
261558 338777
346050 464342
262494 286548
234038 326031
216442 434729
263754 349770
355231 355865
332116 355593
255465 256443
262367 332296
322788 333769
413436 464342
231668 257700
223641 357998
261868 332604
302896 378163
327179 386134
314214 363054
225430 379888
375629 412927
358160 367034
262995 417273
334448 462647
254976 367197
258383 382250
350491 368349
258648 290663
264033 352264
355809 383118
328901 340823
335044 395654
359719 385749
324422 334008
53468 315397
379506 397798
215375 349142
253099 373404
273480 321388
340330 349640
339095 452909
265564 374354
227507 265734
246062 280326
388107 467466
211998 344456
252602 363999
329418 431885
264741 265131
345571 362768
258301 272322
264033 346671
246071 249299
349298 363019
304903 310723
231238 302961
261868 362688
261303 311121
355865 478320
43402 172229
400591 424417
274545 417901
156471 460348
435777 449328
53468 360850
401010 414906
320485 436901
234296 262643
351490 479618
251453 270625
381859 410339
322419 339795
215829 400591
262187 476767
237889 354665
345957 472985
354724 381840
210313 386541
263121 419765
230050 348849
252602 258383
309334 357555
300151 308717
414321 420311
302896 357555
269571 398632
308897 424328
243903 356425
341885 379506
368458 376272
434024 480826
263360 362592
358404 362649
373312 385432
342374 469468
357256 389810
229595 484658
266544 418803
256443 428426
386717 472469
280979 395708
393241 428085
454207 477613
270625 472985
269305 352516
344393 428619
325448 355890
340644 463762
414321 463379
276603 483117
381992 391249
78429 393333
302967 355249
353549 378350
379339 413436
276062 419087
362592 430432
266070 476960
262319 362547
244537 378704
246071 360532
265056 405726
338057 357823
348107 398597
280326 376946
298283 346046
315112 441543
259873 276585
380024 480826
13807 310520
302625 344456
334061 351777
307889 309334
303634 360280
309591 376475
312618 418803
307181 372804
273064 445508
267257 367686
252711 301457
318629 432279
362680 405330
283875 480158
249344 350071
302886 386717
233146 359300
259037 418803
321656 361930
283109 339095
221930 264039
310129 355325
261937 263923
177742 357320
379506 414321
302160 324122
349168 361927
263253 300651
356520 363676
361359 477613
302783 387286
257555 299299
339095 346015
375778 379350
354499 417656
362688 370258
357928 460348
225969 260102
296674 322419
233156 364709
294168 370201
394394 434614
357928 478070
216297 221265
463379 481646
278572 418082
464813 467466
306548 354580
266079 302160
299424 354633
380322 403210
370193 397259
371958 376899
336528 385216
398655 482457
418915 437955
369162 472985
288937 312311
258383 331849
391676 431885
251453 472469
385958 429931
216122 353793
308897 341082
401980 483825
341826 363745
288207 378699
293379 347665
225983 361930
262241 290921
332973 369154
300648 411471
262367 263253
351446 441543
309334 413436
252622 312981
236918 371331
346464 359518
334061 482075
313007 398131
393241 464342
348838 426654
263253 363804
302896 341885
254976 376178
226218 379350
225430 355315
300659 360266
348168 428426
357067 477437
360498 420311
479461 484841
320566 361363
339795 463379
363255 363763
362744 400467
302896 397798
306330 364449
229239 346839
5226 386331
262613 365807
280200 402060
232424 373952
380093 395654
254854 261047
261637 362105
330737 430494
379339 379506
263923 363827
420311 428223
217133 248437
406046 480987
262367 480158
274764 462667
221801 385958
323929 324173
266735 360532
352925 356848
340944 387784
256383 431800
263774 369176
361107 363492
356150 381717
256897 480158
385958 463784
362592 383042
354040 375730
229330 264515
300289 379873
272317 411250
301280 362592
223029 364794
302886 419117
296102 300151
294728 316029
370808 445806
301457 330787
221494 424417
274376 313950
223023 233154
346671 382428
265077 389600
287156 388107
5340 354607
259895 272645
346050 362744
337825 428056
279242 361206
231498 295119
352706 377486
342681 379980
301457 441126
332604 470972
311121 359910
263253 384018
373404 424328
384302 428619
298784 424007
299853 380904
229238 363999
288937 360850
340330 349960
375639 473172
245960 361930
345957 356548
268668 327268
216115 302564
264110 405330
269305 302961
354632 381736
317159 356972
329102 362592
229179 367721
229769 308583
354791 408910
365042 373574
399457 426167
261558 481750
346046 348849
346300 391669
336741 386023
416429 470972
279242 377486
313933 378414
329357 384273
267163 362649
380308 401010
339992 365858
262415 342374
419117 470972
348849 359345
256897 378699
243903 318297
296145 340361
230340 324464
330237 448165
222567 263857
221859 375942
339109 361540
219905 406037
230050 322419
261303 272317
316032 436679
225430 262584
323889 369213
279242 360850
257904 378699
332973 385824
349722 356480
350719 384015
292614 324124
262958 358867
252602 362208
279036 347206
307889 322419
464813 475027
315379 362110
333837 465759
337825 376345
346037 369757
305372 308541
304697 368458
254101 323867
290921 327959
274242 385958
363018 385958
263645 380227
378845 465039
302478 478303
290219 343204
229268 272317
299166 360492
335321 424417
243563 400591
392500 451648
349508 369424
177742 342676
333363 354791
224337 398655
323720 370938
381565 400175
345957 375730
321388 444856
291574 301021
234420 383042
275015 295025
261245 265963
265062 273047
256383 416255
259895 264157
279242 290208
221494 339090
312311 362208
223023 376330
254810 355657
380466 382250
351446 448598
286788 295688
263857 478303
302896 358812
331310 352925
254803 470560
262415 266735
381793 424827
305810 390783
245539 288937
254066 302967
254630 360850
244537 340896
263087 377508
339004 341551
480826 483283
373952 376168
254286 258198
354876 428895
272298 360423
308897 361084
358071 378721
301364 357555
338389 356001
254322 318687
320949 377024
223129 362131
362744 470972
264010 297338
268661 435370
222247 318646
302896 371169
261622 367123
344504 345347
290913 368528
316029 443495
295683 365807
322419 346067
339795 464813
261007 298854
270625 362688
326381 416255
346001 348849
370625 476100
274764 352252
403172 449328
264995 352706
265459 305288
259239 344393
315774 356972
378492 437737
254976 259400
309830 463379
370258 485663
364794 378191
215829 392270
400467 435370
354558 379287
362900 457723
283179 365439
261461 378323
219313 261712
343966 349748
325074 378323
246533 431984
230050 363676
282397 451040
288207 419782
217260 368516
280665 320503
368801 396301
263253 334458
354086 360498
263025 354952
360916 376345
253108 341885
216160 356426
262965 294339
270142 436318
331019 339795
358160 366974
366843 466718
386023 478070
260443 363018
356520 362300
340648 441543
334061 360609
346046 378163
379888 386717
285393 302194
319240 365625
252711 418438
240922 368716
362110 386023
252622 300413
295641 324856
401980 454207
336528 419692
296181 362680
377640 413436
327801 379042
345957 419117
204961 332118
278572 416429
359264 391669
262160 426568
386717 464342
351446 442924
309572 318195
233331 457016
312244 320566
287647 367910
258648 482438
339090 475615
265773 305422
389600 401399
390651 433623
209728 368164
289153 358548
306548 352706
328777 363117
204549 403310
273398 285393
351646 364802
275493 335153
365402 365817
286827 358548
247843 349960
263904 272317
253413 273398
264161 355890
294742 389631
212015 418268
225983 296785
259895 292614
258455 360850
391249 402000
358812 428619
296684 392709
383063 385523
252602 272418
261708 370589
331019 379339
236273 357928
339095 371169
435233 478927
332194 336868
321203 441543
275517 298767
316130 384015
261448 439281
229214 291576
248846 367049
297990 460871
292614 301788
251453 341885
307183 362649
311135 423067
271628 464050
416429 418082
355325 359910
341885 435096
263923 373905
314067 368169
263640 361107
271628 296215
356001 360498
216455 391211
479617 480826
225504 342889
315397 320184
232501 382779
325612 377686
418447 477868
257290 330382
349960 473172
339795 435370
2829 265371
226796 264279
320147 363640
385787 465213
356548 435096
200181 267101
301585 310726
265564 321711
351646 378199
260443 346088
203407 354554
299424 308022
363676 449328
258455 315397
308897 315017
259808 351908
370343 379330
314129 351742
312709 375942
224337 376345
354499 430494
258455 357823
374309 386896
356541 396301
360266 389377
331327 351141
313391 364133
390331 449884
233627 430494
272348 356541
246062 377958
254193 366557
276603 372689
357928 365625
231498 471191
327758 341551
252483 419085
349313 484288
322142 373340
346088 363574
216455 359910
230050 386717
262584 361076
340361 442656
354125 370258
296674 339063
269397 384490
356918 466298
276689 362873
262320 453872
306983 359295
263360 269397
274458 365401
318646 354125
381097 403459
339795 429374
404375 472985
352925 361363
331849 363999
266735 383949
419465 472109
355966 439403
333837 360498
355656 482271
417142 441126
262995 354952
377941 446121
263847 345656
171111 284503
359424 433623
251303 294008
336842 463154
258091 327191
260361 423673
274311 341885
219313 262193
312664 341268
311430 388337
316054 356230
254976 362399
264156 301019
369162 393241
252622 410758
348849 361076
266069 302830
263253 339992
260102 356001
309572 324203
353793 405726
345957 348849
272348 368801
225430 420311
308717 417602
280551 373312
264144 368678
362299 363708
378163 435777
354718 400175
261799 428924
281928 481920
312244 397552
356243 381378
388337 389103
378736 415536
303015 307863
296684 315774
231487 347834
257829 371101
379506 393241
307863 335321
247668 313681
332973 354478
262455 379042
296577 302896
437256 478754
254193 268482
305790 383949
358777 411672
215829 383949
316578 381840
311837 354923
336868 443017
349960 374213
380948 444986
271628 302160
366557 411822
374309 375778
242285 327694
352252 355778
248572 343027
251900 257118
313420 352257
250617 383118
318646 379888
226091 362680
421592 457723
295491 461930
363018 418082
281821 414378
307567 377954
199706 333837
329102 368686
53468 357320
363017 426191
340330 351490
350369 354855
345055 379256
242776 245838
318297 361363
219252 285398
315397 317376
379975 391583
216554 253039
251453 355315
216294 221573
224337 444986
367034 479106
326031 417963
262584 311430
262030 389649
307889 426909
307940 452909
301396 428056
264606 384863
306397 354554
341551 447173
278616 371475
380336 396301
261167 355050
244230 405068
345837 351446
272322 279281
254630 320184
429374 429931
340944 380638
379818 382428
315112 483825
355645 356515
317780 332887
229264 359675
258962 325905
262027 378191
342434 395654
400591 416534
283109 435777
263056 451828
220849 435096
227507 363822
296792 369757
258383 354086
268661 420311
418960 483300
216455 386541
263694 301740
301280 447173
245046 334037
221859 377969
383063 405330
261531 282251
360492 458770
306548 315017
351646 482075
262188 397552
360916 382004
365569 378368
267064 335044
346151 361021
298910 368169
302564 315130
53468 461930
259089 274376
274242 348849
285398 379372
263857 444136
252622 267812
362803 412566
283632 302830
293330 339398
219252 261245
262238 362649
233146 294008
222673 335304
263253 307183
268711 362948
356425 388107
243563 342374
269305 403902
369424 430432
222005 324856
362068 399982
225964 452786
321797 393312
357555 452909
299424 362068
261973 324122
283131 342434
318646 379506
252996 379372
262570 290913
356972 389160
223324 288937
270625 358140
259873 285298
355231 368215
298552 475727
341885 361076
265773 379946
282251 424417
309830 418082
78429 262613
308461 385720
278935 306105
272317 309830
361418 463058
346088 472985
261349 340677
311430 418082
295797 367830
255390 261070
244520 305790
265097 326531
281950 412566
361107 363708
256443 272645
363360 369545
251496 286398
261769 304669
357320 376732
266544 354728
384863 401564
348056 444029
340361 463051
225916 351490
199706 361206
264161 307567
299601 478303
292114 367697
339095 384302
417602 478035
339109 421842
261868 435370
342307 418915
269305 385824
263974 354633
229379 457513
225298 385958
296102 403614
357555 359345
229829 390020
291744 383690
247668 356426
295731 332353
264606 365858
363993 364016
318158 370508
361930 366863
365312 432472
236040 300026
266735 433919
348442 396937
307208 476960
335153 358563
263967 376345
310260 355961
216802 363993
272317 280557
253099 333401
238994 317904
349320 377840
308275 362036
297990 363746
363313 380336
323720 325612
284727 306003
253099 354580
298283 362744
370938 378699
356331 361066
300413 364289
296490 418447
227348 329797
342374 364813
293872 342374
250559 377771
306881 359370
358854 367406
354728 360492
315774 354961
357928 463058
352358 360683
377486 449884
233630 251900
180173 221086
253024 271640
262160 366534
322421 379888
313007 378275
254508 348056
331019 420311
304353 389182
368927 426909
44462 261479
357858 378165
257829 363746
295899 337632
327650 452181
254301 256078
205402 335304
309565 317159
276390 352522
383949 470560
53468 301585
347464 353864
229595 381364
335321 370460
359552 400175
177742 449884
378736 478303
81029 373404
329967 483825
349508 430432
200181 230538
259037 362873
364289 438483
278671 357288
357879 396937
354687 418842
357555 464342
248846 446093
237380 297347
264552 388107
262189 351446
223795 263932
157812 272317
332296 384018
322419 346088
293373 444645
269142 361998
276927 480467
155840 291295
260197 341344
327179 363746
292807 325369
289371 307889
259808 365435
279242 357320
361658 371155
378414 447173
261531 365625
296674 418082
265371 356000
216252 301740
46794 427114
270861 370337
267973 299601
246554 417656
258774 260810
285071 369899
323511 367787
357555 485663
385958 449328
365643 383118
227163 427514
420714 424328
259873 318158
264639 351314
346067 435777
359719 367545
354927 433623
219313 264639
362680 379350
263956 351575
268668 354687
281031 327268
156471 262415
257290 346508
251453 263657
355315 362153
262613 265717
389103 472985
228872 371267
268668 418803
339524 366237
356425 357879
296490 477868
221494 267812
418008 420714
346015 346027
266058 361423
216252 260210
363970 384259
284981 296861
319240 370460
264474 345344
262850 343118
346046 429931
307684 351446
269305 335153
261531 305790
376345 404179
347168 484638
162749 351273
320184 461930
346027 363018
296585 452786
346046 428085
346015 388107
225525 447488
352252 443017
382250 418008
264335 378040
237889 362873
464813 481646
199706 339844
301585 308275
270586 311121
222247 272317
318641 385722
477973 482546
222399 258341
267812 315379
53468 288937
290921 358404
245539 306548
262105 262460
199814 412566
377941 422007
81029 258455
256897 452454
362688 419449
216267 380136
297151 463058
356520 361626
330875 373952
357283 384015
253039 346046
256383 379339
296474 340989
229795 396467
321345 470788
426909 452909
282892 314343
366999 479461
262367 263754
289371 420311
245539 435370
397798 447001
242057 335153
397552 457016
358474 418960
261497 429986
286317 357907
225728 370938
301585 382250
268379 274137
290208 424328
216225 476795
346725 395772
266679 362063
418868 464813
272645 415536
267012 377015
362399 367756
347168 484789
295491 423399
269601 324122
254810 355778
252102 296684
336868 352252
269305 312988
266458 374455
220849 436049
261708 377944
259469 449328
267257 379287
216190 467466
230340 385958
290949 329757
356310 480609
225983 345681
359000 444850
265062 298910
416429 435777
308533 370119
266970 269305
349124 378323
355656 484841
342374 344241
261464 454207
313851 323421
379506 463379
222247 404375
346464 473172
160382 263121
251453 393241
261973 382972
346001 426909
260130 411825
356671 364709
322396 483484
249647 356540
273398 429690
311449 381567
357555 362688
271308 311121
380378 435289
256398 379869
303145 468411
262160 368880
320485 397552
308897 431040
339095 375730
347168 484261
226207 347507
256443 362361
335193 369810
265350 481920
260210 342374
357555 418082
394791 401470
355261 358563
329357 405330
280481 412940
320566 331310
228918 403495
280357 384212
308236 365401
254480 447173
80059 262367
341551 360266
358310 452786
284440 441543
254508 444029
283249 367316
355966 361540
259895 324124
300087 358921
156109 365625
333283 381378
237889 301457
290378 402373
356541 442699
280333 391669
268668 330787
301364 346067
296102 431040
254657 314420
312709 339917
295225 333496
263025 401303
325863 418960
309830 420311
261623 263317
218224 261167
256383 293831
484095 484638
299853 478303
348573 358363
354633 452454
210313 262193
338389 403614
268668 355206
258428 263681
261799 404179
311857 371067
253108 261868
341885 369162
375730 464342
354739 426909
296674 416429
52754 346839
362306 437256
3084 394485
223029 325448
349508 365858
354125 416255
217446 279036
215071 271308
247843 397552
351250 476960
304915 360730
362110 416534
251595 435370
277541 364163
300413 358716
320949 430493
373404 484903
221494 356541
295683 403701
278616 285021
413572 483484
322180 369411
252102 339720
320147 472929
363124 406549
54666 254976
256339 391088
173229 383303
308275 338057
258091 280326
322249 480616
361206 390331
354739 355315
263253 295600
329797 343158
295101 433295
216122 368164
341189 389140
281834 368538
54666 450731
263774 418842
339095 346037
361626 395535
270458 428994
335321 368801
225430 296674
288774 357051
384490 473391
263864 356540
362092 380074
358554 362803
245451 308219
355541 428619
381840 482063
272645 324124
370532 377969
265333 379563
363817 388510
225174 281456
355656 462667
233630 363787
300651 380888
251453 428085
275603 377958
265339 360613
302896 475027
359345 414321
406046 480186
284320 335153
296255 443216
330284 332766
361206 423399
346088 385958
354932 358997
229379 321260
264498 370542
259037 330787
237380 265350
233331 262238
210313 309474
354739 378163
224337 462468
216297 332194
262158 478927
359300 479494
246071 262415
231487 438788
234420 406046
346694 349168
346046 377640
378350 482063
285968 371155
283249 346839
281087 290949
308750 381840
377486 380466
53468 370508
222574 378402
215095 482826
243997 355265
346196 418842
258281 263974
296215 469468
232905 358140
340989 378699
222247 346027
252622 274712
283875 428426
296679 482753
247219 340271
223321 261601
254803 308179
339795 404375
217402 380794
263897 463393
430432 440674
314343 325612
342889 359531
295688 299300
310448 312981
251595 435777
245451 426568
266079 306614
264033 351905
367034 480960
254301 302569
297151 342374
322181 420037
223023 484060
360498 424328
318297 356425
244007 482457
222254 304895
404375 481646
215829 310448
364133 392270
341189 462468
366565 474823
340944 382941
260810 479598
361930 364449
332973 344352
356972 417142
360609 373620
343867 357823
299424 379372
285873 370119
412894 465213
310726 363999
254719 372088
319417 333433
237889 362060
262965 388940
225430 435096
263857 302478
305790 318861
261366 385616
363822 385216
216122 297431
251453 379506
297151 400591
267953 326119
224337 483570
258428 368458
354728 458770
354558 444810
317985 383118
365817 408146
384863 401470
365312 380227
231572 355890
243903 473172
272317 379506
199706 264995
279036 359848
346725 402338
354982 430494
301765 354772
339095 346067
363286 420176
351446 436786
263202 296328
263864 305255
227507 418915
272348 361626
354525 382250
346050 369162
263918 405330
221801 321449
419117 428085
300146 410758
261015 360412
264436 264758
220659 366828
272348 469468
263754 345347
297990 385958
321388 376808
331682 377001
360532 412566
377148 479606
272317 310572
221859 256897
296181 380227
359345 400467
258428 441543
233627 354813
242261 360493
224140 418960
262238 302967
372804 425561
260443 362153
348849 428085
268835 381504
296674 379506
370473 457492
230340 371169
325376 336712
215832 295006
258383 264995
256442 384849
309830 414321
345702 396620
367910 383710
268661 296674
302476 303394
294168 356848
346464 374213
301788 470252
322142 380136
332353 377836
265748 404190
297990 314193
368966 419313
309334 467466
422907 445162
230340 268802
328133 343000
319169 362592
478303 480158
297591 401277
304697 362334
355657 482564
252102 315774
171111 354855
266079 412566
366306 410294
367034 386239
245934 292476
294129 388169
346015 386717
348573 359719
346046 369757
413436 475027
346001 413436
337825 452414
351273 359612
267163 342307
377944 384302
216832 457723
353549 378529
262160 262367
346001 404375
308750 354724
383042 430432
229214 320917
346088 463784
291700 292169
248150 381339
300289 404833
261015 455106
358160 484095
307940 363676
249299 363313
328901 362361
307940 388107
261461 287598
251413 261965
340648 358022
242067 245157
204961 381097
254227 312987
260947 314004
260102 357823
273598 453273
242719 379612
297990 428619
393312 471477
296795 358997
426909 463379
252711 276689
316176 444357
328875 351132
302783 480332
225430 470972
262013 414982
262435 364133
345206 364912
326031 349124
308750 318094
462667 479794
237889 315774
223029 378191
293373 483313
225430 341885
349640 397552
361359 454207
261868 296674
331019 379506
262415 460348
220003 267257
323065 341082
349960 480158
377969 403852
254803 355541
274764 483283
283109 357555
341170 377047
37243 346437
366109 386881
370800 430432
365625 400591
230050 429931
307004 375978
236192 258301
354415 371811
254480 262188
348455 479919
222247 418868
344666 393183
298283 449328
325690 399968
262428 363512
248975 378040
369038 378191
230050 379506
295731 376458
308179 328854
53468 354580
215832 251849
264741 379350
361076 400467
256442 257904
225577 354558
296577 346067
346001 379506
256443 452454
258383 312311
310008 382218
395654 436901
331111 361465
294179 358126
472985 475027
256442 257934
216367 480987
264995 301585
272928 386884
229214 423067
199706 347277
341885 369757
302886 359345
297990 358812
177742 376732
251871 481920
337825 346671
340347 344456
216455 364016
231509 444810
366886 377001
253363 254337
353731 361965
282007 373474
362208 423399
221494 296215
221265 272645
307889 416429
307853 457353
258428 272317
380659 478754
339090 364813
254803 385958
341551 437955
369757 435777
229195 430493
291009 292401
436005 470262
376297 380378
308583 457810
262643 384849
362649 388510
351490 418915
217182 339063
305260 334448
244573 330074
275493 343027
375872 479606
361206 449884
253669 369871
261693 394485
265773 368686
248342 253039
297261 376458
261868 379339
300151 423399
262188 479526
260810 376272
254976 262640
335304 363216
263253 332973
263657 278572
351446 390475
260810 311360
328777 462468
272348 400591
272317 424827
318690 384421
318094 363787
441875 479488
278572 359345
261479 396937
223324 361206
81029 177742
249749 364163
267163 395654
261531 412566
264995 295491
269305 457230
262320 349156
274137 441126
340507 484658
262238 320147
301585 354525
221494 335321
255108 419599
342889 379372
222247 311430
271555 381364
261023 286301
302886 307889
264110 356840
369424 404658
313171 369411
243903 391457
382863 391457
261937 353582
351446 481091
443017 482271
389160 423673
385636 467141
362592 370800
385958 413436
272317 326804
311368 406046
360850 370508
252996 354633
361800 381167
248342 261868
292614 359531
267430 356243
350708 359300
234739 358404
295240 296135
265062 296473
355657 366974
308179 314193
358812 454836
221265 478303
311430 397798
348849 435096
235090 266735
356811 472985
269305 356150
447001 464342
273130 367841
352138 356587
446215 454852
362208 393241
338389 354086
312311 352706
272317 332604
355657 484841
326981 362105
354947 401010
330875 381378
263464 312664
346509 484095
252483 418070
352706 360498
251453 274242
264335 296474
414321 464813
260130 447730
282096 480157
230340 318646
260130 361818
297990 311135
351908 433623
261693 263645
356448 428259
386156 463058
379475 420306
253039 385958
367406 370193
309474 355325
261819 363322
287647 385021
296782 384848
215829 266079
323580 386181
349467 427120
437955 444856
358022 404503
282588 375778
296503 319799
225969 478035
359345 447001
256443 340823
222247 346050
305682 308897
237889 263774
362109 376345
336741 475615
289371 309830
264144 340937
283875 476100
312981 383949
221859 374280
299821 433681
229214 257829
345957 403172
230050 420311
267812 362110
261349 301691
261205 357688
252818 360266
359424 382423
215793 424417
370460 387006
345772 478927
463379 475027
339063 346067
359663 391676
346050 414321
295030 315680
160262 373854
222574 479618
294179 444850
303315 306245
362688 414321
317123 411822
484713 485627
322421 435777
404375 435777
370083 370119
331111 342889
264867 385216
363787 473391
258149 356150
357858 361540
347416 440984
324124 452454
225512 363826
215829 249299
289902 346671
288937 331849
364076 390431
315397 461930
216252 410758
19103 176195
298283 357555
273783 364119
348168 359531
229264 294117
367034 434024
296674 429374
296102 338389
252486 356969
290541 384211
296585 375778
259229 290949
320378 367123
267163 362592
259457 386212
263657 435777
272348 274712
480960 484638
245544 292301
215793 357928
257829 328854
258424 428895
216190 370258
300413 365625
227507 368458
412566 448073
218388 219070
379704 391311
266544 418438
215793 215829
351490 359357
430338 445001
269305 432083
266376 372169
276431 312455
223023 417273
342235 401303
356243 385021
288207 340989
251595 385958
344456 379644
365730 376506
259469 379339
378914 456405
365576 381293
358862 378350
313603 404375
354580 357320
305422 357440
400467 463784
253861 484855
315774 417142
382941 391592
326767 428982
302961 363089
219905 252996
261889 355217
259895 480158
382972 448073
237530 250498
275493 342235
261597 484532
258105 424328
263967 405330
269141 344456
377036 412324
281031 296684
7722 252999
252711 296684
308122 434729
322570 480987
371169 454836
262962 268482
219476 475727
263974 294168
261890 368022
333685 361014
310129 483688
254719 480186
476100 480158
272348 364813
291700 364210
278616 483825
340823 476100
216252 383949
236273 360532
296280 363079
253861 355605
253039 472985
272091 366557
443495 464317
264499 295240
252102 266544
335321 442699
259873 360850
280612 398632
253108 481646
368880 375921
231487 310841
349467 352608
272317 481029
254480 379946
233668 274376
436005 469888
297323 360141
253108 278572
369757 418082
296674 375730
263025 337825
363482 485627
274376 363763
375730 389103
53468 423399
301587 349142
251453 358140
401470 405965
271555 282356
220853 256545
222547 463393
317469 447300
348838 473391
253462 353793
360498 420714
328777 346671
263409 370698
351926 358582
301585 424328
412324 418447
220849 346050
351905 478927
388107 400467
383199 441543
315476 368984
379339 400467
300413 363313
359345 416429
365858 430432
335153 364802
270625 393241
364119 417229
369411 426191
264122 433623
283632 420333
350098 465213
236192 363054
341208 342235
263253 361066
306548 360850
286317 314343
259469 262584
370625 480158
315397 318158
216225 250495
216133 320147
268668 362060
376732 449884
290208 308897
387784 410294
272348 363313
330737 392709
216225 313034
262584 475027
358812 470560
352400 382779
363574 363676
265433 362578
357555 363676
209728 216122
462667 479106
351905 383199
337976 396976
225430 357555
368458 480186
479794 482564
232461 248572
228284 364813
295491 478035
263657 296674
357555 379339
435777 478982
382863 399982
308897 335153
258383 301585
369757 470972
336666 482835
266679 484669
230449 370695
311135 428619
338039 414359
288937 347277
256996 355759
265986 380432
259469 475027
387262 410339
286301 452786
254190 302629
231790 265081
199706 308275
363676 429374
462355 480960
378350 426654
220592 478982
222399 400365
245157 295240
215071 310129
221419 316042
248975 408617
244537 484095
335321 396301
261868 393241
301457 354687
296417 479461
222247 348849
225430 331019
262584 416429
348965 380378
332973 363822
253108 379339
368349 484105
439403 478501
341551 344352
261396 355922
438038 452780
317272 414350
323046 356811
301159 362592
312988 358983
365963 378769
348107 368984
225298 363642
341947 451812
357175 358716
317128 466680
293883 383105
322421 385958
364893 379975
402515 438748
223324 333837
375639 457016
352834 358994
290663 293777
265944 358994
262958 393333
356848 481091
268379 458770
250498 424544
315774 458770
306548 403614
254958 328169
216223 363318
440945 484060
260645 265316
299138 362480
234310 389168
266544 276689
355325 478877
216455 223321
296503 329662
231509 384273
341082 354086
378699 429089
285039 300935
371790 410294
8527 347834
253457 267750
362744 385958
340330 477213
358140 364119
261349 285311
272317 391211
346067 356548
357823 362036
221801 435777
480826 484841
349320 365441
403852 480158
233630 419494
354360 388325
296029 306884
279242 301585
257118 269397
274606 358563
360798 362014
325527 386043
265960 384848
355759 365682
385036 451828
326804 352925
234396 332247
247668 301838
237889 252711
244007 264972
221494 301740
263754 360266
286548 397181
320485 396704
12443 295688
345957 369757
268712 430432
259457 271308
304283 352264
357674 447650
216554 354125
216190 296674
380598 447650
318646 420311
354837 400175
362592 451812
288602 302486
252711 362873
300651 323720
268712 362649
306548 380466
326804 344456
312709 354633
349467 478061
242057 482075
465075 484532
274606 332198
301178 331831
259457 396937
318861 410758
310726 347277
346088 419117
217133 410452
370104 405574
295321 386759
309830 419004
331111 415536
326981 405068
275603 295688
307940 346046
367406 379372
380820 428259
229328 360290
267163 368686
221494 388638
331019 363018
352522 434729
436926 457016
347948 403495
221114 258198
260210 269601
296099 340943
305442 397441
348849 404375
233331 318297
361824 377941
271640 480826
358997 483825
355966 434614
400467 435096
318861 442699
317714 363054
289371 447001
216225 438788
376077 394791
308750 482063
264639 441543
266079 267812
391592 483570
243903 303373
286317 337340
342374 422392
282251 362803
225983 368686
274255 301019
340507 484638
290541 311121
230449 325674
410294 469413
280772 373648
264279 314193
229214 383949
290299 358840
363019 426503
272298 478061
274026 361540
272348 392270
251453 386717
291700 435412
290541 357879
301585 449884
263754 388510
267812 274712
289371 400467
218006 261047
273480 478474
354739 435370
162749 362994
356056 380308
278572 379339
262315 322180
254227 356331
184266 354961
262948 264335
216252 269601
223324 362208
269601 396301
281092 382004
261708 362105
228825 365891
369757 464813
273398 369899
438085 440005
289371 346015
205061 331736
322419 386717
355657 484638
357392 362680
272348 410758
274242 354739
344393 363746
306548 377486
258821 379441
346088 447001
259873 418008
260443 375730
268802 379339
260010 302569
287878 323867
346046 419117
217109 418960
330898 370625
350310 477999
366998 368831
296849 316054
289371 311430
417602 431040
351407 437955
264110 327758
331849 357823
385958 435777
312673 482954
338057 361084
357555 400467
5226 480279
286548 343027
330787 354813
360850 380466
286317 380888
339109 363322
216190 481646
262367 341208
403172 463784
340823 377969
25008 378914
379339 435370
54666 263864
296674 345957
362592 404658
331111 403852
296871 394227
263025 409581
264389 350512
251453 354125
307889 379339
342181 451818
253457 306220
361918 366557
262518 346464
307889 318646
215071 261712
402000 479861
359114 379350
484638 484841
377640 400467
319240 386156
273317 478754
217402 411825
270586 310572
261479 311121
278572 435096
346050 420311
309474 364016
358022 381185
377640 418082
351137 364270
269593 302665
340944 362109
357928 361918
271628 422392
264649 367697
223369 450731
354724 365851
264157 445162
273541 317123
363384 389103
272317 331201
308275 424328
220849 416255
251413 367049
268668 418438
270586 481029
382428 392500
419692 447173
184266 356972
304697 366746
352252 366956
268035 365016
362680 433623
355944 357256
356548 369757
357669 365651
263774 276062
308275 308717
362744 404375
310572 414359
323046 368984
263681 406046
297990 472985
322450 356972
355656 480960
222812 261205
272317 310842
266079 304903
263780 366565
316176 362578
371472 466690
272298 364586
421842 434614
225504 428426
220592 359506
276420 391676
264977 268459
217109 315791
232888 470560
352900 381185
259895 342889
221265 480158
235310 322570
254900 349960
360492 369176
5340 264414
256897 445162
294168 397259
364119 368927
81029 418008
263694 424417
200181 401303
222247 309334
365625 410758
358963 481878
210313 271308
264033 300574
315680 349016
268802 470972
324806 368169
366488 385749
296674 379888
362873 417142
340271 377969
237889 354813
304593 318297
306397 367939
274242 400467
371067 482954
355315 435777
418868 467466
344393 362105
418868 463379
261461 378769
305790 469468
277120 376753
220913 378736
296509 357858
296526 481554
263205 428982
285393 290949
261868 296577
234111 473381
262584 318646
383303 389140
306866 359337
223324 310726
222247 354739
280333 339467
370912 428924
264414 350512
380322 420608
296684 423673
348753 407586
225737 265563
356381 368982
268482 387006
245451 337014
216190 341885
387006 460348
263360 381840
354488 386041
258098 261890
311430 452909
268482 424417
263629 361923
303145 330945
296215 356541
358742 466834
355315 475027
262144 383105
403172 463379
358548 428056
231498 448054
278616 362578
378323 389377
362014 484060
324422 422007
281453 457810
254900 320566
308461 377061
267163 269305
264995 339844
268802 385958
369176 423673
381840 473391
424870 451818
220514 414109
251453 404375
305924 378306
358997 367830
354040 389103
367301 434034
375730 426909
362110 422392
258962 436679
429065 434466
330289 470262
262948 308541
261769 386896
345957 368927
246071 315379
327694 479606
365439 400433
274545 306866
435370 467466
360025 376611
296102 382250
216297 355013
418447 429065
301067 340896
366974 479106
264110 370343
324122 400591
333982 376297
245323 332118
297135 305442
356541 424417
382972 460348
266079 268483
251453 426909
327268 346196
308541 356671
363779 379267
262238 362592
221114 414906
347232 367910
346046 397798
254480 345347
347168 443017
206474 282058
301364 379339
354687 458770
256383 435777
338777 351926
351790 360762
331201 366746
263390 290663
348349 358994
322249 478059
296674 386717
386023 392094
310356 442336
81029 315397
356541 387006
228825 252071
385432 428564
218104 310688
290158 454852
233630 316578
337261 400717
364813 370460
296102 420714
245838 420306
259469 354040
345957 447001
371469 426191
349722 418960
263918 271277
254803 328854
419117 435370
296215 363313
318165 366395
222247 362153
276062 315774
258455 382250
256078 351015
311121 414359
362744 452909
233468 266079
264995 417602
400717 481878
263967 264144
382428 403636
327890 384053
221930 332973
293379 336829
363999 424328
352252 462667
375730 418082
184266 252102
310723 392094
357177 400175
301364 470972
244537 366974
362807 381823
287598 426654
352925 367406
329357 342307
309474 440485
287647 289081
245222 371067
230340 467466
412566 472998
261965 446093
255764 286317
369757 377640
261497 358854
252622 400591
256644 380074
392147 478417
236273 392094
364016 414359
177742 461930
362208 380466
362105 371101
344871 348349
233468 342374
328854 370589
262962 342374
363574 464342
237889 346196
221801 261708
354580 361084
311430 346037
349640 351446
251453 322419
334100 355605
265857 466379
85219 391592
339186 378845
254810 377060
382779 448054
215574 216225
278616 343741
227524 412566
221801 369757
305790 366557
260443 463784
294168 439585
362578 365588
371067 386884
362744 436049
243347 295927
346001 354040
262640 450731
312981 392094
370839 442600
282007 358799
355051 399982
449328 475027
240423 433681
358563 451828
221494 439856
346464 361363
223129 254719
299259 362710
254193 282251
346067 467466
232888 297990
261479 363993
317123 412566
323858 405330
362353 481878
256078 344544
296684 369176
245539 263629
37243 425107
312709 355051
233668 417273
257904 370938
261479 270586
369131 382688
325589 411355
380921 391249
346050 418082
264144 375778
318646 431800
265350 482438
221265 267973
304236 479256
305790 432886
285814 359345
362608 479618
304593 473172
264246 303939
379888 404375
81029 253686
270139 343204
298229 317272
257789 441953
252102 354961
357907 428982
258301 279281
229769 330875
262094 264605
310572 418695
244537 369424
216252 386023
253099 423399
267199 369810
263205 357907
354961 362060
377640 419004
363162 434729
254193 368801
315017 449884
401802 414359
310226 416097
268712 338157
234310 326031
348849 357555
249299 400591
354652 384364
338562 362711
268712 405330
234091 267163
365272 382428
177742 253686
339824 480791
363676 397798
215793 221494
265056 480987
263967 351209
269601 412566
320184 362036
339795 346037
285814 371858
232888 355541
231790 249910
342374 366557
252622 368801
371155 471191
361465 465099
281708 433488
270625 309830
260947 269397
258526 484146
258484 362166
225983 305071
268661 464813
340507 484095
55077 371469
266544 354961
229239 355890
346032 357801
252622 260210
281928 337340
354728 392709
268802 346050
283179 361626
261937 297904
262189 328484
343001 350708
312311 361206
231228 470788
377036 418447
348461 364893
375730 447001
318646 358140
258383 356001
260210 356541
269349 411822
368215 433623
271638 366109
254193 358554
266735 363313
378350 394394
423399 449884
251871 292035
229340 362727
416429 435370
327336 354932
347379 438262
356234 479618
215829 392094
269601 335321
333837 423399
362744 363018
272317 370208
308741 338283
261479 384211
324205 469240
354739 428223
320936 433623
406037 436786
233627 260361
256001 345361
295981 337432
263657 379339
283109 346046
269571 401303
436049 472469
261890 382177
259469 429374
325863 365588
215794 343957
247178 355231
296490 390475
309334 339095
354525 360498
318646 419449
262455 306253
435370 436049
298910 383118
268182 378207
287934 340677
378588 438455
262113 467141
254810 480960
325074 351905
307959 340937
292614 480158
282588 368678
384018 385523
258149 403701
369162 429374
290921 354487
262584 339795
219548 302961
262584 369965
375809 476100
379888 470972
223324 279242
274376 405338
399982 436786
302037 449089
344393 454836
244520 362110
254286 414906
364519 368686
272190 367697
328088 330221
234170 358812
362036 423399
264712 354560
296674 449328
400591 406162
263629 382250
378163 393241
225969 382250
318646 463784
216367 262460
290663 292035
339063 410059
231790 233146
233627 458770
352928 355958
253686 426941
262320 316054
373340 480826
355541 386134
267257 344456
294304 301691
282251 360532
313603 403172
365625 396301
235090 369424
288937 420714
315774 317159
300151 305682
251864 349208
265963 428426
378350 473391
262160 263253
216714 296503
219313 272317
362873 423673
261881 307288
386884 391592
386717 467466
233154 364893
348849 378163
311121 362334
249299 382972
307666 409952
346067 420311
230340 297990
356515 368678
276062 322450
184266 354665
281031 369176
322323 468308
231790 406490
199814 387006
256474 262306
356515 362680
362063 434995
363205 380402
264893 391249
282397 478570
263062 362166
290663 363193
305372 481878
245838 337632
302896 375730
3084 378920
306245 353344
405068 428619
216252 261531
358335 398698
269601 469468
312999 319635
262367 349770
261531 424417
172229 347451
350036 386414
237837 292408
258105 333401
263382 315700
381167 384290
336712 341826
238628 296266
260102 354086
317272 379350
215829 318861
355325 364016
312185 339467
258424 339720
297261 332353
262613 361021
362166 394417
312995 388648
262367 381098
53468 252602
284981 351990
318297 375639
479794 484789
355325 357879
271308 351314
360266 377969
367527 398824
259239 454836
252996 361998
333837 424328
264033 447241
318635 435619
361636 371331
216442 329757
262319 478396
232424 262367
299166 355206
263985 358042
292614 377969
347979 379457
249636 354394
327179 460871
234310 380878
326806 364289
297990 321449
261601 483688
357052 366953
252674 265343
268638 364885
184266 301457
369375 403459
216190 472985
226091 381097
306548 339844
360498 360850
263205 323720
432472 481038
275493 360798
400591 472998
261349 304422
225724 463393
299138 355217
264515 436786
362680 366936
341551 354478
387334 433623
216252 400591
362592 412302
367697 417378
324804 417963
338844 343405
441953 480987
328133 375795
325905 362820
356548 470972
324318 392495
350369 380252
299300 351646
223641 298428
359531 379372
360108 432083
310572 363993
268802 339095
363944 366934
293872 386458
225983 334448
279242 296102
200453 326031
392094 478070
282588 379350
216115 381185
419117 472469
262193 348442
199814 271628
419313 478059
309555 340896
255266 420295
254976 456226
272418 288937
344666 372035
318646 467466
356541 383949
262367 406162
268712 341551
330787 354728
216911 300093
352925 358404
286548 292303
305790 410758
236273 268482
212015 263754
266088 275493
264657 343204
262640 314214
272317 278572
346001 363018
296255 376472
263967 264122
261881 353793
358918 369131
223324 331849
362680 482457
283131 353458
288774 482609
300574 462468
326031 478767
281453 377007
302564 329213
259469 346037
263390 370938
319169 369162
265350 290663
298283 397798
260443 309830
383949 454836
358140 362744
261973 319341
300151 354086
261523 383063
358160 482271
337825 462468
251849 407586
356541 364813
241052 371554
305260 371594
320171 437955
252996 418379
290541 355325
435096 467466
210313 364016
393241 436049
385025 482753
356001 431040
293872 472998
264414 336800
254958 261537
304593 346464
225969 288937
261303 414359
386717 426909
262367 325690
275493 301178
297338 313851
375809 377969
296490 378323
290949 363162
266058 420321
318297 359518
221233 368017
162749 433623
339795 346067
326630 369424
254193 380336
285298 360850
302886 463784
292807 351926
326519 340896
269601 274712
256441 384952
311360 363017
238112 245934
53468 177742
312999 356429
389103 426909
362036 424328
364320 396673
373715 470142
341344 445408
259895 379372
418868 470972
265081 355506
349640 457016
359345 379506
414321 470972
366109 471493
231509 254480
248975 306330
216034 410339
258455 320184
363571 469413
267812 410758
336524 370337
359531 484525
355050 358554
373905 376024
251453 429374
415536 478303
156471 246071
484095 484789
368984 374354
352264 352834
265165 344456
311486 337850
254193 266735
244007 410294
355051 375942
359345 378163
229264 248150
339095 379888
346464 362166
292475 354632
426568 441954
264926 304697
263753 377060
324856 405330
315379 342374
249647 262640
271628 383949
300291 362063
261837 355523
339090 422392
346509 366974
320485 479526
221859 339495
298875 484669
263238 294742
254193 386023
308583 330875
256443 292614
368801 460348
229795 346389
222254 428056
349467 352834
267163 355249
385722 415433
244007 346671
177742 390331
309415 314615
296504 369424
356426 441543
340989 361930
315011 360141
265316 344155
378855 478121
304697 314004
322421 369609
254066 325690
275525 391826
326031 359719
225298 405068
219255 351905
272348 319341
252321 345731
346206 379873
223023 365312
292475 389649
364037 366934
253108 429931
276689 458770
363018 377640
216442 272238
248975 371267
232424 365858
300087 348965
253099 417602
349640 355205
261531 317123
322570 420176
263253 341208
300413 319240
266079 272348
217958 478877
278572 368927
245934 477715
344666 398632
340989 354558
261396 448054
307863 313829
157812 348442
215375 262030
362649 362768
413436 419117
271628 392094
262320 382423
321260 339720
272348 300413
267257 355645
341268 433623
243344 382717
381698 483825
244007 259089
302886 346001
263360 341280
346671 379818
275493 405330
264954 297185
222247 400467
364016 386541
363018 463784
308275 341082
293831 313007
314067 365745
361446 361465
370460 383949
417686 470142
314193 339095
309334 346001
266079 364813
376808 381034
332604 435370
267953 376943
300413 400591
244537 355778
249647 317714
309334 369757
254193 424417
346050 470972
179259 290573
355865 364204
261254 378699
262629 371018
337825 482457
293777 482438
215071 348442
160382 378414
420311 423399
379888 418082
391942 482835
286827 407586
258455 354580
400467 472469
265165 466542
264515 398837
227524 262415
248975 385824
309830 311430
354040 402338
266991 332353
348602 409667
258455 260102
307208 482271
367830 433623
216122 353098
262188 395654
293288 318822
385958 435096
278317 341838
307134 326366
225969 423399
225983 271555
295240 317469
353344 376436
357392 417273
336687 370936
248572 376475
262507 322316
259457 355325
308369 310275
364589 415556
369162 414321
392709 458770
285393 292114
345361 389631
235310 258428
246071 271628
296674 311430
379372 452454
264318 365576
306548 338057
308179 339095
265563 265717
221930 283249
384053 401303
388107 475027
352252 482271
265062 301336
270800 290200
254940 285814
294168 481091
255476 290524
331678 369129
316042 359645
253686 254630
363676 378163
280098 479101
347942 447241
231509 332973
416429 419117
254616 347581
356505 380334
355541 384302
161559 312002
368927 435370
226574 358983
393241 397798
366488 417963
379506 464342
380033 425979
249636 311857
355593 379643
253108 345957
362744 386717
220003 391669
267082 346839
370258 431800
262640 263864
346050 385958
369176 419087
364813 469468
327336 401399
393241 419117
283875 452454
310260 418447
248248 269221
229238 252602
287156 304697
341885 362688
292303 360141
310226 333547
363708 463051
314004 365851
252602 253099
260947 349957
352408 358474
336842 473172
315774 355046
281928 325612
257904 427514
265563 348573
199814 260210
394227 430684
203407 367939
332973 340874
349252 380948
296526 385205
311430 472985
229795 298573
244230 264279
156471 361918
343867 382250
346027 363384
435370 478982
307940 362744
354125 368927
333837 431040
359910 386212
231487 384823
346027 346050
346671 357097
321744 351589
298283 379506
253039 435777
268661 400467
261023 361818
268379 418842
225430 270625
216122 219097
279242 323065
426022 481878
271628 310448
261708 328854
305682 333837
365401 370984
362339 381823
358716 368686
328901 377969
274242 472469
262367 389377
270586 309474
345445 423600
296266 314444
265734 362082
326806 412566
317272 362680
266987 478754
256996 356641
298283 386717
223324 357823
283249 349252
426909 481878
318094 440674
229595 367034
362153 447001
221801 423067
449328 472469
307208 484658
325863 434024
223129 368349
229238 310726
359719 366488
309830 354739
285873 308533
296181 373854
267812 324122
254337 384109
256383 379888
243253 388337
260947 372088
215829 364813
225969 279242
335592 359337
253108 436049
260210 272348
262506 365042
233627 317159
355778 385479
326238 401010
268712 378402
222399 340937
318646 375730
273480 478121
292807 386443
397798 403172
199706 363999
233468 266735
251595 393241
236273 387006
299424 359531
7722 346839
346027 379506
265564 323046
253039 293831
215570 257245
250495 351990
216038 258457
316578 341280
380466 420714
262158 362649
364839 417132
296674 346037
316779 367545
362208 382250
345206 384018
348849 419117
216267 362166
364907 386559
327889 430338
242591 312778
252711 362060
355050 475615
418842 419087
300413 319169
337289 379911
307889 341885
253754 393392
216190 435370
316029 377941
164227 384273
301788 370625
276198 308541
177742 382250
393241 416429
261900 362361
346027 464813
171111 380252
369981 409667
354458 360281
216190 253108
254950 380998
166345 361540
296674 413436
264972 346671
237380 428982
403495 410481
261637 371169
251595 296674
220849 362688
312709 452454
258080 364204
283109 379888
324124 364578
366956 481486
364678 479617
333401 449884
346067 404375
367299 469240
361930 379287
355315 418868
222812 314214
322450 369176
220592 273317
261819 439403
259469 302896
339095 467466
384490 440674
351185 442336
248846 260383
272317 441543
297151 392094
233627 339720
312244 349960
223023 388169
404375 428085
311430 379888
223321 262193
353246 359688
253039 326381
292303 481878
355325 391211
404375 420311
333283 356243
358160 484841
269349 360525
254436 316176
369757 385958
345957 378163
357320 393241
354649 443216
263253 360266
263980 285379
278572 377640
464342 481646
225504 299601
233242 427679
265333 302564
363708 368104
263274 265421
209728 257789
266735 370119
324124 359531
245907 378130
397297 431418
365441 372169
327179 371101
261597 282074
271308 418695
216802 310572
11653 337825
194530 324856
259239 470560
365891 367220
297990 363642
259239 371169
258424 367939
410758 469468
362717 392466
385216 399968
362068 367406
257118 473391
229214 384302
324205 411825
357836 362480
300413 347005
237889 296684
266735 281950
346027 348849
228347 361465
363193 482438
329967 376505
312244 352925
307889 470972
341940 354923
308717 338057
270625 311430
237264 379372
244007 261799
262306 409346
228945 249071
264498 363827
315775 355629
166345 296509
417602 446252
385216 437955
307272 362547
258648 300651
223642 360281
261712 391211
377686 482438
184266 355206
429374 463379
256383 346050
265963 377969
264156 360623
299001 437256
379157 431984
323065 363999
324124 378736
296503 361777
375978 421491
251871 362948
338348 355865
351446 382863
347345 366828
348632 398698
283131 430432
356256 445806
332247 417378
221494 233468
261023 398736
302478 403852
268035 344456
254998 378504
309338 368265
348107 361433
276689 317780
264335 385824
244007 420494
215793 266735
380697 401399
229328 346148
310042 346088
230340 302896
356840 376786
294339 383042
263694 282251
351446 370193
266079 305790
397798 475027
262238 318297
269321 400175
428085 452909
362649 405330
386041 443495
264335 381958
346001 397798
359264 368759
308897 377486
234038 341779
327179 358812
226574 430432
263694 366557
352608 373884
322450 362060
341189 356515
318646 322421
353582 358696
352522 363162
258149 437955
448073 472998
250495 444856
479794 484658
225298 384302
475615 478070
333837 354525
223324 362036
364907 379980
229595 366999
268379 485401
419449 426909
271308 355325
265245 355315
215829 460348
414321 463784
248846 480316
265421 355759
222573 327290
339795 379339
204961 444986
288937 338057
369716 370800
344546 436901
349823 426191
349508 383973
327268 392709
253099 361084
329967 398523
322419 435370
268379 296684
376732 384952
220592 401946
312311 360850
286317 290663
43402 347451
353098 480987
292303 409581
228825 389631
296577 345957
230640 368984
223321 391211
263629 376732
168712 393312
259469 404375
263238 389631
287156 376077
262367 430432
294168 360515
339795 435096
225298 232888
296255 386541
313199 451291
335321 432886
379372 428426
262193 384211
339881 383105
366974 481486
357748 369390
263686 483985
229238 253099
357555 369757
373669 447650
368801 412566
374455 433623
251453 416429
265316 272286
260443 307889
317123 424417
428223 447001
264033 360293
303634 382428
268661 389103
231509 482075
306099 306361
212015 254605
463784 470972
360850 431040
296271 386444
323065 423399
336701 352271
184266 330737
260361 354687
349467 386135
330898 342889
266735 403310
348056 361418
480826 484658
264606 305071
276420 369375
251453 463784
332353 376458
220849 470972
269571 342235
261303 348442
269385 404658
342848 362057
378845 482457
364119 435096
315379 335321
268668 330737
264515 367203
219252 403852
258455 478035
269571 299767
250617 378338
356713 371067
367034 480826
366604 386458
293328 391676
172229 431418
354125 481646
230050 467466
333401 362208
229238 339844
231487 344866
253686 369682
347345 378736
264414 314608
259951 452780
230050 346046
351490 360515
230990 342235
300413 472998
363574 404375
409581 441600
231498 367721
276585 360850
261464 433623
254322 335153
274137 452549
215565 355046
234420 352257
356480 482063
263464 454207
261303 351777
277541 284981
262584 428085
373627 381992
264995 446252
302896 419117
264335 478962
261868 419449
301396 370193
231509 267064
296102 312311
302896 354125
157812 414359
393241 418082
319240 364813
261479 264639
321449 344393
262407 346839
313034 364589
258341 324532
302896 470560
313171 343526
216190 429374
391592 428924
360216 421491
262584 397798
377686 380888
259324 359483
396052 443988
256996 303373
366953 451235
252674 476960
355657 484658
341551 405330
348010 472998
256996 297579
288937 338389
366135 374354
359385 438788
320866 327801
272317 345957
225969 333837
219252 259895
257118 356480
262584 346050
296585 374309
215829 262962
177742 254630
272317 475027
376808 415151
247668 293825
261712 310572
268379 299166
310129 351314
303315 329357
280551 338844
342676 376732
362334 414359
259239 363642
379350 401303
314193 370589
223136 300056
278572 322421
278568 355645
366434 369857
355013 356405
369757 423067
253413 265686
262039 277746
350162 376658
346725 396673
361850 401645
268379 354554
430432 481842
254193 472998
248342 346067
273853 336868
80059 263253
245539 300151
261601 386541
372023 418960
348168 403852
264031 478942
246071 416534
307939 311449
403172 464342
222247 260443
294339 345681
258105 258383
362082 378699
268482 342374
156471 354518
303211 373298
199706 223324
279242 331849
261637 339095
234310 389377
305682 373404
343027 481878
293831 436049
262367 363019
296674 463784
251453 346067
264108 369424
218388 322788
263774 452549
199814 305790
244520 472998
304236 389600
254810 366974
342889 355013
254066 419692
330237 412957
384371 391592
378529 426654
335153 360329
264010 296930
233146 265849
263974 340271
272645 484525
397297 414303
377640 388107
356807 418447
222247 339095
294179 372210
251849 262948
53468 253686
216190 332604
352252 484658
230340 380044
362334 396937
360497 396301
322419 385958
260570 362121
358840 381736
484261 484841
342793 357055
302896 400467
353463 369424
348849 472469
368104 401907
322450 367939
216455 261479
362803 475615
371169 470560
297156 327716
428056 437940
268668 322450
277120 286827
323076 362873
285298 357320
244537 352252
346067 389103
354739 447001
379888 436049
247178 349205
256545 420608
336606 372088
318646 377640
327179 385958
261973 400591
348838 361540
257181 412566
379204 426568
307181 364289
290208 423399
342374 451080
312311 333837
351314 386541
265372 306245
306496 375872
44462 401802
162749 287322
352925 429986
334564 366828
306548 312311
339095 435096
345001 387699
297350 381775
252102 367939
223023 263238
216133 355657
380904 403852
360644 373713
282251 400591
269305 437955
420311 449328
414237 434466
296786 391211
257118 365851
369757 378163
418868 464342
234310 477868
318128 447650
261868 369757
215565 306397
313171 408295
354961 355206
322181 357384
233146 310520
44462 372155
269349 457723
266079 274712
331019 346046
263904 366746
230050 414321
349960 378414
271628 469468
395654 480158
393241 403172
307889 472469
261890 262305
274137 417142
232888 302896
345347 364210
245539 276585
354621 400175
349770 401399
262415 366557
341524 479861
352706 373404
388107 467024
357928 424417
299166 339720
222247 414321
360492 392709
355388 484841
305422 368880
325120 335153
355361 382941
383973 384371
327290 379350
341885 397798
360025 384849
228825 263238
251453 307889
326381 388806
360242 477613
303315 360266
300151 384952
348510 361219
339095 475027
263253 354487
275815 357392
357979 383042
270172 476960
368880 386665
365625 380336
261637 344393
346046 419449
358072 428220
252575 359077
365576 481878
267202 405575
363921 367830
353549 434614
346046 481646
311430 404375
222567 342889
465213 485378
266544 306397
229238 258105
216190 345957
337332 384273
375809 418287
274721 387435
322419 341885
356515 367686
254193 317123
360141 462647
346001 359345
282058 369871
358140 435096
222005 482075
323720 326767
375942 452454
440005 444850
358335 380150
265339 325677
418008 424328
301021 324318
381775 465500
351446 415436
259895 359531
296792 355541
341885 414321
323580 464443
231487 310332
352257 375978
283109 470972
310726 339844
263774 354687
303939 337825
305790 351137
354961 441126
225728 268711
387286 416097
251453 363018
340271 370193
382428 397026
253023 354340
248975 270162
434466 445001
272348 382972
215368 374323
357555 368927
268661 359345
420311 435370
379372 478303
225969 300151
331614 349508
392617 397552
251453 261868
270538 464522
290541 418695
336127 403396
305288 402584
309334 346046
347168 481486
338862 407323
384183 484732
221566 335153
229795 333685
329357 351407
222247 289371
245539 417602
260210 424417
290524 305071
363676 386717
229238 312311
324804 358810
412 438085
245539 258455
315680 333664
267415 350249
262160 332973
300305 376436
296577 426909
350098 369391
215980 370214
230340 426909
245919 252818
245539 423399
387471 418287
303634 381070
361076 362744
342434 352834
257904 274026
258105 403614
347277 356001
367299 441543
256383 270625
378163 413436
252622 318861
262188 392617
215793 387006
222139 376345
162749 312664
275603 298552
266544 315774
306752 357633
295491 420714
339095 363018
44462 272317
293883 382779
289371 348849
281031 354813
256593 256594
231668 305810
216442 290949
264122 361359
365435 398698
225983 268712
293328 341208
291295 421280
287878 346148
251595 481646
219905 356480
225430 375730
350719 357283
226574 428056
263980 300113
363836 378699
281950 285873
352608 370373
286548 360141
261837 334851
305480 480186
288937 377486
263925 451300
216802 483688
311430 348849
369895 370083
286317 478303
366999 482271
241261 276431
326767 370938
222247 361076
294954 403701
343741 349823
216802 223321
310572 355325
348168 478303
356480 404658
484638 484789
264972 472929
337825 428924
227524 236273
264122 428056
293362 310572
327179 377944
261708 405068
229214 314193
345464 356489
269321 304283
244230 383949
355759 367787
360850 362208
263390 357907
367446 379032
268035 382004
264995 300151
361084 423399
345957 404375
199814 269349
256897 476100
355325 401802
258149 296930
307241 420927
341885 435777
261890 483825
360664 427802
376345 420494
346046 359345
252602 356001
229238 417602
263373 349588
7722 222573
265351 446215
266079 400591
217133 301071
261366 327054
245451 262158
328547 352516
268711 282892
337825 386559
309334 362744
275493 402301
271308 310572
225728 362948
238892 382428
346671 379873
296792 423067
301764 384109
55077 368458
230050 426909
452909 464342
260443 389103
357722 357727
295491 431040
296684 389160
296255 426167
259808 398698
313199 349428
300574 341189
298767 313851
219313 386541
221801 244230
316176 369373
294016 360141
281950 400591
264335 364449
288266 375892
225430 318646
318861 416534
217964 405574
395654 447173
354720 482546
376345 412209
363018 400467
480826 484638
251496 349961
266735 296215
252622 310448
215793 351137
307479 311196
253686 320184
379339 393241
262584 418868
289473 348461
317636 372088
304169 340330
249299 422392
306397 317780
261890 482620
171111 479101
258648 481920
378704 484789
262367 339992
349932 471502
338057 377486
354665 355206
272317 428209
452909 464813
199706 300151
391211 478877
9530 215754
264279 326981
220849 230050
299563 343535
358777 367697
380820 444029
184266 369176
355279 399862
216225 346240
346015 416429
248342 357555
309555 362824
324122 368801
327824 409000
298910 340989
316176 373772
432472 483313
267064 323967
331901 435370
157812 364016
260363 376457
227868 369134
366557 384421
355265 389649
232564 294117
309572 451828
274026 311083
188312 262518
157812 219313
289382 377024
229238 260102
341524 381992
395654 479526
254193 262415
230340 251453
361076 418868
219409 400175
216225 346340
261712 264639
346046 354125
274311 426909
254480 378414
306124 379287
257181 272348
215565 360492
249299 300413
315182 358563
245907 416561
379287 386896
310301 332973
346037 463784
303584 438349
340514 343925
363018 363676
304891 329757
236273 246071
349365 370698
369213 454207
229195 289382
223641 243253
271640 476960
265944 352834
361076 386717
346050 388107
220849 346067
366565 367299
335153 364133
268035 302665
234590 324105
215565 296684
342374 432886
204961 350896
326630 362649
307004 352257
409346 478121
261799 462468
300413 370083
435370 472469
272317 388107
347942 401303
366828 403852
362110 392094
338562 413606
348510 352536
219313 270586
229795 262013
258105 338057
385787 437256
251453 364119
310448 335321
264279 455106
385035 438615
295119 361658
259632 414906
290200 409000
299886 315775
412 221957
344456 457421
354876 359098
306157 339804
467141 484342
271620 337060
166345 410818
325612 380888
226574 321203
302896 308179
356972 392709
230640 398597
156471 263694
363970 374455
243563 317123
354633 428426
53468 223324
355890 378191
252602 308717
295491 361206
357709 398610
346671 368190
317272 376345
245539 360850
427687 432660
346050 403172
276062 354961
264657 300289
346725 407323
351926 482835
317272 344456
370671 479101
403172 447001
264335 371267
272418 342676
221494 357928
346046 416429
283875 375942
318646 436049
173229 334329
357175 362768
270625 485663
369391 409799
359531 370625
435370 471455
302896 428085
262367 479618
333401 354525
231487 310686
215368 281821
256759 363708
257118 263360
232888 339095
260950 442656
279387 349124
323076 367346
244520 401371
355778 443017
223641 389103
403172 435096
290208 310726
463379 472469
357048 440005
367154 446121
266069 408108
310723 317123
269305 378181
252999 282588
302486 361930
293379 296181
318861 460348
290949 417378
158771 337053
278572 384273
299166 418438
265773 414516
354720 477973
296674 341885
274242 318646
270625 388107
301788 428426
254066 379904
248342 436049
357555 379506
251871 255764
233668 351497
332198 358563
266674 276659
362649 399518
317780 365243
322419 464813
381657 484789
337180 473381
217233 451828
6275 357591
245907 363869
336868 481486
243578 261499
263205 337340
230050 464342
365042 473553
324804 378306
408695 430684
278616 434024
352264 358994
348442 386541
222247 467466
251453 369162
392147 414202
353575 394869
341082 384952
215793 416534
276689 355046
351407 357348
291576 363746
243997 292475
261879 294785
361923 461930
230050 358140
341551 362768
319169 362649
250617 278568
307208 448598
285814 483484
268802 369757
354251 427562
316338 483313
259469 346046
296181 296591
364016 370222
430684 481570
232424 360493
443017 484841
316029 422007
259895 348168
401437 443495
262643 368458
243077 330382
225504 272645
331019 346015
261842 336666
297990 355541
389103 463784
290921 331614
264670 296930
323065 333401
298283 348849
354665 423673
262027 362576
273317 379144
307889 309830
228284 265560
381840 420294
256383 261868
264883 310668
426167 443216
317780 322450
232165 400906
354086 431040
290158 444029
341885 364119
260810 345571
215730 222812
261205 450857
262105 276533
215829 368801
307684 439585
345361 388169
162749 295797
231487 432786
363322 421842
259457 372155
264335 340989
300688 401770
254803 264279
288139 349320
253039 272317
264639 483688
311430 429374
332296 352900
263253 304169
298283 420311
268607 374455
221930 355896
320416 469240
281950 392270
341885 346001
253794 324205
243997 349142
264279 328854
336750 417510
339495 370625
363117 462468
259457 414359
346001 362744
354499 457513
311430 341885
297261 418663
310129 363993
283195 471191
305699 378152
384421 460348
274054 332198
229214 385958
222247 435370
403172 452909
272317 309334
346046 357555
331106 349016
362110 387006
230050 259469
346694 365439
312999 343027
262133 369131
217402 324205
355541 363746
329967 454207
263967 365016
251849 263025
25008 307272
362036 390331
355656 483283
257904 264157
357879 362334
296028 319635
266735 365625
395574 478121
367910 451974
268668 276689
379372 445162
384490 482063
362649 370800
401802 418695
444957 482835
264552 272317
324806 360060
419952 433109
263360 420294
361433 366997
348849 447001
397798 467466
215071 483688
298283 419004
300087 414906
216190 435096
225430 272317
354961 369176
418868 428085
256383 302896
357879 454264
245544 316032
362208 424328
314067 346671
249299 310723
379203 417378
259895 362361
273783 394869
44462 261712
293362 311121
305924 326031
280772 364586
314343 323720
251871 297347
356694 480348
240079 282633
337701 371272
310129 357879
312709 351446
231790 355506
335153 364801
362014 409667
351137 411822
262367 398124
358464 378323
385958 454836
317780 417656
324560 432412
355541 358812
325594 355651
309830 388107
264424 296518
393312 480132
272298 381412
215832 403701
230340 257829
274764 480826
403465 448012
362820 416959
264926 360613
292035 363193
345957 472469
251413 260383
270257 370119
271308 391211
262158 364683
411822 478070
292807 345055
357320 380466
254900 312244
278572 341885
349957 363019
398495 477613
397798 472985
354739 369757
260443 483484
245539 377486
370193 382863
295266 307241
272067 351209
262158 262320
350333 378402
314976 328133
308583 317039
261837 375727
258648 325612
254719 258774
252102 309565
263754 419692
291574 302783
296674 377640
370719 482835
423067 470560
350036 354720
321449 358812
301457 392709
246071 302160
221494 300413
322419 449328
354665 417142
354607 368169
362680 387784
363574 418082
354896 366233
301364 348849
308022 352925
306330 371267
231509 395654
231509 264110
296792 297990
251849 256078
343204 391676
341885 354125
359345 472985
263754 351446
240618 356308
363313 422392
302564 311360
356520 386717
298283 346037
233627 330737
259239 296792
223324 295491
318297 335153
346001 378163
268668 299166
263974 307684
257868 340361
243077 380948
344456 384863
267202 331201
357068 465295
261965 367049
355315 419117
356548 472985
337014 361107
258383 296102
245539 478035
301740 422392
157812 481029
232888 321449
261881 265056
267257 446121
357129 451752
296641 308541
238497 263780
254976 263354
367406 370201
264649 332247
317123 383949
356230 373312
81029 258383
227163 267163
360498 449884
171887 391669
272348 315379
251871 263390
348849 363018
295770 354649
274242 339795
263629 384952
245539 259873
312244 318297
343636 347942
225298 470560
322419 472469
296102 360850
261405 353393
244230 296792
308275 377486
316176 340305
416429 475027
244709 262629
232564 375727
316029 452786
307241 369134
341779 378323
295851 432472
268661 379506
265728 393139
341551 368880
242140 365891
278935 388648
256637 341344
308122 358777
235382 286548
312311 323065
343204 428056
326119 358022
305790 365625
292616 360623
264161 364794
230361 254854
251453 298283
215793 260210
267257 422007
263168 300087
295030 357051
348838 421842
261461 262320
300151 360498
46794 417273
216190 379888
334564 448323
262027 325448
53468 426941
368801 469468
339095 472985
334448 426909
357644 365858
287820 302967
292807 482835
216252 335321
216797 302967
373340 380136
278568 451828
290663 314343
283179 481762
385216 385523
360497 386023
244537 479106
339720 354499
230124 261776
253039 353575
177742 318158
314004 441543
325748 376506
265433 368100
225298 383949
266544 332887
290921 418960
215071 362334
321449 477848
240079 485627
379888 420311
242057 351407
329357 375942
316114 339917
254630 361923
330694 404092
430432 442788
292614 319104
302886 400467
363676 385958
289371 435370
363313 412566
298119 370593
357879 359910
311430 426909
264157 265343
258416 387170
278572 389103
357928 360497
304891 352522
262415 360532
296674 485663
441543 478320
292475 301587
331849 354580
361107 401907
216802 372155
369411 371321
254940 407323
360850 420714
321260 457513
218388 361405
391211 414359
216034 284320
355541 423067
260210 267812
308897 360850
295683 363117
307889 354040
414321 464342
44462 262193
256383 472469
392466 483921
272298 410257
253039 467466
227524 317123
262584 464813
306866 370003
230340 283109
360497 365625
225916 392318
328269 369497
215793 216252
417335 422591
314214 376178
263864 314214
236273 254193
261023 351905
379506 426909
369129 374409
254803 419005
216225 356814
306003 354632
261712 311121
348168 370625
219252 319104
358105 468411
263851 306157
262367 320485
364813 422392
230640 230859
362768 398124
216038 370745
337289 377007
360025 368458
362824 442788
262189 367203
304147 376167
361818 474412
317780 354982
53867 363827
343204 405338
353463 357644
317780 457513
264144 379350
252102 268379
261813 286428
419449 435777
359910 483688
259469 414321
354859 403701
262030 301587
266079 469468
384053 428924
311430 345957
250894 298316
360034 369757
341826 365439
333633 353463
2829 353582
287647 382628
230340 272317
292807 360798
269349 348708
379506 447001
369682 418008
248150 481878
215829 216252
379339 420311
450607 478187
265070 437073
370104 384018
362688 429931
428924 482457
307863 357928
263245 440005
254810 355388
360850 373404
378736 380904
326806 373657
369757 371169
360683 401303
225792 425979
408411 432083
351273 433623
261637 308179
362131 363017
363574 464813
263056 321203
299166 322450
380308 477310
339917 399982
346088 359345
356243 442336
297579 384302
265773 313933
347979 363668
263640 379204
307046 346839
254719 406046
230340 259239
314193 363642
429065 445001
231509 263253
363480 383295
335153 430684
269349 460348
309830 435096
356425 463154
306397 425759
369757 400467
212015 363377
338057 484903
348168 379372
252102 354813
348838 378350
264498 371770
256897 257904
243706 369871
264051 275815
324124 331111
268124 442563
273783 353575
263857 342889
376732 424328
261708 297579
253099 478035
266735 272348
330393 340944
253099 288937
282185 425107
272418 431040
353549 363322
233154 379975
171111 261584
265371 377061
351446 386759
322419 346037
225430 389103
263918 295951
382840 425561
225430 400467
262367 401764
259469 388107
257904 261254
304697 326813
200181 252999
362744 429374
308122 329757
216807 307183
306548 423399
378306 380878
250457 469686
280098 336800
393241 478982
253108 431800
219252 225504
273047 358126
329357 353344
403852 445162
226218 361850
277541 355718
264110 341551
366746 409581
342235 382428
262584 463784
315017 331849
340361 361107
313603 428085
383949 412566
288937 343867
362110 364813
428924 483570
260010 389600
268712 363822
219313 355325
287934 341032
363817 384018
252015 301764
363018 447001
347464 364893
356946 433642
256759 379204
409171 416523
300659 445626
272645 370625
248342 379339
355265 401770
382863 392028
221859 265963
318297 340330
266991 376458
272317 323889
275603 317334
346067 428085
340691 425561
356548 379888
253099 306548
262193 356425
246071 274712
303830 357178
367910 373952
376345 410294
337014 368104
268058 351490
253099 310726
304891 363162
5587 427114
262613 393333
282007 297591
296585 400365
238112 336752
302665 303830
346015 404375
418082 475027
340944 428340
244520 318861
389168 461749
358554 424417
482564 483283
265354 401678
217026 341947
288139 438949
280098 370671
252102 362060
302961 420514
262241 430432
267199 335193
215368 358309
370460 400591
308022 360515
379339 397798
254066 268712
249299 380336
277120 401303
378736 403852
217026 329102
215793 274712
356790 444688
256458 354932
274242 278572
363676 435777
27335 344456
327889 385722
425759 430494
388648 450607
362688 470972
373669 472836
216455 396937
346340 438115
329757 367697
339404 358159
212015 308741
358867 365807
229330 351446
251871 286317
240618 356310
333547 369538
267064 342434
262962 319240
257700 281513
272418 331849
262995 347942
293860 361465
345259 367408
264893 381992
261881 450607
216225 415556
397798 420311
265963 301788
270625 435370
263774 423673
305790 357928
355315 393241
359345 419004
444645 483313
282892 292035
356448 436679
157812 215071
261842 325369
301280 395654
329967 401980
221476 299198
245544 367721
318297 476136
337128 366416
307889 418868
331310 361363
222247 307889
276603 358576
274764 297012
369375 428340
307940 379888
225969 315017
331310 362649
358490 484431
367123 380666
382250 390331
261303 362334
370083 412566
44462 441543
443017 462667
268035 381793
323967 396704
253039 364119
361465 367029
262241 383042
263645 386187
222139 252723
362688 393241
265709 455507
215375 290299
249373 403701
328004 356480
358335 360242
260210 300413
44462 223321
346050 386717
279242 308897
233057 363089
318646 389103
346037 435777
337688 357998
78429 478892
300151 363999
302768 425561
264335 344456
346067 379888
221114 408910
321106 362403
307889 400467
325369 351926
339824 410294
229214 261637
386918 440005
81029 223324
280665 373715
311430 318646
295050 368458
420311 447001
301765 432279
288774 349543
264414 275532
310448 362110
295006 379157
253039 270625
301764 393183
248342 429374
216252 370460
329757 417378
326981 328854
346037 357555
352138 417273
447001 464813
268607 425107
266987 385787
418868 429374
237380 370938
354360 379350
359345 386717
362948 428982
258424 321260
269601 356541
310226 369538
229195 355279
358081 468057
304697 352516
263408 263413
234038 365963
254227 419692
339495 480158
225430 268661
285814 428085
419004 428085
378306 412324
349957 358862
294339 300305
364801 364802
309572 335153
227524 319240
347168 358160
359345 452909
379601 382177
241416 340361
351446 479618
227868 280346
369176 417142
358997 363089
420294 482063
225831 357103
355657 377060
338235 346762
265963 272645
44462 157812
279242 300151
417653 465039
357823 449884
261799 262613
360515 481091
292363 365131
319060 381412
256429 349508
364449 371267
293777 362948
261597 355966
365625 386023
246071 335321
363018 418868
262584 369757
225969 308717
362592 362649
278572 400467
407586 428056
333326 410452
305790 360532
262584 389103
369682 370508
262904 267163
222574 351490
393840 447537
257818 365858
379339 447001
261889 480853
258455 317376
327268 441126
330737 418438
300659 394560
328484 476136
216225 359385
258341 296585
481920 482438
403701 409581
266735 392270
326340 358072
259457 348442
221419 349168
256458 263341
308717 357823
228825 355645
265381 284981
264279 423067
215794 368699
362068 375942
320416 366565
290541 483688
301364 346050
230050 248342
361107 452126
263246 484060
284818 479256
296215 300413
345957 369162
226021 372169
252711 274137
344456 362690
358635 481762
317123 356541
385958 470560
256443 265963
297837 304586
339090 424417
304697 359206
230538 452786
238112 484669
364016 401802
350348 385205
358997 376445
480826 484789
250495 253023
254900 340330
272238 304891
321706 370083
358777 429690
262189 363929
276603 318966
258091 298552
352400 446215
360498 362036
262367 341551
229268 441543
304697 355865
344352 360266
404375 418868
251453 356548
393541 404122
263904 441543
265343 378578
267199 404704
339095 413436
229769 267430
339835 385479
339917 358854
221494 254193
336868 457810
262584 346088
210313 261479
261558 454303
392094 396301
248342 467466
199814 263694
269305 329357
369131 369424
299853 361446
354125 419449
377969 480158
294339 388940
385958 419117
260361 266544
255764 314343
363018 413436
244537 484261
454303 481750
288937 361206
229214 369757
302478 361446
305255 363054
425759 428895
460348 472998
331019 470972
276585 426941
221859 445162
261708 339095
310572 311121
379888 385958
354957 355077
262809 369695
360493 426568
215829 424417
253099 323065
339090 356541
264995 357320
244537 349508
362060 392709
346037 472985
354525 377486
272317 341885
219252 377969
351605 364860
261245 283875
288071 308622
293831 362688
236273 362803
361923 418008
215565 418842
225969 424328
226225 264414
266735 434359
299259 346340
385958 472469
263062 361363
7722 264144
269571 295400
262435 354621
250559 316029
301764 364404
308275 417602
297185 329558
259400 317714
301788 324124
358854 406549
354633 370193
252711 259037
328854 369757
402060 418070
229379 425759
335463 357858
301585 347277
286788 377958
346027 355315
376505 454207
25008 269305
411250 441543
428085 464813
278070 376924
300413 351137
285393 329757
254900 318297
270625 289371
346067 348849
345445 357360
216455 310572
340330 367545
268668 346196
426909 477455
368927 419449
254942 265433
302961 418770
230640 374354
330875 333283
262584 345957
236918 467176
267257 294728
216225 385096
281187 362480
352608 355192
339095 369162
169551 445806
228918 469049
258962 300413
361076 452909
216133 263360
241453 376345
435777 464342
292614 339495
418868 419117
264414 316054
217964 370104
269397 430432
351446 363124
296674 339095
324804 341779
320184 361206
245907 314299
300403 343701
221233 321711
297261 298743
270586 364016
257430 316054
265354 347847
251143 365477
357705 364210
272317 296577
253669 359230
272317 287156
341189 377941
263390 286317
340943 369798
357928 358554
261497 352925
263645 295522
318646 322419
264318 335592
230449 272519
325074 326031
262962 478070
216267 350267
352928 366953
230640 265564
311816 369131
276585 376732
339095 454836
305790 411822
424827 441543
301788 415536
376475 478212
266079 410758
53468 342676
414303 431418
360290 397133
341551 364133
247470 337383
230124 264380
354876 417656
335320 357442
216122 262460
184266 441126
220849 272317
378769 476755
325074 341779
252602 423399
346196 392709
349957 358474
238823 370745
375730 400467
339795 355315
346725 363384
322450 354728
480960 482271
368458 441543
215829 303015
264498 295927
404375 463784
295030 349016
270139 343957
256897 362361
341268 354394
215829 301740
340944 401303
322180 408367
355325 414359
267430 310356
309830 400467
367034 484261
369695 380054
216802 309474
351314 386212
227524 335321
243563 472998
330289 335371
319635 334448
278407 438615
317272 346300
234296 360623
369757 416255
279242 382250
298281 298875
354782 401303
247178 262039
258383 310726
300151 312311
353741 398131
363574 416429
274276 343204
351015 418960
259469 346015
312262 354859
219252 445162
359345 402338
262613 385749
370343 401399
360850 418008
319476 339477
324806 359206
323858 343925
215565 276689
280358 293695
263270 352603
260762 370695
375809 403852
284320 302961
261245 324124
370625 372335
272317 363019
285393 367697
231449 379111
356480 419494
274764 484638
215730 262640
355206 362060
274137 355206
5340 378557
299853 358320
253686 384952
251453 435370
222330 316054
339834 403310
272418 373404
353104 357480
268668 274137
384018 395535
354728 355206
220849 318646
363676 435096
335544 379472
272348 339090
346050 348849
272645 445162
316779 351926
295030 391601
363089 415139
369757 481646
259037 274137
339095 426909
280701 458770
339090 383949
220849 341885
385958 388107
307889 363676
184266 276062
327268 354728
359295 392318
352536 361219
231487 388107
307684 359295
253108 379888
265564 361433
253031 417573
380227 452786
274026 429089
258383 478035
316114 351446
338777 428787
244537 307705
358525 431418
261868 272317
262238 262904
274242 463784
368104 426568
212355 238682
363574 426909
263974 397259
281950 370119
363676 400467
369497 451974
441600 474412
263967 391676
233627 367939
265333 402103
249299 296215
323065 338389
230340 344393
269571 351338
361930 375711
306397 317159
385958 481646
310275 357283
270139 369554
386212 396937
263253 354394
355013 480158
264156 418268
261601 401802
243563 262633
300413 362110
431800 470972
311430 385958
244520 293872
231790 348020
411822 424417
225577 335153
224337 363117
184266 330787
53468 259873
312987 341551
264657 360266
269305 313420
269385 381840
418008 449884
221233 315476
354665 419087
463379 472985
8527 380044
262306 294353
258648 265350
412566 416534
261245 272645
246071 317123
397552 419765
366828 378736
308717 423399
351446 352252
203664 388107
480158 484525
376077 380178
317469 433157
391676 405338
264444 351490
375730 418868
215980 281453
331019 354739
432472 444645
253462 480987
311430 363676
298283 481646
302896 384302
351446 476960
296674 358140
242208 263640
255764 357047
270586 391211
335321 336741
336750 356848
261799 362680
320949 424896
215793 261973
297135 315775
263205 325612
253413 352522
360473 378563
260947 418960
227471 296795
342235 356426
261637 311135
339063 363018
234396 302194
377024 430493
360498 431040
345347 395654
272348 475615
234396 264649
419117 472985
346050 449328
301364 467466
342510 370803
301050 438949
216367 363286
223136 449089
376732 461930
341779 418447
281928 362948
264932 364699
263657 467466
369757 383949
221859 478303
237380 380888
241014 378974
258962 472998
264639 362334
283875 340823
309830 428085
347507 353590
300413 392094
321711 368984
354728 418438
360883 360891
354580 431040
228347 382058
397798 413436
269305 302564
268711 363193
355541 370589
294728 373854
348461 483313
262302 283027
301585 362036
262904 364519
244007 263923
298717 454545
343027 356529
272317 464342
262238 391457
220853 253457
260210 360497
220849 481646
304102 350512
225430 428085
342374 365625
418082 452909
310042 371451
266079 296215
255120 362592
405330 478892
280357 387211
289371 419449
264832 349252
269601 272348
414359 481029
262241 398824
262133 357175
329933 430432
306003 358840
252602 431040
350249 483117
301457 346196
356520 358635
354649 457935
291295 477999
403172 426909
310723 410758
261799 444986
215793 360497
333685 356070
352900 419692
263780 267202
355279 424896
305372 385749
261712 355325
354340 478474
309334 435370
263694 302160
254719 298139
188312 318297
265038 364589
346037 348849
254810 484261
352678 366997
332973 337088
375730 452909
356042 443495
346046 464342
262584 379339
261601 481029
263694 387006
258455 426941
254810 367034
323967 479526
358554 366557
346050 419449
221138 234310
261303 350708
266544 301457
346015 470972
371554 446252
210313 261712
209728 360623
323076 418803
331310 397552
357097 364907
361626 400591
225916 370193
288602 306330
307940 416429
346067 368927
303145 405926
309830 467466
310726 361084
246533 295006
263205 282892
280333 377566
339720 356972
346067 472985
318861 368801
326519 351446
348056 401470
228799 311486
301764 356814
270625 414321
358160 484261
335321 366557
355051 370193
297347 428982
341344 438040
284981 370377
263205 265350
351446 355657
251453 369757
296474 371267
225916 261497
351697 363286
264515 406549
296102 354525
199706 258105
250003 362649
258416 380659
265773 397552
279242 423399
223023 262942
256897 419692
370299 382697
210313 363993
352925 481091
219476 298552
346046 429374
263754 336750
346001 369757
355315 414321
362873 418438
270162 361930
230050 346088
338573 358563
264499 317469
222547 223369
313007 482767
253099 360850
380150 483825
298283 404375
300574 361263
316605 377140
356541 357928
298283 307889
318158 424328
262812 325002
262584 346001
298767 323421
263253 271555
299166 301457
360266 376134
402060 419085
348849 429374
281928 286317
243903 352252
436786 473172
278568 368169
309830 362744
346067 386717
378163 404375
363054 450731
318646 472469
260372 369871
216277 336752
367939 458770
297579 473383
252711 356972
362153 402338
262160 305422
271628 416534
259895 340823
268711 428982
300574 447241
199814 362803
304669 378400
253699 358126
261973 425092
215375 306003
382250 431040
199706 354580
429065 430338
288937 424328
335153 406463
264883 471191
444136 478303
363018 369757
259469 265245
263694 361918
378163 428223
230050 378163
264954 302961
288602 340989
269601 296215
318646 346027
256001 294742
338389 449884
307684 352925
339795 472985
291576 370589
341082 424328
265245 464813
289371 302896
257430 377508
431800 435370
362649 384273
262160 262435
352252 479106
357113 359339
286317 301788
394227 428924
435096 475027
243903 467041
260102 308275
310596 422392
309334 435096
358140 433664
360498 362208
269305 380024
346046 354739
259632 479322
336868 367034
237889 276689
315379 387006
317123 342374
245046 253457
251453 418868
272317 348849
331748 394071
243563 254193
352438 480499
270625 346050
370503 378015
225174 268704
253457 256545
262238 309555
258383 384952
281031 356972
261601 355325
242249 386972
384952 431040
244537 296417
420311 463379
358997 380697
221801 358812
320147 356480
344220 359552
216038 417677
296543 452521
296504 430432
301364 435777
381412 477455
221801 428619
318158 360850
340944 391592
298139 351185
217402 253794
362060 418438
293362 359910
293777 377686
216554 296577
225964 261937
386559 412927
244537 319169
364119 435370
287647 388107
215832 264657
352252 482564
418268 482313
233154 337825
354394 371067
318884 387266
380336 460348
260210 370460
253796 352561
216223 401303
262158 392270
365851 482063
309830 389103
225430 403172
215565 301457
254940 364320
254193 357928
314004 361540
229239 349156
354487 395654
339795 369757
307940 354739
297661 318629
339109 426654
262158 368104
245907 302079
262584 435777
416429 426909
282892 377686
306548 338389
263657 346046
361465 382058
365817 371327
215829 261531
264414 385096
356448 359300
358272 418803
347591 347942
312709 379372
263754 378414
263904 391676
371267 386896
300291 345412
308897 362208
263253 405330
354621 379204
317039 347232
361076 377640
375942 480158
233057 376445
302896 388107
301396 314029
223500 238497
336842 375639
200135 257700
369131 443988
220849 296674
373620 396308
290649 441543
281172 316338
354687 441126
263360 356480
262133 384018
356448 380820
216252 267812
323046 359939
435777 452909
283875 370532
389103 449328
322419 345957
379888 463379
292476 336752
236918 351022
254940 346725
55077 349823
441543 467024
380638 382428
360242 361107
253754 352834
241052 446252
254480 265773
335153 354558
252486 303634
233331 391457
310448 460348
262367 360266
230050 339795
261479 355325
364886 382697
275493 358867
388510 419692
219313 348442
356641 384109
357555 470972
215565 252102
287600 377769
340944 349477
364289 373657
81029 259873
307786 354876
258105 279242
308750 356480
313420 375978
54666 376792
184266 362873
264279 428619
237889 276062
177742 259873
230050 251453
243563 271628
296674 368927
278572 428085
263754 312709
265734 288207
375629 452780
229812 379364
379946 397552
467024 478320
346037 393241
378400 382004
278616 375978
237530 376472
302896 345957
346027 418082
215071 355325
44462 384211
245539 361206
308583 367910
231498 361658
215793 315379
318629 474823
302896 346027
308275 354580
260356 452786
351490 473172
290921 314080
264515 390475
348056 405965
221419 313199
263390 362948
324318 409231
314214 317714
262958 366416
269305 325690
347168 355657
362744 378163
314067 347464
244537 308405
290299 300688
281453 364737
341885 418868
351446 367203
380336 422392
287647 354497
263657 429374
369391 412894
308717 377486
233154 263923
230050 270625
199814 339090
266735 282251
216225 252050
244230 385958
305556 313199
221138 363661
378163 386717
260102 362036
428056 449241
363018 467466
262643 266970
258455 423399
314067 417273
265773 386165
335044 378181
261799 361021
275493 366702
333283 373952
366999 483283
373715 478754
356520 437256
381185 404503
346046 426909
261890 403701
221972 224337
269349 463058
224337 259089
339844 380466
266735 358716
345957 475027
268668 317159
264157 369390
313933 397552
339824 371790
348848 353010
279281 401435
259469 464342
354728 362060
366999 462355
275493 363822
216297 396704
355370 370698
326381 425561
301740 360497
336842 356425
264634 478721
341885 378163
315017 333837
294339 392466
356426 433623
260443 418868
262367 379258
303830 401303
358854 379372
393241 420311
348056 352400
268802 356548
353344 427514
354728 419087
314004 421842
363017 388648
283195 348056
339095 388107
378786 390431
305556 365439
278572 403172
370460 410758
414359 483688
361112 368104
384863 446215
301740 358554
307491 388107
311449 349351
231509 341551
225298 344393
378845 472929
310042 419004
296215 422392
362680 378217
252486 454071
297990 454836
215829 243563
198767 302478
314193 344393
258526 261918
320866 404833
260361 351737
286794 354972
268717 384109
355388 484658
389103 472469
346067 393241
366306 387784
256458 386380
264552 358474
306003 358737
399862 424896
184266 354813
258383 338389
269385 369695
268668 354961
405963 477455
278572 309334
291576 314193
287647 310842
297347 314343
414321 416429
263062 331310
262193 401802
253099 272418
216252 324122
278568 364893
258455 352706
322419 339095
403172 472985
346046 404375
260102 449884
363642 371169
260361 418803
233468 318861
296215 366557
348461 367851
257181 310448
361084 431040
250003 263754
254810 303373
296792 377944
295666 380432
263121 323967
252711 317159
259915 344456
307004 313420
369965 404375
263734 478121
309830 346027
258149 451300
254803 377944
288937 362036
222812 464383
254227 343925
232888 296792
312988 384273
349467 378207
462667 481486
351777 384744
346671 387784
258383 338057
283131 362592
352257 360216
264995 361084
346046 364119
253413 264649
268668 296684
337053 384744
261601 478877
302783 330289
333401 478035
285398 342889
313829 341826
307940 393241
416606 482232
265351 478754
305442 315775
301457 354961
266735 335321
324122 362110
251968 366565
344456 360266
11619 420333
223023 376345
431800 435777
309474 362334
298283 309334
44462 311121
354040 407323
264033 481675
306548 317376
307684 358854
266735 318861
303015 400591
254900 359518
232888 344393
265564 359939
368190 403701
261233 314807
334100 383118
233468 300413
274242 346050
337014 341198
354125 485663
346509 355388
216455 363993
264335 417229
265056 353793
264110 351015
229238 360498
268035 405330
351159 377024
220849 370258
267082 304669
286788 298552
355778 480960
341268 367830
336740 432660
339795 385958
244520 412566
328133 356065
342374 406162
274311 467466
268483 324122
259021 380024
251453 429931
268711 337340
272418 306548
283179 358635
262629 354090
290649 351777
225792 365439
254286 408910
292614 428426
156471 262962
333401 484903
346046 356548
257181 363313
329967 433623
309334 354739
353864 354923
231487 437464
265563 376475
273064 351159
252622 300146
279242 484903
256897 403852
216190 485663
348965 380308
258149 303398
252622 302160
375921 380093
330753 395654
356520 447001
338844 378721
281871 480316
234296 266970
294179 390783
302896 309334
354558 425561
216133 363787
274137 301457
221494 246071
340330 359518
401566 478533
221801 371101
245816 300107
262643 378699
390011 412922
229238 354525
346046 379506
266085 309968
340823 379372
12443 317334
267257 378338
354360 374309
326649 381213
447001 472985
417142 430494
216366 261558
301587 358737
346027 357555
309913 327758
231509 306245
261884 358159
253039 345957
339844 341082
318646 414321
296509 385334
229179 231498
296102 347277
225916 417510
330737 354728
301740 412566
240618 413079
384849 429089
298283 385958
355541 362105
234420 310520
282074 465075
334458 362690
357879 363993
352516 364678
274764 484658
274242 420311
356541 400591
297990 339095
257287 287482
339795 414321
201031 457230
265023 450482
427695 482128
230050 369757
256443 480158
305924 378323
272418 417602
378414 379946
268668 430494
355645 362680
250448 452871
301396 364037
265717 326031
216252 310448
296417 366974
381840 430432
264377 360472
254810 479106
46794 264033
380904 478303
339795 419117
261973 332103
313933 419765
397259 410759
295633 392066
319799 345347
264279 362105
298283 302886
55077 376272
269601 318861
352706 423399
327650 369810
81029 382250
346509 481486
261623 367851
262415 362803
223324 312311
289371 346027
316032 384863
265433 325863
363071 446007
352928 483236
251595 369609
252699 341189
252674 380054
229195 424896
400467 428085
252622 254193
263974 352925
225298 321449
271308 325919
256443 324124
262415 415078
300688 381736
318094 420294
311429 328236
261637 314193
310668 316032
302886 377640
312624 431813
258962 305790
347168 479461
296102 417602
248975 366863
364907 483570
296674 331019
335055 432472
359345 389103
344546 378414
324810 366565
276603 463762
242285 441158
306548 347277
479461 481486
283131 363286
262193 310572
282561 360798
222812 263354
295688 298552
261712 359910
254480 414516
320184 376732
261303 386541
419449 429374
353850 379350
275493 362680
261637 321449
403852 478303
258383 354580
305372 403701
253099 308897
231498 264883
257118 381840
335083 418447
306866 320866
305790 392094
256707 431418
262584 375730
259873 315397
349823 408295
348168 362068
309830 413436
252711 355206
221138 417963
55077 260810
259469 464813
262238 316578
216797 403701
358272 423673
229379 258424
258383 377486
343535 479617
464342 475027
223324 296102
264033 364907
300289 320866
346067 485663
260210 362110
309565 430494
269305 297185
259951 325525
266544 419087
397798 429374
370208 441543
315791 325377
289371 375730
223324 308897
203407 268379
370671 476795
260010 304236
254480 419765
352925 463154
300413 370460
282516 297338
269397 420294
304283 358994
306397 339720
463784 481646
262030 290949
263121 397552
262958 319635
309830 475027
227524 358554
264834 272317
295685 380427
264716 360266
302564 404503
337289 360133
354086 356001
351314 363993
223321 355325
265465 406046
264552 358862
262133 362768
256497 264065
302896 481646
265563 269701
44462 481029
389140 421280
354525 424328
421592 436679
366482 420026
366395 384744
199706 424328
336868 355778
364813 380336
265371 303212
299424 370193
339917 481091
304327 319169
307208 484095
377640 414321
354728 362873
320485 378414
260102 312311
253861 272427
369899 375711
375730 429374
252102 317780
345957 429931
363018 435777
244007 277120
339824 387784
369213 401980
364449 379287
44462 396937
222254 366563
308583 376168
256474 355601
308275 310726
254630 258455
272317 467024
376276 472998
218388 265983
263956 361180
337825 354782
156471 387006
265563 366488
237889 423673
261601 391211
227524 400591
262971 405965
328854 377944
368190 435466
258648 297347
314029 370201
253108 435777
345957 464342
318861 475615
377640 426909
381378 385021
264995 308717
81029 317376
236850 261693
282516 354720
379287 379350
351159 445508
351159 424896
219313 310572
11619 266069
360371 392466
319240 422392
392709 430494
238628 243344
250003 340874
355961 434466
385722 434466
238682 373574
346671 360280
384302 454836
470252 478303
276079 349748
346027 475027
275493 360683
215793 318861
269305 438788
287322 312664
351926 451300
323065 354580
243563 469468
229379 339720
263409 368265
361009 383118
291552 307863
230050 377640
366271 437775
259915 351446
361930 378040
270162 379287
347416 428787
286317 428982
354982 417656
318646 472985
355759 358262
244537 484658
300413 475615
325002 402346
321203 369375
9530 319635
223642 263408
244537 366956
252102 322450
380824 381992
268802 467466
365588 434024
301364 472985
363574 420311
379144 478754
452909 470972
462667 482271
252699 324422
319104 428426
231948 398131
265350 286317
399862 430493
380998 474823
473172 479618
210313 359910
383949 423067
332973 360266
308938 339328
230050 302896
215829 326806
216277 362063
384371 428924
276390 278671
349205 355231
287598 378350
268661 311430
225298 230640
200135 363055
310723 364813
306361 441691
270625 354739
266987 304353
282892 380888
221452 358983
332973 405330
323099 343741
223324 245539
302896 404375
253925 349932
287647 373952
283109 346050
276198 481878
264157 375809
309334 363574
418960 430432
341551 378402
346027 435096
223321 272317
355315 481646
263967 343204
306670 371475
250495 292782
305682 310726
306245 360266
308750 420294
253039 261868
247470 385090
325074 478767
254810 358154
264389 304102
278572 346001
301019 368458
369716 412302
230050 357555
296417 480960
261708 344393
362994 478699
323076 423673
355133 477999
324124 444136
295025 312988
380150 433623
215829 315379
251968 360475
310928 352900
287820 399968
346725 483484
300151 354580
355325 384211
302886 363676
340913 419313
376345 391676
250495 384109
274242 447001
261600 379475
296417 367034
218867 354923
336868 479106
325377 484669
221801 454836
215375 355265
263360 440674
338389 484903
285398 452454
314441 381266
325674 355605
307889 428085
262345 470788
247843 359518
215829 364289
274242 403172
396301 412566
351314 418695
361206 363999
363017 376272
331857 375767
259239 261708
367034 484658
361363 397552
272369 343619
300651 419692
355388 479794
251453 259469
272317 355315
268711 293777
225969 356001
365401 419475
253413 329757
267257 443495
359612 360797
322419 400467
216797 295025
388107 435777
255764 268711
366416 368683
358404 365720
330237 360242
381717 477613
226091 281821
481486 482564
349932 354207
467041 473172
243706 282058
222567 367029
346046 346067
354580 362036
284669 377001
314193 369757
437256 478982
362208 426941
260210 315379
354649 376472
341885 413436
388107 449328
262225 299705
160382 414516
258648 363193
253024 268712
12443 280326
295491 360498
354665 441126
296417 347168
306397 392709
5340 323901
262460 322570
272348 442699
225831 292303
354111 432083
225969 363999
366434 434024
261637 264279
233627 346196
302886 464342
229214 358812
375730 414321
264033 366306
308897 347277
388107 404375
322421 341885
302530 335463
252486 284981
253669 282058
379980 391592
367299 432279
216225 451235
379330 445626
368927 431800
342676 361206
161863 264951
339095 389103
364794 377954
237014 360522
289361 340510
360850 426941
444986 483570
264156 405726
273064 427695
356548 426909
252622 412566
256383 368927
285398 375809
236273 342374
225430 472469
360498 423399
245539 360498
263388 345206
263062 320566
351273 362680
368458 372088
349142 381736
221494 392094
265729 362010
302896 429931
355657 479106
289371 472985
252602 308897
230340 470560
264637 385216
270517 356972
252711 458770
256001 295685
265978 305699
231487 352925
323856 426909
362060 389160
262018 442600
323889 388107
352928 384109
287437 354957
215829 451080
355890 377954
216027 328570
265963 476100
324203 482075
346050 478982
353590 470298
278888 405338
336750 352925
268717 304102
355192 365441
248975 268035
249299 260210
216225 264414
233668 405338
228837 393312
254810 296417
246071 400591
264414 347188
368528 387262
308717 341082
274137 362873
288828 375872
392709 418842
261712 351314
267257 324422
225728 481920
378974 434024
358022 376943
298283 346088
81029 362208
270586 384211
209875 362441
363117 403701
256897 261245
306220 380322
252102 263774
353654 379350
222567 403852
215793 368801
261303 386212
8527 384517
272418 390331
203407 309565
248553 281938
274026 369390
261349 264634
476960 479617
157812 386541
251595 435096
299259 304102
320171 344456
356811 368984
308179 369757
405965 440440
262367 359531
264538 362121
295454 393097
37243 348565
259469 428085
369131 384018
252996 360515
278572 413436
268231 391311
386717 404375
421380 474823
228347 358320
339495 364578
264335 264606
258169 368017
346671 363763
321656 379287
354040 419004
377001 423563
300146 310596
301788 484525
316357 341551
351137 362803
259239 383949
312311 431040
363746 428619
257818 294339
338057 449884
265362 377061
362744 472469
318176 437256
358320 380904
215565 317159
357928 366557
356832 383199
252622 272348
378163 397798
322570 363286
343204 379111
462355 484261
340305 433623
322570 480186
339063 376056
331310 406037
346050 354125
362744 429931
259808 367013
266735 370460
268058 287727
241125 282561
289371 296674
355672 365159
296674 388107
302896 307940
311430 416429
272317 307889
431040 449884
346027 419117
245934 332444
361206 478035
355656 366974
357823 377486
355315 400467
220003 422007
339835 476960
279242 420714
370625 476948
332973 451828
292079 445306
261601 262193
319104 403852
324173 364802
261245 375809
341838 361636
302160 380336
267973 356405
278568 347464
264657 362680
299601 319104
306330 366863
254803 291576
226207 386041
302896 431800
215071 359910
346050 363018
292614 340823
230050 436049
308179 423067
361021 408005
278572 435777
397552 436926
263274 479617
302886 346027
353408 398632
367316 389252
322419 359345
346015 363384
354859 361475
311579 357297
261461 412324
318646 354739
332887 354876
222390 370542
355206 392709
246062 286788
354687 418803
237889 458770
251453 467466
200135 281513
345957 426909
305699 380785
379339 467466
290208 377486
326981 477848
309474 401802
299138 481314
273064 430493
354923 368678
263390 357047
336842 355205
245539 296102
217958 348442
259239 297579
263923 346671
278572 358140
307208 339835
346050 472469
267812 296215
345957 428085
307288 405726
301764 415556
417602 419370
240423 325017
259455 426548
383274 425561
215565 266544
53468 417602
215565 322450
377036 399970
310726 354086
302232 358159
245222 431885
311135 358812
389103 420311
322142 362166
262367 267064
221138 478767
314129 332973
250003 346389
264279 363642
219252 428426
264051 337451
261637 385958
257181 296215
355657 362441
157812 261712
321711 398597
230050 356548
262584 357555
309334 363018
376077 446215
305682 361206
354086 354580
335371 470262
309830 361076
327268 339720
358812 384302
262494 356429
362803 400591
258281 370193
307046 339824
219097 360623
253861 260762
296102 333837
315774 392709
363787 420294
265944 304283
296674 346088
265062 389913
260947 368100
294168 299424
252071 295685
369424 370800
332973 362981
259037 299166
225430 363676
323246 481103
363574 419117
264972 431445
379704 479861
286317 370625
362480 402935
264690 265023
253108 296674
266079 368801
286317 293777
301740 335321
301364 481646
272298 353452
416429 452909
286317 481920
339095 405068
243997 358840
262850 357288
379904 385216
257904 262643
284818 327336
295688 317334
283195 428259
418082 418868
215071 310572
346088 464342
263253 296215
259469 481646
260408 362387
268379 430494
225969 360850
230340 435777
437550 478927
319279 360797
259037 419087
267430 330875
324890 339186
356425 436926
314067 362680
53468 264995
272645 319104
258383 288937
221801 355541
287820 306245
272317 377640
354739 481646
313603 363676
365817 452780
333837 357823
354487 376077
362649 452871
333277 339835
362937 446215
221265 324124
272418 295491
316589 317272
362300 379144
260385 417175
354525 458770
272418 478035
371985 433109
216911 321703
262238 354558
265343 380054
420311 472985
379339 472469
336701 451974
378323 412324
287598 302530
344456 382800
351446 351490
320147 404658
244537 484789
347345 380904
319240 463058
435370 464342
205402 227868
310572 396937
263774 330737
223321 310572
274242 378163
249636 376077
249749 328169
256001 367220
300413 317123
265056 333277
250498 426167
261900 378578
358742 451974
311430 375730
262320 302625
316176 441543
316032 352400
379350 380227
336666 352603
70846 344456
355046 441126
222139 428924
263774 266544
303634 309597
284981 460236
356505 451828
322450 330737
429374 436049
271450 351497
258428 462664
401514 479322
259895 478303
225430 379339
348944 443824
369965 386717
237889 330787
301788 356405
302896 364119
261531 301740
258648 370938
376345 391592
301420 450838
379888 464342
222399 230538
375730 388107
322419 393241
332887 354982
272645 339495
220751 358525
351314 401802
410294 480132
406046 484288
362948 481920
354558 357288
307684 417510
350512 384109
269305 376077
228284 252622
307940 428085
377024 437271
307940 397798
231572 262027
221859 340823
345957 452909
262850 307272
316609 358742
225298 328854
302886 375730
279242 295491
380888 481920
260010 265077
55077 343741
260810 268138
362014 373905
242208 373574
241416 463051
289371 467466
400591 475615
248342 435777
394394 421842
302896 454836
359531 478303
227524 282251
354923 372654
299138 480853
379350 478570
348010 448073
328777 480763
305372 376475
259457 311121
306614 392094
264020 323580
320025 365441
266458 346437
355217 368831
364907 376544
259469 307889
256383 425561
258198 300087
324105 437402
318646 452909
414321 436049
336741 357928
367406 406549
223321 384211
281928 292035
290663 297347
377640 481646
245907 441691
262367 263121
356405 470252
216223 329418
363999 417602
283109 435096
339095 481646
262653 276594
263274 368458
276914 432083
262177 302961
226284 452786
376272 408295
330787 355046
357591 470262
481038 483313
263083 419599
300061 353292
241337 256593
301364 346046
265062 350386
367756 428417
269886 337825
346088 363018
257118 420294
261497 439585
379339 418868
251453 346015
309334 429374
354961 417142
297579 405068
352516 362649
242057 307479
300589 478516
304895 401303
308897 382250
343325 348573
252602 258105
358140 435370
273064 320949
332973 368632
309474 418695
478892 481878
343867 373404
397798 416429
331019 386717
363162 429690
302896 463379
262306 291900
306397 418842
300413 308533
241416 373574
216479 360609
381382 388940
354982 457513
326031 365694
318803 379601
338057 403614
346509 366999
309334 481646
249299 356541
378350 478501
359531 377969
296577 362688
225969 484903
261366 384015
219476 354558
341082 360498
285298 315397
184266 354687
303015 342374
426909 435096
322419 389103
309591 366488
252602 338389
256443 348168
338157 362649
285021 352257
220751 312455
232424 330875
271628 315379
269571 403459
261254 429089
285298 382250
339109 355966
404375 472469
222573 261023
476100 478303
354040 364320
259037 423673
339095 383949
318861 361626
53468 339844
265562 339186
303960 345708
341082 343867
355013 470252
270538 372005
265104 479322
216802 290541
305651 306884
240055 307183
263253 353863
215565 268379
216225 357052
338862 346725
258383 272418
162749 483825
274712 400591
219548 432083
346088 389103
254480 320485
260408 307701
314029 324122
258774 311360
344456 366474
356001 361084
428085 463379
314004 355966
363313 368801
279242 310726
221930 341551
219169 438483
414321 467466
225577 451828
340989 378040
355656 484658
245907 454623
343001 365576
318158 361923
369038 377954
293288 302564
264414 356230
258091 317334
262942 388169
158762 386289
334448 387662
287647 418960
362105 377944
361471 458762
199706 308717
301457 356972
230050 379339
267163 287820
348168 480158
229135 290219
342235 457230
301021 373979
345571 352516
261531 272348
379339 452909
307889 379506
333633 359575
221466 452780
227163 375942
260102 417602
369411 408367
264033 275493
346725 359688
386717 420311
271308 401802
244537 363668
360034 418082
256458 376445
366746 377633
366974 484095
348010 362936
330694 355077
265748 400175
252102 356972
261368 338345
225983 481878
356480 445704
364907 482457
340989 344456
216190 368927
363746 385958
264867 384851
261499 376827
320566 362166
289371 318646
258105 308897
313504 455607
264639 359910
351137 412566
258149 340330
225430 346027
356548 467466
269305 395654
324122 365625
263694 357928
263694 363313
217381 410257
272317 314004
265044 295702
330787 419087
352925 358854
307181 326806
317376 424328
269305 363668
281187 368831
230050 322421
310448 472998
275603 299300
257818 345681
198767 444136
322419 331019
479461 483283
302896 464342
262367 385523
230050 345957
413436 449328
215793 410758
328181 379204
309830 369757
263754 399968
381717 445508
355315 375730
286301 397863
278888 364907
281821 357392
375730 475027
259469 472469
274712 364813
277541 434552
278568 348461
365625 460348
216911 378295
445162 478303
3084 265563
270257 321706
379888 403172
356001 357823
267163 477848
290949 429690
341885 379888
356989 447942
263923 452786
355657 434024
357674 447537
273541 351137
157812 359910
262193 372155
311290 344456
346067 362688
263657 345957
305416 343027
338728 355593
280333 290246
276062 339720
393566 408146
293860 334564
357065 371958
325527 452786
414321 418868
252699 356042
346015 429374
305416 358867
246071 319240
254193 315379
272418 308897
379873 452780
283109 302896
379339 429374
349467 355533
295491 376732
296792 344393
322419 435777
379339 464813
259469 357555
272645 364578
359206 441543
326630 362592
215829 406162
379612 419371
262613 286548
262158 426568
262320 324806
285398 375942
322450 355206
295025 358983
265728 418268
263205 377686
316377 469689
225430 419117
379888 426909
303424 370936
323720 428982
318861 383949
301585 373404
266970 363836
346340 350512
221494 382972
369981 373905
380093 430432
254630 357320
55077 278935
257181 267812
313603 416429
420311 464342
258455 377486
290921 311825
351908 451828
346050 485663
264639 270586
368678 400365
266079 269601
274311 429374
355778 358154
360683 371067
296674 355315
481486 484095
357555 361076
346015 464342
252711 369176
332247 367697
292303 477908
357459 470142
301788 452454
302961 359799
325612 362948
225969 323065
297338 354957
370119 412566
296215 383949
229379 354499
242208 340361
11653 264972
263923 264033
265171 335153
264033 379873
358404 399511
258281 294168
334002 354791
225969 245539
386717 403172
259469 346067
228918 410481
298573 378974
334928 344115
309415 479606
259037 418438
262812 449270
354923 470152
314976 356065
303830 304895
309334 393241
330787 354665
262188 419765
267101 387784
298283 400467
219097 297431
216252 392094
260665 269571
369162 472469
403310 432886
360532 387006
263923 362680
356811 366997
348107 366997
241416 368104
305699 360252
296674 359345
259873 424328
385958 419449
282007 351141
381840 440674
216225 377001
369716 383973
346067 369162
302896 467466
263073 335153
352925 473172
370625 375942
272519 355605
366997 368984
280098 476795
245539 384952
424328 449884
379339 481646
361084 484903
257290 300574
44462 386541
348849 463379
369757 420311
355261 470142
252602 484903
321711 348107
78429 481878
361076 429374
157812 418695
25008 432412
254337 364589
362060 369176
262494 312999
324122 351446
349486 357040
321455 354415
259400 262640
323856 340937
220003 355645
367220 483313
296674 464342
254810 482271
258281 367406
355656 366999
268482 269349
300413 356541
285398 324124
269349 386156
362092 424183
341885 419449
379873 386559
352522 358777
452414 462468
342676 369682
341208 371067
267890 278935
264977 418447
304895 376345
274764 366974
216252 442699
379888 472985
269601 310448
334382 469689
368458 408295
336868 462355
272348 416534
304697 476136
263253 379441
306003 377033
266544 356972
263360 404658
365891 376024
342889 361446
269305 343535
267257 354923
301459 383042
340330 346464
354687 392709
260947 400142
283351 392495
261191 434466
320936 328111
261303 351314
352925 439585
352603 482835
256383 429931
266735 451080
400591 469468
325527 384169
264649 417378
215071 217958
278412 367034
242285 309415
263270 386456
262105 393139
254657 308741
237837 410294
231751 315130
339109 349957
351209 428056
297990 362105
263062 340330
252102 354665
300651 346634
367034 462355
387784 428056
233627 369176
399968 419692
269601 312981
362948 363193
371475 372023
215071 440485
377640 397798
263774 356972
431800 485663
339720 392709
249299 263694
287394 405330
262319 354558
313950 378356
259469 363018
258281 316114
354207 401303
256897 377969
312311 403614
348455 349205
306245 427514
229214 377944
318646 418082
215659 217381
258301 262640
334564 361465
265728 372023
452909 463784
203407 263774
354739 428085
392617 395654
225916 351446
377001 401878
264932 356953
298283 419117
262160 351250
241436 258428
355966 478501
281928 380888
268379 356972
276198 360141
289902 428924
226574 295025
312981 324122
272317 359206
290551 355279
217402 469240
225298 370589
253686 376732
367851 451828
262519 264515
308717 354580
399982 452454
318861 380336
259400 314214
393241 426909
324122 363313
483283 484658
262306 481249
362592 369131
363018 388107
393241 435096
264444 378402
251871 377686
452454 480158
379256 479606
231487 441543
253108 385958
358862 381840
355958 364589
307208 355778
340937 374309
269397 320147
246071 268482
317123 387006
301464 391826
296027 319635
264709 364885
362744 426909
225174 335153
269305 347184
262027 355890
259037 315774
366434 418960
299424 406549
309572 451291
349124 483228
389103 463379
272238 363162
242591 347915
363018 464813
221494 315379
261868 414321
221265 370625
255465 274026
341524 379704
331849 357320
245451 361112
199814 386023
316114 359837
261601 290541
222247 309830
223321 290541
255764 323720
253108 346046
327890 376345
331849 449884
354633 355051
254810 352252
263168 408910
381378 466121
259037 322450
276062 296684
272427 334100
369162 467466
219548 360609
250495 478121
252699 267257
320485 323967
81029 342676
371985 419952
199706 301585
366557 460348
328088 367830
263904 377633
171887 220003
259895 261900
320147 362592
321260 417656
347464 367686
285873 321706
367835 460348
308533 358716
382840 416255
268835 414624
268182 479861
258105 310726
360133 364737
337825 422168
346037 449328
362649 443988
315774 418842
317691 385787
297661 366565
335153 478570
378414 397552
275364 315011
261601 418695
243077 323929
378845 462468
343412 366434
349960 361363
280772 352035
345681 360266
354415 362144
247843 320566
307046 351015
272348 324122
352928 357052
342262 448054
297990 328854
328181 368104
271308 357879
215832 354952
261900 265963
244537 355205
245816 294053
229179 448054
313007 383274
265709 344786
294179 416097
353549 361540
258383 300151
307491 407818
356319 377793
296577 358140
249299 324122
226004 469880
268668 354728
269701 325017
252711 441126
316176 483825
268379 392709
257789 292616
265773 395654
200457 341189
367545 426909
262105 264156
248846 251412
330694 358019
344456 384638
272317 414359
278888 428924
369757 413436
354739 375730
345347 384273
221494 261973
308541 329380
264639 272317
335321 365625
401303 428056
346015 426909
223023 365745
379999 445806
253039 341885
330737 419087
293362 362334
370625 403852
232564 343027
251849 361458
362036 370508
259873 317376
256383 435096
309830 339095
435370 470972
294339 365858
349428 359216
262160 369131
272902 341938
369391 478982
344456 371267
291574 357591
346037 429374
274137 354813
286186 351273
254193 271628
318646 357555
342434 447173
259951 365402
246071 356541
379339 414321
283249 325527
296102 478035
157812 478877
272418 301585
223324 315017
360141 378803
253686 362208
301764 356641
348849 418868
238682 264039
274242 464342
431800 472469
285968 316032
272317 343535
314615 329471
262039 348455
217446 359848
274764 479794
244230 259239
364034 404833
304895 337825
322450 430494
260665 450909
357461 385026
264645 297151
261497 307684
259526 277541
251968 469240
379140 386884
333633 362592
263694 392094
259457 325919
233468 335321
289228 354791
215071 364016
261245 480158
247461 300289
223324 431040
301740 362803
276585 370508
297265 469240
262158 427793
419117 447001
263918 350071
288840 361107
262554 352097
429374 435777
263629 315397
435777 464813
223136 362014
308897 354525
258169 361433
347979 351273
231487 423630
221233 398597
355299 397402
229214 363642
292807 391942
319240 392094
221859 319104
409581 479606
261900 328773
269571 426632
349508 362649
194214 404122
295683 428924
265686 434729
346012 419117
331019 369757
225430 289371
342098 421801
220003 274376
264538 320359
315774 354665
219252 348168
251968 411825
363787 419494
311344 417963
363117 409581
262584 403172
307940 375730
342235 384620
359295 399718
298283 403172
380888 428982
44462 215071
251900 440674
216277 238112
244230 377944
363018 379888
400591 432886
320184 342676
343023 376077
346050 364119
231668 263354
419117 452909
355050 360532
262584 289371
265564 366997
300574 337451
302896 369162
339992 378402
348056 409666
379888 472469
269886 362680
357907 417235
261427 304697
382004 400175
286234 354558
263168 348965
301764 352928
356042 367817
308533 412566
252711 354961
199814 370460
287598 478501
343204 356713
256474 437955
266544 346196
286371 444688
252622 363313
55077 426191
334308 384015
299767 327801
355315 435096
216252 233468
225916 368686
302967 384018
264335 288602
352252 479461
259239 321449
256644 424183
300574 362680
285298 384952
234310 307786
246071 301740
370671 401878
379339 463784
354360 442600
345055 373648
326767 363193
353246 396673
442795 467141
251453 346050
310129 401802
460971 482304
309591 379696
358513 480012
248342 485663
291744 296280
336868 369075
312311 373404
274764 358160
334564 378736
342889 428426
260810 323099
339095 428085
265350 363193
268231 381992
273064 377024
221494 380336
357907 362948
259037 354687
327268 369176
318195 358563
296215 360532
272418 354525
250244 350199
216286 363827
358140 472469
290299 377033
344456 361423
320566 406037
220849 253108
360133 377007
393566 398890
308275 357320
392270 412566
362649 369716
244230 311135
366482 372326
482271 484658
247219 406549
278572 346046
169551 270538
284523 363081
253727 385216
371067 394227
306253 347184
324804 399970
254193 300413
333401 423399
309830 403172
225916 294168
354813 356972
263253 406549
290219 356713
263864 376178
229264 248564
263360 473391
254193 363313
378769 477868
366513 414982
349259 349588
315680 391601
400433 413035
284981 453293
250617 314067
271628 475615
348510 361180
262995 447241
349467 410257
265734 363822
376168 466121
246071 387006
353099 363976
252818 306245
292475 358840
272238 434729
343741 369411
305372 362680
265978 378152
305260 359675
302886 447001
339095 346027
290208 361084
312262 361475
274712 380336
330341 478121
258341 442600
269216 338272
212015 385824
252622 335321
346509 483283
318351 359151
257245 356256
256646 447006
426941 461930
310623 363205
6275 291574
391211 401802
325074 377036
349640 436926
346015 348849
367406 377969
371475 484789
281537 357005
306512 319635
360280 392423
219097 234296
253024 258149
253039 435370
382250 424328
251849 379287
317376 360498
333837 449884
324318 436005
252999 375778
249299 342374
368169 469413
355645 367686
296684 309565
339186 398655
262419 351446
354558 451828
308179 385958
231572 307567
261461 325074
388107 418868
278412 352252
333837 403614
377353 481878
336741 342374
274712 383949
391457 473172
272348 318861
389810 484532
302478 444136
339917 397259
385958 464813
261708 321449
266376 355533
223324 252602
334061 335153
300574 376345
257118 430432
267973 360310
264709 359357
245414 262367
346001 357555
447001 463379
355046 389160
307940 403172
337340 362948
364678 417980
364000 379350
355657 483283
287820 385216
377686 481920
363018 363574
326981 344393
285873 300413
317123 364813
261023 391669
338345 345719
311430 379506
256443 285398
244241 320936
222573 380227
326550 333982
331310 394417
297185 363435
393241 463784
269385 384490
252102 276689
357823 363999
251453 278572
282588 296181
311121 478877
363411 481878
335321 387006
347232 372088
254719 323099
325690 381098
351777 478320
346839 379287
301908 336764
346001 393241
264639 481029
307959 323856
311135 405068
268057 433157
363676 375730
263663 339976
292475 300688
296215 310448
262241 344479
270625 475027
244050 269305
273130 348965
354633 379372
354961 356972
233154 261799
383949 435777
269305 406162
373574 383003
380794 474823
281950 370083
260130 344786
351575 366828
212015 386665
226218 339328
203407 418842
296257 376077
346196 441126
346067 419449
233154 245323
259469 419117
338389 417602
296099 381333
300093 342307
223324 300151
361107 364683
322421 333994
347942 417273
323889 363019
322396 354040
168216 220592
225504 339495
256996 366953
260102 317376
286523 362649
381840 384490
325369 352603
295240 433157
344087 419494
264389 362710
480826 481486
339720 457513
258962 362820
235090 278823
419970 440689
254900 331310
361084 403614
310226 350386
258455 288937
336868 479461
258424 317159
360252 378152
265717 366488
173229 341198
212015 384517
254942 358576
216277 298875
298552 306330
348849 400467
348849 418082
362592 381840
244537 483283
262629 362181
262958 315011
156471 199814
221561 257555
267812 302160
258105 357823
339095 346050
217958 258149
286317 323720
346067 463379
268182 383118
351314 359910
267415 483117
265245 389103
247153 416561
481486 482271
300574 304895
384018 388510
221859 261245
367064 421725
264279 355541
326981 339095
351926 479606
320485 392617
349960 360266
377486 484903
216190 346067
338057 424328
250495 359206
261245 348168
259873 376732
304697 351446
462667 479461
262768 279441
262105 307288
344393 384302
216133 404658
309565 467262
272348 472998
381167 474032
263390 323720
414321 447001
262584 346046
275493 277120
307889 331019
332604 416255
346050 389103
360730 431885
335463 355944
284320 355566
254227 405330
310668 379182
362649 383973
262483 479955
356230 368169
319104 370625
358635 375730
282091 321999
215829 358554
216455 261303
366828 380904
300134 385216
184266 276689
289081 330875
262160 385824
270625 416429
294179 376792
354461 360154
225577 309572
435096 485663
274137 330787
328777 381097
287598 421842
300151 352706
369695 476960
268802 481646
335321 475615
277541 345206
54666 251775
256443 283875
357051 358312
256190 345752
327801 427679
307684 339917
339495 342889
217244 262506
326888 379975
331849 431040
346196 360492
328777 428924
254193 392094
347978 406046
296577 354125
283195 376077
291295 381412
367832 441600
243349 263640
249299 269601
317468 432279
365891 376330
264645 460348
362680 451828
347942 376345
376345 393312
222247 435777
313967 363770
216190 354125
339917 356848
311135 371169
263121 392617
254803 350698
296674 346001
347464 469413
262160 351490
308897 333837
326767 377686
270625 404375
285814 364320
252711 276062
363089 479256
292385 420095
258302 358867
355231 363435
289371 369757
345826 424827
345731 382428
311469 351908
290524 485010
229238 338057
243903 336842
243903 457016
249299 267812
230340 254803
283249 380227
307940 463379
253039 296674
333401 347277
354724 363787
233630 367705
346671 365891
282892 325612
339186 376345
296504 395535
418082 470972
254322 364802
272317 346088
380904 382058
384952 478035
306614 364813
252602 373404
424896 445508
418868 449328
263238 345361
431800 436049
263663 375942
308318 326031
247668 454207
479106 481486
356954 478570
293860 415536
241256 335074
253039 394869
307567 378191
259808 354394
296577 467466
324804 375080
341551 426568
264639 310572
312311 354525
308750 363787
233627 252711
327889 414237
363787 482063
272418 423399
240079 363482
308938 321853
366974 483283
384371 483570
343619 405890
256458 261233
210313 357879
363787 440674
337383 375767
264995 333401
302564 358072
360608 477455
339095 416429
156471 236273
283290 358072
345957 418868
339795 475027
302160 306614
268035 391826
227524 386023
276585 362036
256460 272298
216027 364649
268802 272317
253413 276390
299198 369855
261427 441543
250495 269305
378163 472985
251595 339095
266079 356541
352121 358548
359531 375809
317159 425759
327124 449089
216297 299601
248244 415139
251968 405575
81029 245539
248553 451828
379287 380227
363822 384018
394751 408236
231509 385216
289429 452780
300651 405330
339063 435777
357320 449884
327694 338777
289371 419117
362688 436049
356548 379339
273480 444856
261245 264157
346037 435096
301585 361084
263657 379888
215832 343204
267163 361423
264065 324173
216911 301633
273541 386023
285814 363574
268607 296137
287647 441543
346037 428085
53468 245539
302961 358081
325296 480090
216442 265686
361180 448323
472109 478927
361076 472469
287820 392028
204961 362680
341680 393840
290663 325612
254193 383949
269349 387006
305422 336790
257789 264156
286234 456405
244230 363642
349770 370532
240618 480609
292616 297431
260210 400591
330787 369176
216455 401802
354394 362680
259239 355541
258091 353048
296215 357928
346671 347464
354957 404092
359364 478490
261023 379350
362688 426909
216802 391211
356548 393241
339095 418868
447537 472836
364813 382972
247668 367013
280772 410257
262178 356213
390590 427772
273541 360532
412566 451080
338057 354086
347672 368169
227524 305790
267257 391669
265354 450527
307889 414321
216225 381717
288937 317376
295888 374455
266079 271628
271628 358554
262435 426568
314343 428982
252602 279242
363642 369757
162749 367830
306548 420714
358812 370589
355279 445508
287598 378529
344393 369757
373404 382250
288139 301050
222399 386896
53468 354525
366999 484638
256429 333633
261584 418960
332164 417335
308717 424328
267163 337976
267163 426909
357051 390722
351737 418803
267012 351926
347464 354923
428982 482438
307889 361076
476046 478754
251871 357907
262460 307288
317780 354499
217402 238497
346037 419117
337088 370109
302564 378040
301633 443191
300093 479266
317468 421380
245323 362680
269305 384863
259951 393566
256897 328901
258455 264995
277541 383042
449328 463784
360493 419465
384109 415556
288937 333401
385722 429065
250617 353864
383274 416255
296215 362110
329097 362592
225298 477848
309334 341885
338057 338389
320485 342434
357047 370938
358140 472985
317780 339720
279242 380466
356425 414359
348849 369757
311430 386717
358554 411822
352995 400175
363193 380888
272645 348168
274311 356811
273541 463058
334061 360493
282588 283249
285398 480158
326804 417706
268058 479618
216160 360242
254803 261708
318646 404375
428223 464342
262768 308208
252711 423673
353549 439403
337825 340944
354813 362060
252102 252711
306983 361363
266376 365441
262367 399968
362208 377486
252102 354728
454836 470560
279242 354580
296181 370542
296684 354813
218006 377784
318158 418008
346050 377640
227752 264657
447942 479618
307479 437955
272317 414321
251900 308750
216223 341208
306330 375711
405726 450607
225969 352706
215730 258301
297579 358812
188312 473172
310260 385722
348965 356056
229214 371101
359518 362166
341351 384109
357555 464813
244020 362820
362680 406022
267430 367910
260210 261531
365720 392466
223321 261479
267460 358997
393241 431040
245903 266557
335592 417901
252622 266735
354957 435619
356981 441543
296674 435096
265371 478570
215730 259400
343405 428564
263923 265371
259239 327179
375080 418447
263918 377867
264645 478070
216225 348056
261712 362334
216455 443191
346027 386717
358072 375872
296215 335321
233627 276062
230050 470972
252996 294168
369757 435096
229595 244537
252622 296215
371594 481878
249299 312981
316029 379350
302896 414321
311135 344393
384048 434024
346027 420311
367323 433109
355315 386717
354876 367939
301457 418842
272298 360608
359866 368104
386972 436607
256383 433664
260947 369497
269305 322142
262039 349205
263556 327801
360569 391601
339835 358154
410257 413496
302961 448165
290299 292475
302967 320147
272418 420714
362688 362744
250495 364589
5257 230449
301587 401770
358151 476960
317039 351185
323967 345347
328412 420295
233146 352257
283195 444029
331504 343204
370508 461930
354923 378965
249647 263864
314004 358862
243344 406012
403701 451828
365682 381382
261497 294168
266079 363313
262519 309555
399982 418379
264605 382177
280551 381823
258169 348107
331849 333401
278572 464342
296102 357320
346050 379506
358554 386023
290208 341082
354791 364721
370719 383118
316338 383118
355593 399511
354923 367686
480960 484261
247003 254803
305682 341082
230658 263726
256441 360850
53468 382250
294312 339824
438085 445408
246071 358554
389103 419004
298283 322419
228606 447173
403172 435777
339637 418960
267430 385021
329380 380948
223324 305682
349428 354346
355388 462355
297316 344456
320503 478754
305651 354901
349960 352925
319169 400591
341551 368632
256646 277541
274242 435777
261769 268035
249373 334448
433138 433209
263754 320485
320949 478754
225298 460871
378402 430432
276431 286186
325074 364133
262613 384136
304102 304147
371169 383949
263774 268379
216802 355325
342235 376345
363124 406037
324124 374280
226319 362166
346027 428085
228872 356641
231572 325448
267199 363054
351446 356480
253108 435370
307288 393139
384018 405330
378402 396052
320936 337432
237889 266544
261007 354923
300151 420311
257430 290921
296102 356001
327336 363089
341885 346015
306190 346671
367406 445162
359345 363384
251849 335153
238112 291386
263253 364885
356811 429374
253686 295491
262613 264938
283109 472985
302961 437955
292807 352603
400467 429374
261479 357879
324124 445162
366746 441543
324511 391249
241337 358851
278572 435370
227524 246071
262320 380044
348849 358140
299259 438115
303634 477455
227524 370460
288135 345492
259254 345259
307491 343526
167106 361599
262746 371388
78429 358867
301740 410758
358140 429374
226574 263967
233146 278616
262415 400591
249923 264028
362334 478877
345347 378414
324806 344456
258149 463784
248342 256383
274376 347942
272317 311430
316578 320147
259873 420714
308717 363999
389103 464342
315112 381698
354952 428056
274712 469468
354580 363999
244007 472929
360683 376345
301764 371682
303315 389377
263774 355206
11653 292303
301071 320295
310260 381064
343273 401878
234739 344456
216455 483688
327268 354813
262415 357928
230340 357555
270586 386541
267812 469468
271308 359910
267101 354910
258301 450731
278616 385824
300093 378356
267430 363017
345957 485663
346509 484789
345985 382428
374036 379601
274242 346027
358327 360242
315774 441126
263629 362208
338844 385432
225724 258301
375942 377969
346037 470972
269142 367406
267101 401303
221138 311344
358140 426909
265350 370938
361418 446215
259808 433623
335321 339090
296674 298283
368927 429374
405330 441875
332973 383199
481486 484841
221138 324804
264389 299259
210313 355325
413436 435777
272348 306614
347277 431040
332887 430494
300651 482438
395772 407323
352925 360515
262367 293328
258149 420311
431800 472985
359423 371577
12443 231509
261900 378699
285814 357643
376345 387784
352928 364404
296674 470972
356056 376297
246115 275364
233331 473172
404375 429374
221494 310723
245960 340989
246672 268712
352157 410402
323720 480158
272418 276585
377001 390436
234420 368458
205402 280346
253796 386972
321260 354876
296504 364929
348107 359939
269397 440674
343925 395654
251595 322421
377633 405575
366434 371475
296577 356530
359688 432119
263923 297904
327758 334458
322450 417142
341551 382800
354982 367939
250495 441543
294742 388169
216190 253039
359345 435096
254301 275493
404375 416429
345731 427900
248342 472985
287598 357858
388107 463784
394394 478501
308179 321449
265056 393139
343204 481249
363787 365851
302896 363018
245838 379475
355778 479794
358918 379258
237889 389160
270586 396937
341551 363822
254193 364813
379506 470972
266735 368801
248244 312455
356515 469413
260102 300151
367408 370542
262158 363708
263202 331487
288937 356001
381364 430432
384863 454852
335371 392495
244537 254810
251453 449328
226574 312988
262030 349142
262306 376808
263754 323967
393241 400467
360515 370193
342374 460348
261745 335636
373700 385451
245157 317469
379350 386896
319591 414886
388325 452120
244520 356541
328854 479504
355778 484789
366953 415556
233627 356972
328269 398824
323065 357823
326981 371101
270139 369553
262494 405330
363574 428085
254900 397552
361206 362036
388169 389631
216797 359206
229595 347168
401018 480987
366953 456340
215071 261479
366819 441543
267064 479526
384092 451605
270625 464813
299853 351575
249749 263388
368678 442600
263238 388169
261712 418695
314807 415139
288207 311083
381364 402154
346671 452414
265459 384551
335321 464050
346088 354739
262629 377061
256447 369286
313967 363773
307889 393241
295951 358541
378414 395654
261600 295899
346050 400467
301740 317123
254942 347232
221233 258169
267082 293379
354739 416429
233146 398824
318646 485663
384211 483688
307705 480826
354125 358140
256897 370625
261531 262415
244763 295702
382840 384863
263409 355370
216237 336687
296181 346671
225728 428982
230340 358812
261637 326981
341551 344456
306614 342374
319279 380150
307567 364794
215793 249299
325677 360613
244426 326804
232461 426022
400467 419004
227524 262962
356001 484903
293441 381698
329418 337825
363574 418868
362110 442699
389103 481646
346196 458770
357555 428085
219252 355013
309830 355315
317123 392094
355315 379888
344393 370589
259469 379888
320092 373905
377047 447006
337825 376123
353864 355645
307940 363018
270625 332604
225298 254803
361180 361219
404375 418082
354961 392709
301740 424417
302896 318646
307889 348849
223642 224181
379506 388107
264474 345672
320147 365851
256383 272317
363313 382972
484645 485586
292035 357907
331019 447001
257904 335153
301585 356001
259512 351777
259457 401802
231509 335153
265563 309591
306190 360181
306245 329357
263640 364133
348849 463784
429931 436049
268802 414321
216252 305790
261416 268097
215829 227524
290341 361626
307889 389103
429986 479494
302564 438465
265056 307288
339795 470972
301764 451235
352252 481486
284818 345347
341885 419117
315774 330737
342374 383949
221138 418447
258149 343535
369889 379350
385958 423067
265433 434024
373312 382779
260197 284981
258149 381717
245414 263754
262189 264515
333266 368699
300413 357928
361076 413436
440005 484121
321320 360329
217958 386541
316114 370193
378163 449328
380466 403614
261531 351137
219252 379372
377944 383949
376505 398698
317780 362060
368164 480987
342889 403852
264039 478570
296474 306330
346088 428223
261531 271628
354728 354813
258281 356848
234296 292616
351490 356480
341082 347277
227524 296215
258105 423399
362649 364519
297494 349467
339095 414321
266544 441126
211998 304669
346839 356954
428085 472985
427463 478310
358160 479106
283109 435370
433623 477613
262519 390475
411010 423067
401399 483570
378402 481842
184266 281031
249299 266079
358554 360532
328901 476100
263774 354961
230340 435370
302564 363591
217402 251968
364802 385523
379057 449089
306548 373404
359345 464813
349679 474032
265773 479526
204615 361548
346046 379888
309565 354554
295757 334061
255764 363193
376368 483313
304895 362680
215375 381736
348442 359910
264554 282397
215829 296215
251453 400467
250495 343925
215829 274712
380074 424183
227163 365858
357674 380598
221419 365439
310520 398824
355778 366974
305682 357823
296684 418438
307940 418868
297579 311135
244520 335321
384290 474032
285298 390331
269305 362649
225430 388337
262518 397552
336769 452780
355046 355206
352138 376345
347942 362680
403701 428924
296792 339095
357879 481029
351118 424565
359612 433623
215832 435412
302896 389103
171887 379975
298492 358474
307889 339095
289371 418082
418082 472985
243346 262367
361923 424328
354952 447241
294179 482826
272418 339844
351159 430493
326366 344456
217964 358404
267812 356541
254337 301764
313454 441543
215570 378588
324124 361465
301740 351137
53468 361206
357555 388107
297591 298717
220849 379339
296674 397798
346196 354813
230340 355541
264033 364893
295797 374455
323065 424328
283147 363708
428085 463784
244230 261637
351596 364543
362680 363763
296577 353741
3084 364235
301633 362146
333277 380024
479461 484261
245907 313875
264515 304697
344393 411010
248572 366488
81029 357320
298492 333667
331849 360498
307208 352252
216225 350512
257829 261637
216455 348442
263354 356918
354813 354961
363384 483484
463379 464813
302564 451828
263208 381364
307288 413632
351490 362649
236273 301740
290541 310572
233630 320147
221452 359424
322450 355046
279242 315017
263205 290663
263694 460348
81029 370508
215793 460348
295491 320184
55077 369411
336687 355657
360034 435370
301838 357055
266544 268668
294129 367220
331019 348849
261813 356989
305255 356918
386896 400365
263694 351137
354961 418438
246071 310448
301336 479762
305790 424417
347979 356694
343925 354340
261531 335321
301740 364813
225969 295491
307272 354558
388107 413436
264657 302967
306397 467262
263270 479606
194214 320359
301740 387006
229795 355866
222812 251775
184266 367939
311121 384211
261973 300413
264995 423399
254900 346464
276533 307288
244520 348010
286548 478892
272418 352706
374455 411250
336712 446215
262193 311121
228347 324124
358404 399968
314067 356515
222573 358310
44462 261601
274242 418082
237889 418438
232888 257829
305790 362110
351022 354488
351490 397552
296266 406012
296509 302530
346027 389103
361423 431418
247219 360515
378483 431418
346015 379506
260102 310726
421380 432279
376445 390651
243077 261799
362649 367797
261751 315602
322421 362744
363676 404375
288840 401907
293379 379350
358140 416255
216797 384273
262710 457723
238616 362702
221859 285398
346027 467466
157812 262193
339795 361076
355315 388107
251968 331201
258105 312311
255764 292035
253413 272238
263382 367034
264893 479861
364649 377446
223324 258455
258383 424328
243440 360266
354739 388107
366679 476136
352252 484261
249299 271628
249071 380334
260762 484855
265563 360485
383973 412302
264649 352522
256383 278572
216911 281043
348849 355315
220531 359398
375730 404375
261601 311121
316032 444029
270586 351314
361540 421842
295899 421592
237889 268379
254900 406037
325612 370938
346067 379339
262238 374213
347942 348099
295797 451300
305230 342181
263388 328169
379506 403172
289382 399862
228872 306330
227752 343204
266970 368686
252037 335153
261023 265131
311360 361170
233121 354791
287647 372088
393333 481878
300413 305790
329757 352522
223324 363999
367406 452454
355541 377944
357879 481021
262554 377724
264639 414359
354560 385808
256897 379372
333633 430432
338389 347277
229829 408146
209728 441953
350071 375777
329967 419371
221859 355013
238497 356602
231509 480158
5340 262320
261368 355865
399968 447149
315602 407546
377024 424896
280700 350708
362592 378402
323421 477973
324122 406549
409581 480499
263864 363054
270625 370589
263121 263754
310723 312981
245838 261600
375730 413436
263341 330959
349320 372169
273398 276390
351805 409581
344456 382863
311344 324804
320485 360266
339720 458770
274376 307046
261254 262643
347716 378414
340944 376345
301585 403614
338990 432412
479794 484638
306614 383949
420311 435777
258383 308717
351905 355896
262241 311816
296417 476136
357052 451235
257700 305810
295050 351777
327179 428619
317159 367939
300651 357047
324804 378769
387006 424417
310129 414359
379287 379721
305988 323280
253108 485663
263657 272317
221801 264279
265686 290949
358994 413697
370460 475615
200181 400365
299424 481091
266970 480987
171887 341189
366974 480826
366565 432279
157812 261479
365016 376345
245544 373312
356224 357283
309597 383118
318158 449884
363054 376792
362063 484669
362110 370460
323076 354665
228347 380904
215829 297151
353346 363068
313420 398824
358404 452871
262584 428223
221494 326261
234071 308541
320025 418081
296545 363318
311219 405330
283131 448598
238112 362063
223095 361850
233630 381840
317691 350098
370938 428982
228825 367220
234420 265081
362649 398824
222726 405890
221265 355013
258042 378089
261024 430620
253686 258455
346671 360181
244537 283131
263253 325690
346088 470972
258341 452786
364119 379888
302896 309830
301585 333837
251453 377640
260302 262768
341885 354739
281950 358716
296509 378350
366956 479461
309334 361076
300105 481554
300692 386559
363089 433623
369682 449884
302160 339090
361405 362108
364995 376345
341351 351147
349142 389649
339844 484903
264318 306866
271640 362649
368716 417763
295797 352138
251968 320416
290921 360526
338389 341082
385636 438788
344393 355541
296271 403701
320147 479618
480960 484789
359829 366395
337825 341189
306548 362036
358862 420294
265056 301019
264010 382863
315017 360498
231572 377954
261890 300935
295683 379110
215565 423673
346001 346046
301067 476774
294168 352925
258428 351697
236273 386023
341082 357320
220849 251453
339844 361084
233154 360280
359939 361433
246071 365625
265165 304169
366557 400591
264867 312987
359345 363574
262193 309474
360293 440273
284601 324806
264444 362649
357879 440485
318646 368927
260210 357928
268711 370938
3084 356042
287598 314004
370532 384273
370625 445162
216225 270225
335153 385523
296674 369757
348838 378529
249373 361266
386380 433623
290949 367697
416429 419004
349957 365851
482271 484638
258648 268711
206542 272424
318646 413436
204961 481994
262494 343027
220592 437256
332194 349430
272348 297151
344741 354476
220849 393241
341282 358535
258455 373404
339095 358812
335153 367208
309591 378207
379506 404375
251453 318646
157812 293831
296255 357879
256443 266970
346671 358309
395654 419765
227507 405330
378163 418868
262160 269305
228799 337850
472469 475027
233331 355205
215829 347005
375730 385958
342374 358554
264933 356230
268182 451828
355249 362592
263209 425979
340330 394417
262962 386023
275493 484824
331310 369131
348849 389103
304930 379204
251968 324810
276052 363836
263657 346067
278568 378338
347005 472998
351137 361918
237837 369442
254810 462667
360850 449884
222330 262320
276079 343966
356541 366557
318158 390331
295491 373404
484095 484841
262193 481029
317123 339090
290541 359910
261531 339090
268057 482306
309830 464342
261402 324856
354791 414906
314193 454836
223369 317714
341779 412324
261712 483688
241416 363708
268035 357178
330737 362060
413632 480987
219252 480158
225969 417602
359939 368984
274712 339090
251453 363676
229179 382779
356224 384015
289371 379888
363574 447001
331682 370671
363017 371469
259469 413436
257290 261799
311121 364016
317468 469240
275493 293328
397552 479618
252102 355046
274242 429374
337825 391669
351446 384048
225504 364578
262160 344456
301587 354632
216554 364119
354859 480012
384302 423067
233893 373620
296029 354901
339844 384952
365439 451291
252602 308275
298316 438085
472469 485663
166244 328777
262133 362649
261254 265734
199814 318861
215375 377878
251900 320147
259457 338039
258424 430494
297579 313034
289228 414906
380336 383949
296684 441126
216225 441543
362146 378295
266058 417335
230050 341885
302896 346050
388107 389103
248342 472469
327179 454836
216225 304697
230340 346067
302486 306330
464342 464813
265343 362361
290208 354086
228534 231228
199706 338057
313603 447001
264893 324511
230538 261023
362110 382972
262193 418695
234396 253413
282588 364000
361930 478962
217958 357879
264538 312778
290949 358737
314067 383118
287820 419692
296577 332604
263857 367029
245539 301585
278671 362092
302896 413436
300651 363817
354791 355217
264995 484903
221166 311997
371267 378040
53468 418008
233630 366271
252999 354360
379980 384371
263904 388107
223324 354525
232888 254803
308897 354086
399457 443216
245414 263253
298283 346015
313829 442460
258455 333401
262306 273480
263326 387211
297494 335153
298283 389103
270517 423673
270586 310129
346067 481646
272348 406162
355656 366956
300589 426632
314029 364037
393453 448035
323511 352257
403210 420608
269601 410758
237530 354649
307940 341885
261681 360200
271308 290541
305556 352438
358812 371169
462963 465759
252699 297508
261195 370555
356156 378769
363124 399982
263967 304895
215730 249647
274712 335321
293777 380888
355315 363018
263121 267064
251453 362688
307889 339795
263253 301396
370508 384952
278572 379506
53468 420714
262193 478877
380820 480987
228463 263686
360608 379818
282633 484713
346046 449328
263774 327268
354040 403172
263354 314214
349957 381717
343658 382423
261900 369390
258149 363019
286428 360473
225298 339095
365891 417273
306245 345681
260570 323580
81029 390331
380734 417677
305459 315775
254803 297579
309457 327650
361918 475615
343741 408295
386023 400591
269305 318195
216911 418960
417273 427562
254719 310520
358151 475814
344456 367830
265245 418082
346725 363574
441543 477613
260443 346027
363124 370193
339795 481646
272317 355865
416429 472469
301364 356548
219476 306330
317123 357928
376732 418008
295491 300151
370083 400591
308022 336750
354813 392709
338844 381823
331849 362036
258654 299886
296577 346046
300651 362948
385722 430338
385722 445001
229239 375730
368686 384018
261349 294304
419494 445704
259469 318646
270139 354394
360944 371308
381064 385722
339795 418082
237889 417142
216442 352522
381773 440190
228825 380427
314004 349957
266735 369895
356972 418803
223369 314214
263253 277541
272348 433919
252711 268668
262809 273668
355231 431926
261942 263202
339720 417142
270625 359345
366434 441543
341885 368927
445162 476100
307889 420311
309474 414359
291582 476960
366135 368984
262188 414516
370193 473172
310572 401802
368104 478319
265371 282397
346027 404375
302569 364907
263754 299424
344393 385958
263087 344456
343027 365807
260947 265433
365576 393097
297338 323421
312778 323580
435096 472985
347277 354086
369757 464342
281928 300651
221486 337623
315774 389160
263974 308022
435096 449328
263657 301364
301457 360492
352252 484841
371532 392423
363676 472985
325074 418447
237889 322450
262039 355231
369424 443988
257181 324122
158771 318165
370589 385958
367299 405575
225969 361084
342374 357928
268835 361512
429986 481091
274026 362768
353654 452786
300413 324122
308219 401907
260947 325863
354525 360850
406367 452786
358160 481486
379287 428056
382697 452786
354878 477725
258341 261023
309830 363018
223324 290208
261973 472998
231509 378414
229238 308717
261819 378529
256443 257904
254719 263253
295688 351646
401018 405726
314004 482063
363574 403172
222247 262584
359518 473172
245539 285298
363668 364133
311430 388107
259512 366395
341483 362937
219313 271308
309830 447001
265717 378207
417901 421828
253413 434729
296577 393241
258455 390331
379111 405338
315397 360850
225969 403614
216225 228872
215071 311121
366843 478754
311360 343741
259469 385958
335153 359424
368927 435096
262584 355315
229214 308179
225430 418082
278572 378163
383063 419692
366288 370593
256644 262850
310726 403614
288828 425107
399168 452780
346027 346046
263253 344456
256383 357555
362036 420714
435096 435370
306548 384952
300651 377686
354813 418438
368699 424827
261712 440485
350036 482546
262971 376077
334008 379975
351905 364133
262887 347170
263253 399968
275603 286788
223642 322061
253413 332247
347168 480960
354425 380024
282892 300651
354927 374455
257181 422392
312455 356694
356001 377486
363642 383949
273130 380308
261813 447942
304697 323889
211998 379350
335153 407487
253727 352900
205402 369134
340507 366999
269305 361423
363377 478320
270257 308533
342374 434359
296674 346027
256897 301788
225430 311430
300651 428982
254803 314193
285298 362036
335321 388638
229214 261708
249299 272348
380466 384952
248975 375711
264414 377001
354665 362873
310491 383118
261383 408910
284320 351214
225792 380033
298527 364907
236273 300413
244537 347168
317469 337722
357907 380888
341551 415243
228347 302478
259469 467466
210313 270586
259239 339095
390331 420714
339917 367406
184266 327268
348849 362688
216190 362688
337053 351777
250498 296255
254810 476960
318646 475027
308897 312311
349467 353452
316114 336750
347942 372160
385205 408695
340896 351446
332973 437955
291576 470560
278568 356515
264183 296504
255465 261254
231487 266970
264657 330393
361446 448323
379287 432660
316114 360515
244007 264389
221930 363668
301788 375942
362649 408617
352264 356587
260102 484903
252602 449884
326261 342374
156471 301740
339191 346671
338573 346725
254976 263864
312999 405330
227524 261531
322421 393241
355890 375730
339095 423067
270625 428085
335153 362680
221930 383003
347168 366999
219252 375942
308275 323065
256383 435370
302620 391601
251968 301765
356630 464893
338057 360498
184266 362060
260010 308925
350369 439120
312734 369538
416429 435096
263253 444896
343027 397181
349365 376188
261994 344458
262306 330341
354649 399457
291295 297494
346671 417273
300413 361918
264538 362424
418008 426941
334448 358513
254810 347168
237889 259037
283109 426909
362153 416429
265056 441953
385958 400467
363018 386717
371333 379873
217958 391211
348596 354040
251453 268802
261303 271308
225964 379350
314029 351446
248572 262958
231487 428205
306397 354876
258455 305682
245479 344456
377969 484525
346120 417078
261405 329380
269886 346671
254958 355718
262367 480826
310170 329357
301159 341947
302886 420311
272317 386541
262367 300651
331019 467466
283109 429374
278572 472985
314733 390651
253794 405575
362153 483484
233809 302665
309830 379888
272418 360850
344456 405574
272317 386717
347591 409007
284274 357836
361076 418082
443017 480960
296792 454836
296543 417763
262238 262367
288071 352400
346027 378163
226193 334876
305682 363999
482271 484095
254719 426191
397798 449328
369411 371469
253039 379339
216133 354724
269305 357705
368966 369027
252602 361084
340989 368880
336769 365402
351446 398837
263657 414321
418438 458770
357555 393241
307940 386717
285039 333547
363313 383949
348442 481029
347277 403614
259457 262193
291232 365048
263754 399982
225430 362744
346027 472985
254193 475615
308717 347277
229238 305682
240055 479618
324124 342889
264995 308897
275493 344456
262965 356070
284981 401303
342793 400175
350512 360266
341551 362649
319169 406162
320236 347581
348849 428223
349508 480826
307491 313171
262794 349208
379888 464813
349142 377878
263408 379191
274242 309334
404251 435233
355778 484261
369682 390331
372335 403852
216252 460348
323065 377486
264639 304697
472985 485663
263657 426909
262958 295683
225430 475027
305260 363411
318297 324122
254480 419692
215565 392709
223366 264717
274376 313829
366565 469240
360869 360891
256383 383274
359345 363018
342262 373312
184266 299166
308022 370193
258455 276585
335153 382697
325376 341826
300105 428994
261349 316054
267257 346671
259037 296684
340271 354633
258774 343741
332973 351905
363676 379888
428895 457513
358022 363591
310448 383949
219905 370936
230449 484855
362361 374529
379888 400467
346015 403172
311697 393312
272317 290541
228872 311083
285873 342374
328901 375942
225567 357048
370034 401399
346050 393241
262320 332973
242067 296135
228506 296255
264951 476046
251127 256339
346340 362710
283006 348527
261890 298316
278572 346067
254900 336842
314499 479606
310726 484903
296674 435370
399968 405330
244230 297990
364893 383118
365851 430432
362110 383949
246062 299300
390331 461930
262982 438483
377941 391669
285873 412566
296871 307046
261200 345708
356405 403852
315397 361923
264639 363993
414321 429931
296870 384053
426909 428085
296577 475027
354739 361076
256383 385958
295379 361107
5257 352834
236273 411822
363944 436786
262367 271555
362820 436679
349823 376272
266735 387006
368801 410758
347168 462355
296215 386023
355988 370532
258742 308622
357150 452780
308741 355319
363019 441543
274764 484095
309830 339795
230050 346067
259895 265963
394394 426654
263657 341885
285018 354607
357823 360498
362744 389103
11653 346671
359531 370532
362748 378402
370258 436049
356480 366271
354791 479322
263774 417142
318646 363018
216452 369820
254803 321449
267064 392617
249647 338562
311344 418447
317468 380794
293379 380948
271628 460348
44462 264639
369981 380921
215730 223369
384863 417864
310129 418695
403852 470252
389160 417142
258301 263864
253099 305682
375608 379873
358309 362680
265350 362948
362744 435096
263774 268668
221233 368984
403172 435370
479794 481486
316114 399982
215730 356918
3084 351777
376077 418770
379350 379975
301071 301072
272418 308275
354961 360492
274712 363313
362744 364119
333982 380378
269142 399982
262584 426909
296674 400467
263798 331831
346067 379506
357320 373404
308275 339844
216133 473391
275815 351209
351209 414378
333401 357320
293860 380904
263657 472469
339844 354525
260363 404190
344456 363377
379704 381992
297185 418770
365402 452780
256383 364119
380466 423399
258281 312709
341082 382250
297494 470034
345206 434552
347834 478187
378529 478501
279242 478035
354791 380378
260102 279242
262518 473172
368144 456405
357879 418695
332973 354621
322450 423673
219252 324124
423399 484903
264649 290949
289382 430493
289902 299663
369757 426909
276585 317376
361206 361923
259808 401980
274712 368801
357320 420311
309555 351446
361433 381216
362208 390331
360266 365380
360515 397259
254719 376272
200181 379287
264972 386559
365817 379873
262189 340896
375809 412698
275493 411898
252622 362110
413436 472985
358464 389168
358497 470252
272418 343867
362334 364016
242249 379087
212015 366410
310448 380336
355315 416429
264187 354360
298283 309830
266079 422392
256429 278823
266544 299166
251900 354724
295851 365312
395535 405574
267012 406209
273047 317955
306548 333837
282892 363193
272317 416429
266735 271628
254976 464383
204604 245451
244537 355656
248342 470972
221801 230340
311430 346001
295321 319104
333837 339844
399862 427695
377640 470972
257181 380336
215071 396937
361923 362036
394791 405965
216122 401018
348838 477760
251871 326767
252711 354665
265717 305372
324804 325074
377640 378163
310448 339090
311816 362649
243253 389103
252996 406549
365588 372023
293373 365312
290921 382628
428994 481554
303015 403310
221859 372335
355657 443017
318158 426941
317272 469413
314214 362399
348838 353549
262450 333633
320147 328547
263125 380150
328854 363746
297494 340944
351490 378402
264867 383063
221494 318861
389103 428085
264995 356001
268035 303830
346067 354739
360850 376732
366999 484095
409581 419422
367316 379350
261799 337825
309555 406037
247668 337797
263205 341551
370625 452454
44462 216802
254066 263754
244230 327179
260810 363017
215071 401802
262238 264010
379506 413436
307208 358154
240055 351490
262741 304895
304697 380921
298552 299300
356042 377941
80059 302967
361076 369757
288937 357320
219252 221265
172229 343706
307208 333277
303208 454071
339844 403614
301788 339495
359345 428085
307940 322419
308275 363999
324464 380044
301788 348168
355599 374332
386023 460348
247668 312664
339917 340271
339992 346762
263774 354728
405965 426503
215829 319169
346046 463379
246548 405965
357048 402346
264709 476960
260102 306548
300574 312185
296585 379350
318646 429374
341551 362981
246914 312397
285814 395772
264279 370589
230050 404375
274311 449328
330737 369176
230340 393241
363322 477760
263640 363708
221859 283875
273541 387006
261531 362803
346509 443017
344456 452871
263205 314343
379506 472469
249299 317123
385787 389182
246071 392094
277120 340944
329418 472929
324122 342374
373487 449404
221801 232888
348965 354791
266970 362768
289153 428056
354923 429842
283875 324124
233154 381097
387784 401303
247843 254900
271555 430432
312244 362166
315774 423673
320898 371475
225969 301585
275493 376345
262367 436786
412566 433919
400591 419270
371321 376272
198767 361465
362547 478396
301457 327268
353864 362680
233154 391669
251453 348849
264552 363787
309334 400467
302896 348849
281537 347379
245451 361107
261712 262193
435777 463784
238616 356355
306548 431040
262018 354923
346067 419117
262613 262958
242249 436607
231509 350815
223321 401802
361540 377536
373715 476046
259037 330737
251453 413436
377148 444957
309334 339795
341885 346037
264279 291576
390475 442924
269305 340330
318297 382863
363018 419117
271628 410758
360266 427514
243563 266079
308583 442336
261973 432886
215565 299166
282892 357907
375978 398824
230449 260762
210313 440485
296577 435777
302896 420311
216252 380336
362680 365439
157812 310129
345957 346067
258169 366135
268661 393241
223500 432279
226091 332118
300688 358840
379287 478962
317714 379602
359345 361076
299166 356972
373669 447537
262193 338039
263121 349960
339992 350844
397798 418082
264110 370532
357052 384109
264335 270162
258654 297135
396301 422392
263904 343204
225298 264279
412566 475615
341551 360493
296102 362036
351314 364016
230050 413436
360200 361027
222247 389103
254900 394417
377486 420311
204604 368104
311430 378163
379643 380378
258105 323065
373684 379364
262948 361930
294785 303145
363018 416429
279242 338389
326630 369716
246747 347719
368880 371267
256935 312185
349168 376309
309334 452909
289081 376168
346046 369162
261799 346508
359612 483825
276201 386156
216366 352603
261015 363574
345957 357555
265094 344456
220509 335193
220751 481570
393313 406209
262584 359345
379506 435096
272298 477999
355645 422007
254630 263629
420311 467466
375892 384849
334458 357348
23064 260649
246071 266735
245960 248975
358812 477848
314214 352544
230050 435096
376077 418960
400365 442600
359531 403852
302530 361540
239938 300659
358310 379350
300151 356001
346088 393241
369274 455607
256078 290277
339109 348838
309830 348849
254803 371169
479461 484658
304102 438115
264995 420714
341082 361084
307850 359295
312311 478035
308717 431040
272645 480158
390651 401399
400433 451291
322419 361076
261303 309474
290921 383042
302783 409231
339004 365682
346015 361076
307940 309334
253099 333837
261973 356541
311360 426191
253099 431040
293860 302478
258149 262238
253039 472469
222574 229795
328169 355718
354086 357823
346015 363676
258169 315476
251413 278886
287820 360266
220592 266987
261769 317272
354961 418842
217958 261712
262904 419494
276062 392709
327758 340874
216252 364813
346015 447001
273398 352522
171111 344547
219313 391211
225916 360515
449328 464813
372689 386414
312709 352925
253039 435096
297347 482438
346001 420311
324122 392094
225298 261637
379873 399168
307272 340691
265350 377686
362036 373404
293373 481038
348849 403172
259008 347232
298283 379888
260443 363676
301633 359356
305682 449884
331849 423399
157812 261303
225298 369757
257181 302160
252674 262809
230640 323046
376345 417273
308179 460871
259457 356425
462667 484095
262367 332973
267884 451818
264554 401303
323421 350036
267064 436901
347277 423399
310448 410758
352572 355593
270625 369757
321706 400591
325919 329915
227507 418960
339883 395535
225792 363745
378917 478754
362710 438115
318635 354957
262367 384273
319341 400591
364578 403852
365851 389445
263088 400175
357555 472985
355315 369965
346027 361076
378323 477868
369162 470972
278572 289371
366956 484841
223029 307567
244230 423067
364016 372155
371327 371333
221114 479322
268668 423673
316338 355809
362105 385958
419449 435370
259469 452909
230050 309334
225969 339844
345957 389103
314193 383949
317376 354580
222567 444136
251968 253794
319169 443017
270458 296526
264977 324804
259239 328854
309757 480053
339095 418082
351137 400591
346050 356548
341779 356156
370460 386023
357748 369497
265717 478212
266970 384849
384018 430432
254193 336741
248846 281871
274137 354728
262519 351446
244537 386239
264634 346829
237380 481920
340944 354952
283195 352400
260102 343867
320416 331201
293883 339881
264279 435777
215574 304697
302896 346015
359837 399718
337383 356355
351314 478877
259239 370589
229595 333277
352926 419465
290913 387262
225298 229214
346046 361076
268802 302896
362649 384863
264156 401018
306881 362339
285735 291906
5340 222330
270625 378163
230050 389103
225430 339095
360200 447488
292169 357705
219252 342889
265857 358674
283875 285398
305790 387006
309830 375730
257290 339191
281453 370214
352252 355388
404375 419117
313420 484288
263918 358810
230340 270625
379210 386041
370589 470560
389103 418082
295685 365891
308179 362105
225969 357320
184266 360492
297579 371169
216832 481842
215565 354665
404658 430432
264645 470142
347464 462468
351310 379350
360664 448035
254719 351284
389103 414321
355593 380378
328777 337825
219252 330898
230050 416429
229214 296792
347464 379975
418082 435370
414321 435370
215829 382972
227524 392094
253727 384018
225298 257829
229328 397133
315017 339844
346080 435370
233331 349640
256897 340823
348849 464342
339917 417510
260810 426191
263857 415536
296684 356972
301067 367203
253039 419449
377001 479101
276420 300574
346001 470972
311430 449328
308717 339844
311430 463379
364589 371682
360532 424417
262455 368646
265077 354932
225728 290663
331849 362208
240079 484713
256383 485663
336741 392094
262105 265056
335321 382972
204961 281821
283285 402060
216225 444856
216455 386212
266987 437256
270625 449328
414321 452909
256383 273783
263657 435096
184266 259037
352925 370201
345957 470972
264995 424328
290208 331849
467466 472985
346671 378845
322419 463784
254480 480158
322419 363018
263464 337797
223023 376368
323967 392617
341170 344468
281928 363193
378163 379506
400467 418868
258105 449884
290208 417602
255764 362948
290541 391211
229595 379894
256497 337053
362592 443988
264028 449270
355315 359345
337432 344192
346050 359345
220853 334037
369716 430432
401303 452786
358423 380074
300151 373404
264538 460850
311827 331310
249647 360183
268661 428085
409799 412894
265978 360252
297347 362948
301764 357052
353654 364979
230050 362744
363574 419004
265459 392500
320485 370532
263780 405575
326519 345837
323580 347915
292614 470252
312618 323076
295797 321537
325527 345008
264972 354782
301587 355265
356972 419087
232165 269305
263205 292035
363308 435370
302160 364813
53468 258383
256429 319169
231487 265094
211998 267257
386200 484803
266376 349320
260762 261890
276062 418842
271308 356425
347277 354580
419692 447149
269305 395772
333769 419425
339095 358140
288937 417602
300134 379111
254719 312995
366956 479106
359518 374213
256001 262942
225792 341826
360266 370532
236273 261531
265960 296782
355388 355656
311344 337641
352900 383063
296930 373700
268058 364133
160382 361363
369682 382250
216911 479266
355388 480826
367034 482564
354040 363574
335321 416534
301585 341082
267884 305230
339090 412566
267082 282588
256383 345957
259895 328901
306662 308541
339844 431040
309572 375978
254976 360183
418082 447001
399968 449960
250495 376167
264639 481021
297579 363746
262241 360526
212355 364133
219409 272233
357047 357907
263657 393241
264832 356042
258341 368678
288937 403614
360266 378974
198767 263857
258455 417602
263253 363019
388107 418082
241416 296145
317123 370460
305682 308717
263657 348849
309830 419117
217402 324810
386717 413436
344456 437955
254193 324122
296473 314544
334051 360141
253108 419449
233630 437775
336868 346509
359531 480158
411355 416523
264639 357879
256509 407822
267257 346300
386023 424417
262375 364802
266544 309565
307046 410294
254950 438399
281031 419087
298875 362063
362060 362873
479794 480826
302896 447001
310260 318641
263694 300413
322450 354665
268712 362592
330289 392495
308022 397259
258774 408295
261868 346046
355315 377640
282185 358072
261799 330382
345957 364119
229214 472985
305230 312066
367527 421491
349960 458162
300738 353770
265963 283875
258281 308022
258383 315017
318861 362110
259469 463784
291574 330289
325448 364794
258455 272418
1008 482075
262613 305372
245539 361923
340330 479618
278317 361636
262160 268058
298283 426909
296684 355206
369756 376345
357986 394794
261708 314193
358140 370258
221859 415536
369162 379888
268661 346015
302967 362592
353793 418268
333401 354580
254193 400591
315379 410758
264279 369757
263253 444198
297494 309591
304891 417378
341208 362649
223642 347197
420306 421592
264414 366886
263377 313983
215980 283006
357047 380888
363322 394394
339095 356548
238497 324205
299084 407586
362121 404122
346534 365301
307940 361076
309334 389103
264444 296504
368100 434024
225916 356848
341885 345957
378402 443988
363017 480987
357461 359285
366956 366974
290541 386541
360034 379339
261769 382004
245787 344741
301740 342374
257555 262367
356425 391457
220849 435370
336868 462667
269305 378414
261349 269593
258455 263629
378323 380878
261700 370745
215829 342374
462355 462667
265564 356811
306003 349142
354499 354554
285021 350708
253039 414321
339917 370193
346088 414321
389649 401770
233668 370912
262962 266735
341885 449328
261708 355541
272348 358716
316578 365851
228347 334564
316416 376623
229829 363976
261023 462468
314499 441158
347345 478303
317159 330737
358716 412566
251453 420311
303158 438788
177742 258455
289968 361027
272317 362334
296585 297268
316054 368169
305422 332973
233627 327268
331111 478303
348838 394394
379506 386717
300651 481920
351905 392270
274606 482075
230340 263657
256897 283875
264639 309474
294489 298527
359345 426909
360798 473001
381958 411397
264498 431391
309334 346067
221132 357320
317780 458770
346037 403172
357823 420714
318158 376732
248975 478962
365745 433109
376800 401010
264110 418960
304697 478877
377878 389649
269571 362680
225298 308179
357555 435096
258105 288937
283131 362649
324511 379704
254337 355958
258455 301585
256383 348849
339795 428085
290663 481920
357555 362744
259469 463379
357823 361206
392709 423673
269305 331327
219409 285735
256443 261254
252483 375960
346001 361076
307940 463784
228347 299853
332604 346050
272317 379339
317123 319240
257904 350633
346015 375730
266079 318861
258962 362900
336868 480960
353874 401399
286307 400591
272317 472469
299166 389160
271555 362649
336868 482564
278823 357644
263168 358921
225916 479618
315774 418803
306881 356230
296792 308179
307889 447001
381736 401770
364270 445162
261245 445162
347345 361465
356480 382863
209884 331682
286317 482438
327786 332963
268482 351137
302886 310042
261712 478877
346088 355315
375639 436926
267082 380227
346046 403172
297268 452786
339095 354125
363668 443017
354558 383003
346725 354040
354687 423673
215375 300688
316176 360613
291576 358812
349467 360423
245539 342676
44462 270586
271628 301740
216133 445704
321221 371067
386165 427514
357555 379888
350512 444856
262367 380697
274137 354665
370912 376345
227524 266735
253794 421380
399982 417510
264995 296102
257789 360623
258455 461930
216252 351137
272348 365625
262225 330945
285398 476100
305230 451818
252602 310726
307684 308022
348461 354927
320130 348965
351811 478754
199814 246071
384018 384371
254630 370508
329967 354777
262584 270625
435096 452909
403614 417602
229238 356001
360498 403614
355249 362649
256458 314807
220751 300589
261890 357869
312664 398698
270279 362680
278616 391601
261531 356541
403852 415536
274137 276689
258455 308897
357320 446252
270625 296674
301364 472469
279242 362208
301457 369176
216252 339090
298281 336752
317904 340736
357823 384952
385958 435370
222567 331111
299821 387007
346001 388107
200181 317272
216190 230050
337353 367787
221494 368801
364929 378402
225567 440005
322419 378163
259873 426941
355777 357869
199706 260102
341082 417602
292614 348168
395654 418960
225916 263253
270625 436049
254810 362441
230640 364639
243997 262030
357879 364016
379888 397798
308782 428924
297579 454836
231668 263897
265171 342235
285398 328901
314897 369375
339095 435777
260443 418082
304945 422591
251595 369654
217402 474823
314004 353549
362036 426941
261531 263694
230050 230340
300688 349142
223023 383118
370938 481920
297990 371101
296674 419449
12443 360609
363574 371858
320898 441543
216442 363162
263918 315702
44462 363993
296674 346050
332565 378570
264649 302194
251900 269385
409231 470262
251453 346046
222247 379888
263062 374213
385958 478982
379888 447001
358554 361918
265097 420306
332604 481646
359518 361363
351338 416523
221452 226574
331849 347277
330737 330787
343925 385216
241261 259808
298283 361076
246071 475615
300574 339186
332604 426909
359506 440190
263967 428056
376297 384290
240618 246551
354525 417602
323967 343925
265339 290650
257408 471477
268661 339795
379946 419765
278412 374280
46794 376345
348965 358921
326031 401907
264634 294304
220809 223095
330633 480132
251900 365851
262809 296564
265056 360623
259037 354728
304697 363019
296577 348849
244007 339186
262193 264639
315017 363999
296782 354558
402346 449270
264883 361544
253861 334100
262494 358867
264606 265354
357047 363193
245539 264995
347345 361446
248248 325681
331019 435370
346050 397798
216297 365042
249647 258301
245451 401907
355645 367220
345957 354739
248846 251413
274311 355315
324804 478767
276062 458770
258455 295491
296577 362744
379506 416429
295491 318158
370745 380734
234038 378769
295491 418008
343867 423399
312999 365807
354580 403614
360525 387006
363822 428056
327694 391942
251900 358862
302967 479618
308275 333837
274376 444986
343204 343957
258105 343867
263774 354665
332604 354125
305651 362795
244537 462667
296684 330737
184266 296684
363746 384302
363676 464813
306397 354982
263694 383949
216122 253462
336800 479101
244007 483570
260947 269385
231228 321345
452454 478303
268668 276062
324205 405575
223324 373404
369899 483814
261531 411822
156471 360532
328854 339095
462355 482271
355778 462355
265245 416429
252102 327268
438553 482674
359424 430684
378340 452786
361076 379339
356505 367851
225298 377944
278572 361076
346067 403172
268231 324511
308897 384952
230640 258169
333667 358474
358160 366956
280098 366886
296417 358151
268661 403172
367034 479794
362068 379372
367797 378402
230340 296674
263360 269385
251102 369268
219252 265963
354720 372689
216034 351214
357823 403614
394417 397552
263923 282397
262519 296490
337641 418447
261405 303942
346015 413436
470972 472469
313950 359356
219252 478303
254657 380044
354687 360492
317376 423399
251968 421380
378163 481646
264657 391676
361918 412566
224337 391592
351209 376345
261497 356848
324124 334564
230340 362744
266970 378699
318646 403172
358674 466379
220751 360242
303634 421922
324804 337641
355511 382341
392466 452871
259873 449884
404375 470972
469240 474823
237889 281031
377640 385958
306548 333401
357555 358140
318966 482075
358160 462667
354525 484903
272317 338413
363817 385523
263270 292807
322421 435370
326981 369757
310723 363313
264893 391311
258962 376276
249363 376921
281821 426741
313950 321703
282397 340944
323588 404100
364519 370936
372169 438949
395654 404100
276603 375978
222247 393241
418082 420311
199814 236273
310260 414237
299084 351015
254101 397133
313869 416097
380820 429986
299601 355013
401470 444029
256458 390651
354086 363999
327467 362144
285398 292614
238855 351926
315700 362592
347198 420321
344115 344456
339795 378163
292513 360141
390783 463393
288139 372169
282251 392094
380921 388107
307940 378163
286317 357047
266735 422392
261652 365048
363322 378350
268482 319240
367022 377007
351908 363668
301072 410452
312356 440915
384302 405068
263923 451040
351273 363822
264710 351664
357320 418008
286317 292035
313034 351147
362068 406549
315182 332198
363827 442600
268668 389160
246554 321260
346027 363676
314004 434614
261245 379372
355656 484095
251413 480316
333401 431040
354558 369899
247668 362994
260010 358997
215565 237889
358716 384018
3084 262613
258301 263354
219905 324122
290208 300151
339191 364133
78429 286548
312999 444986
283109 296674
282588 400365
258149 367545
230538 388325
343867 420714
304895 360683
283875 379372
262584 274242
382717 406012
265773 392617
310723 400591
361465 478303
343741 371469
261708 308179
339095 377640
245960 266970
357320 357823
225969 347277
349320 438949
254193 469468
348461 362057
252699 422007
333363 479322
340896 390475
327268 417142
295899 420306
296577 419449
359506 437256
342235 354910
342026 381607
247668 276431
216554 358140
331111 367029
267257 342858
268482 460348
260361 263774
313199 352438
264552 482063
263341 390651
352408 366434
232888 435777
290551 406162
236273 262962
251588 300030
257904 265734
216252 296215
282892 337340
346037 452909
335614 353030
254337 351147
254803 454836
310226 346139
268668 369176
251849 268182
286317 362948
244763 265044
249442 290913
306330 363377
308717 333401
263923 353582
252674 369695
231509 363822
223321 270586
355315 470972
261023 283249
317159 430494
344456 356331
357555 419117
262518 304593
354739 379506
157812 223321
270538 356256
304147 346340
336687 352252
243706 253669
368801 392094
230340 435096
228251 281537
265967 299238
376732 382250
270625 339063
360798 365576
252506 360025
352138 368190
355865 485133
220509 377027
317159 458770
363999 484903
339795 420311
296102 301585
292476 484669
267257 380638
361512 381504
346046 346050
400467 481646
349259 361824
307889 403172
261837 334448
307940 346037
327487 355299
339090 351137
354040 464342
352928 356641
269593 391826
270625 307889
321260 354499
315997 379873
296674 301364
308541 321326
81029 420714
238112 332444
339795 379506
228495 264414
386380 415139
317123 380336
282588 324532
308944 357801
272348 319240
318297 384198
245539 308275
307666 401435
326981 385958
335321 380336
318158 362208
346015 393241
345571 355249
358635 361626
254958 256646
258428 304697
388107 419117
332604 341885
343118 362092
311430 357555
281871 446093
316032 373312
345957 481646
310448 469468
259469 322419
221114 263168
346453 366999
348838 418960
261531 392094
294168 367406
307940 429374
368164 405726
238682 362299
323588 356840
371958 386896
274242 435096
362803 424417
264156 265056
359575 362649
12443 286788
271628 432886
357052 364589
199814 475615
343535 419851
363018 397798
310842 369497
259469 416429
249299 410758
254630 362208
364813 392094
249373 332353
216252 302160
256383 436049
53468 285298
362592 483946
369810 481126
300151 449884
216190 302896
264995 361206
312995 405726
263377 362361
53468 263629
283131 328484
362744 463379
313420 350708
367203 395654
292303 378118
360266 379330
346046 470972
262238 355249
375942 418379
324124 367029
256495 384517
297151 424417
260443 452909
216034 345445
296343 355231
317780 430494
362334 372155
357308 457810
243903 374213
248975 264335
215793 227524
299886 305459
11619 317272
277541 451300
359181 484288
315774 327268
362744 369162
240618 356320
269397 356480
306881 428564
325377 336752
283109 301364
363787 381840
274764 347168
329102 341947
388638 418563
341189 452414
353549 426654
307046 324532
349467 396320
231454 384053
221494 358616
259457 270586
350267 362166
263694 400591
219252 476948
263694 266079
365312 376368
252506 375986
320147 381840
353099 378786
251900 384490
339095 370589
279242 431040
364912 384018
383710 441543
360141 362353
275015 384273
260443 363574
359663 361359
376167 444856
289081 385021
297579 377944
373952 418960
43402 247271
345957 435777
329757 429690
270625 346001
278572 447001
171111 377001
319060 379098
353224 452780
369497 481021
216455 351933
403701 479606
230340 369757
327824 343204
263657 435370
283351 373979
363068 381768
355013 370625
274137 296684
270625 363676
314615 357048
360133 370214
368801 380336
304915 361004
255882 380638
217402 380998
254193 297151
310572 348442
405635 461749
222247 341885
355315 428085
305790 324122
339095 447001
481486 484638
222330 344456
341351 364589
261349 426653
317985 398632
256897 342889
269305 364929
272348 335321
360472 382428
370589 386134
374280 478303
216252 249299
302160 317123
362105 363642
346067 359345
257181 400591
262887 337353
262593 347942
254900 473172
304697 310842
199706 323065
355325 363993
361512 414624
342331 373669
344393 386134
253039 436049
319169 358092
340271 452454
306866 346437
230050 419117
302967 384273
362018 379911
261712 364016
245539 254630
360798 451300
262415 317123
312987 385216
341885 357555
293441 362444
300413 342374
262584 429374
259239 302896
348965 356381
377060 433205
341885 386717
264156 441953
263390 282892
296792 302896
354360 400365
412566 478070
339090 342374
312311 338057
199706 423399
256078 302564
301364 362744
200457 231509
325863 362578
274137 392709
253099 290208
264552 477760
268058 376077
278572 339795
369682 420714
253108 368927
367034 378704
358140 388806
351490 364885
258383 362036
258383 323065
369757 379888
269305 324856
318147 337053
274721 347942
270517 312618
199814 361918
310726 333401
353608 369129
249442 345445
269305 291700
237889 299166
339795 472469
355656 479461
346046 436049
216455 362334
308717 373404
340330 374213
259457 261303
251412 261965
396301 469468
338057 341082
265062 299138
263694 360532
360497 422392
204961 259089
322419 429374
243563 335321
315379 412566
357177 409171
274242 464813
225430 307940
272317 363018
270625 274242
305372 386444
357288 362092
359300 383145
253039 253108
264649 434729
357555 397798
226193 264952
330696 353032
296149 379267
355046 360492
307940 389103
290130 414109
263657 481646
362680 389140
272369 453793
361473 367034
312987 332973
274137 360492
366974 443017
46794 364907
392709 418438
318861 422392
305422 344352
302486 379287
282111 344456
219252 299601
215793 296215
222247 472985
330341 330393
217026 301159
305790 310448
308179 370589
259239 385958
454207 483825
357679 379475
356548 362744
264977 377036
346050 363676
308533 392270
358064 476948
260210 386023
392318 399718
203407 467262
371267 379330
338345 432083
354632 358737
269349 397927
258383 431040
331849 354086
342235 405330
252602 301585
389168 476755
346037 418082
245323 480763
292807 327694
351905 452786
262225 404042
258281 360515
269305 348056
378163 472469
327694 352603
262133 430432
262971 348056
269571 275493
350199 440005
272317 356548
305422 363377
264639 355325
254480 341805
291295 364586
262995 346300
253686 424328
274376 407586
309591 359719
306330 385824
376345 437940
301021 302783
443017 481486
269142 354633
357565 441543
225969 258383
252818 303315
199706 357823
351273 374455
376506 377867
351777 441543
339090 360497
318646 346067
262415 412566
351446 406037
376345 447241
471493 481878
314067 363571
260197 362480
219905 309555
246554 354876
311121 418695
386717 428085
332973 344456
301838 367013
370589 423067
321711 366135
367034 462667
354525 356001
312311 420714
331111 444136
367406 418379
285873 392270
225969 449884
262962 475615
274242 388107
359230 369871
258383 295491
311135 328854
301587 377878
363571 367888
354632 355265
300413 422392
341082 354525
357823 380466
367220 388169
364016 391211
308717 354086
269397 354724
219097 307288
245544 342262
293831 425561
262584 472985
382250 461930
217402 432279
288937 361084
330633 368314
340944 410294
363676 428085
339090 366557
362441 476960
255465 369390
273480 326804
244537 386759
277541 332973
376808 409346
231498 264606
296271 409581
357555 475027
230340 297579
264414 351933
253462 262460
281537 352138
215909 407586
369129 377508
296181 296585
367029 465099
348849 379888
346067 463784
252996 367406
264218 305877
327268 452549
276390 429690
268668 317780
316114 358854
245539 253099
307889 362744
231498 285968
362299 373574
333982 356381
313603 472469
306397 417142
380136 399968
321260 354982
320147 369424
342262 367721
318646 470972
248846 451211
357879 391211
341885 464342
317159 317780
254719 260810
253108 435096
283109 467466
319635 481878
262238 349640
270625 345957
342676 424328
253686 259873
363019 477613
362680 376123
272317 404375
263681 480186
386187 437940
230640 348107
251871 263205
345083 351908
272238 290949
202677 262879
373404 417602
263967 481878
248342 358140
215071 261601
262584 377640
354739 452909
243903 355205
261303 478877
363993 418695
335153 476767
366934 476117
259895 428426
365402 399168
172229 269321
381840 445704
370214 377007
315791 362063
307889 363574
312999 358867
261254 369390
26218 216452
348849 362744
371475 434024
361310 368458
215829 351137
262315 369411
324124 328901
403852 444136
253099 295491
225298 259239
217244 362824
223321 483688
302665 370473
301067 345837
363787 430432
259239 384302
364133 383199
215574 338413
296509 316032
219476 379287
262995 289153
217402 405575
318646 435096
297579 362105
270517 433623
327487 397402
217244 278412
357907 377686
318297 457016
224337 264972
225655 381565
271628 317123
276689 322450
324532 388325
233146 347978
248572 275364
258455 424328
357320 461930
262193 271308
377941 379350
329312 385361
244007 438115
357256 484532
259037 276689
338057 339844
383949 396301
346015 400467
274137 369176
254630 317376
362082 464036
429931 435777
254193 460348
233468 356541
366974 480960
357674 393840
374455 431418
359531 395654
268802 346046
256443 370625
369391 389182
377640 464813
223029 264161
262643 441953
356540 413606
223500 438399
384053 428056
248572 286548
413436 429374
306548 449884
462355 479794
352516 479617
301788 359531
53468 81029
354982 428895
261366 357283
307940 379339
261712 414359
304915 379111
356541 410758
302967 345681
298552 430684
335153 360609
264279 308179
331849 338389
81029 461930
290541 351314
263657 470972
359337 365576
284523 351605
241261 247668
362680 378845
279168 478993
216442 276390
301740 310448
272418 420311
225964 296585
378163 416429
298283 379339
261558 292807
240618 349709
357047 377686
369682 424328
228843 261584
217026 342307
309572 355261
336762 433999
225430 447001
247219 399982
380998 438399
356989 378563
264414 280098
351905 365042
311344 412324
361027 478927
318646 464813
374045 408910
393241 470972
362649 369131
254286 263168
244289 300055
307889 375730
261531 318861
287647 451974
259808 376505
216122 413632
310596 478754
264515 363124
261303 481029
381504 414624
247843 374213
233630 384490
323076 356972
231228 303231
229758 361540
389160 392709
370503 376506
232888 371101
357555 467466
324422 431984
314193 363746
363999 403614
272424 361186
251775 314214
223321 311121
227524 300413
288840 441954
309830 449328
341885 362744
272317 429374
346389 408617
362110 410758
331201 366565
222247 481646
363921 383118
264033 352121
264995 380466
297579 386134
225969 310726
270625 346015
310356 317039
300151 347277
256644 307272
258416 307181
252244 269576
232424 289081
417602 484903
321711 352678
300589 433138
327467 354415
254810 265056
308897 357320
308583 383710
248437 264071
306117 352400
261601 441543
199706 354086
345412 484669
262160 415243
256897 428426
354813 419087
348849 436049
339095 362744
289371 368927
310260 434466
312664 337797
462667 480826
355315 388337
476960 483667
324173 432799
462355 484841
278888 346671
222812 236192
312709 370193
276689 296684
361540 477760
291890 354782
346148 397133
222247 259469
354739 418082
247668 264122
281031 441126
310726 417602
353458 360162
335321 400591
225567 363054
366886 370671
230050 274242
315379 318861
262407 479860
316377 382428
367408 447488
219313 363993
337451 358309
356972 362060
316114 392318
155840 337255
259873 384952
346012 435370
247219 452454
339063 359345
299001 387303
375942 410409
351646 364801
279242 308717
254630 420714
215829 358716
272418 279242
341551 351905
273130 352572
78429 360973
251968 367299
345957 355315
225504 470252
254480 397552
385722 414237
264758 348381
259457 261479
266970 335628
260402 262958
346027 379339
340329 377681
263923 344115
261023 380948
462355 484789
338345 378217
224337 482457
359910 364016
372155 483688
315774 418438
362649 446215
314420 380044
286548 312999
381565 383178
293860 366828
301788 375809
425759 457513
233630 257118
307684 399982
261842 482835
263062 397552
355388 366956
358777 379203
374213 394417
283006 337289
351497 405338
231509 349770
349313 352257
228347 478303
278616 367527
298283 363574
263253 292599
229214 259239
346027 414321
274137 355046
361927 376309
263694 269601
285298 317376
305372 359719
328901 375809
262948 290277
355656 481486
243563 272348
421491 484288
351137 475615
223641 259469
360497 360532
216797 376077
354932 397082
245539 260102
355051 406549
216122 276533
341805 397552
322450 458770
347232 442336
349823 363017
281031 423673
267012 409667
266735 356541
299166 417142
331879 341885
222547 225567
348442 418695
345571 361423
247843 346464
260746 287600
245539 382250
251453 346037
265963 445162
270625 400467
274242 481646
226574 231509
360492 362873
260810 388648
264995 331849
377640 386717
251871 282892
254193 339090
266079 383949
354927 358997
265717 385749
303634 379818
219252 272645
296215 360497
363787 369424
379506 475027
352522 379203
274311 428085
318861 356541
216267 322142
356541 362110
332194 475814
302486 382423
298283 302896
225430 452909
424896 427695
272317 366819
323967 344546
447001 472469
215565 354961
274311 339095
360183 376792
265073 359531
340989 385824
262850 278671
259457 310129
397259 429986
320566 349960
352252 355657
307491 406084
221801 261637
378414 479526
222247 429374
252015 352928
479794 483283
424328 461930
373312 448054
363746 423067
266529 432886
221859 359531
355506 382628
261900 328901
242285 314615
251900 473391
320949 393275
305422 427514
428085 467466
361473 476960
355656 443017
263974 355051
378323 381364
258424 354499
358554 400591
313199 341826
256996 294383
261799 381793
247668 358335
371333 452780
216252 357928
260947 369857
332604 485663
357823 361084
384517 478187
346671 431445
261590 280904
229390 325905
323099 388648
264108 362592
351777 387362
254193 296215
231498 382779
306866 381293
262584 400467
379506 435777
305255 450731
380033 405330
304669 344115
293860 299853
269601 304903
263413 354458
388107 478877
357801 367263
217169 441543
389182 412894
365891 388169
454207 482657
326261 360532
233331 356425
264606 361930
223324 253099
81029 296102
261558 351926
258383 357320
81029 225969
225969 362208
252622 356541
344456 363193
264497 338010
264515 328484
246548 348056
344456 389714
222573 373854
352252 479794
313199 400433
247219 367406
244020 258962
322419 464342
480960 484658
297185 356256
262225 303145
276079 354346
263205 363193
303015 305790
362110 380336
247843 361363
229769 232424
256429 362592
314499 373905
317272 405338
237889 327268
308022 339917
301071 410452
346046 435370
358812 405068
256707 346300
254193 302160
238112 325377
267812 412566
364589 376167
346015 452909
258169 323046
310572 440485
346027 464342
232888 383949
340823 359531
280098 284669
265734 377224
414237 445001
219097 301019
266674 463069
263694 358554
223369 259400
341885 463784
276689 354687
267082 327290
347277 360498
299518 370223
370625 375809
262188 320485
268661 363676
262629 362205
285873 370083
348849 388107
305790 361626
258169 359939
259239 308179
269349 478070
243253 357998
226798 387006
261868 339095
264639 311121
234396 265686
346151 390590
380824 479861
342374 351137
412302 430432
267430 442336
262367 388510
261303 364016
346088 449328
44462 414359
263918 324804
310260 408429
264161 378191
215829 261973
296786 310129
259895 285398
226730 369293
296102 315017
363384 363574
262320 304669
377878 381736
343957 369554
225969 296102
369131 430432
322419 375730
251871 482438
364802 432083
296029 474412
233630 263360
358554 460348
262613 369027
334329 449241
345445 410339
265717 354718
332194 358151
355890 369038
269601 271628
231449 360730
306548 308275
303373 355657
346196 354687
352706 420714
294119 351777
329967 471896
318646 388107
350708 406046
331019 429374
384109 451235
380378 479322
374529 398880
311344 399970
223642 263413
327179 470560
223324 272418
251968 354772
225430 429374
308022 439585
360133 457810
216225 362710
227163 360266
346037 385958
81029 264995
276198 305372
405965 409666
354499 428895
243563 310448
293872 448073
268035 304895
225577 307272
388107 464265
339844 354086
305529 355361
259915 320171
262958 443631
263974 312709
293777 337340
304895 391676
223321 364016
362153 419004
250003 262965
272348 396301
263923 339191
311360 370293
363676 418868
219313 261303
263253 341551
341885 346046
301585 331849
282344 307491
295491 333401
322439 387334
278823 326630
216225 231487
303147 325425
292513 409581
333401 373404
356520 377640
352900 447173
261427 348056
280979 355533
243344 314444
358140 379339
258105 354086
359206 388107
423673 441126
263408 322061
309830 346037
265333 363435
262306 263734
228872 364589
261601 271308
356694 359013
352738 457411
370936 436786
270257 358716
264012 382004
362680 368678
358423 362092
276689 301457
242067 264499
262584 404375
262415 301740
199814 215829
363822 383042
360916 462521
405068 477848
265433 365588
234296 262105
261349 262320
302724 397415
230050 419449
375942 384597
256383 353575
265131 296585
258742 352400
260947 440674
341268 347979
258301 363054
342374 362803
226225 455785
268379 467262
244007 462468
253039 362688
262158 364133
280098 401878
306983 316114
364289 417686
262367 364519
309830 357555
263816 313391
355217 366998
355013 374280
216252 272348
212015 310670
355465 382779
229238 361084
273398 290949
408295 408367
244241 373325
296102 305682
284878 348635
221494 412566
263202 351777
463784 472469
278823 370800
291295 352608
217109 332444
335321 364813
268668 360492
419422 450482
378163 463379
290208 338389
270722 287820
305790 342374
262188 344546
221114 300087
310405 356792
270257 281950
348596 483484
259229 285393
261799 346671
264033 452786
264645 268482
284727 301587
260102 323065
357097 428924
333363 380378
275493 341208
362744 377640
326031 378323
346509 366956
341094 477527
262407 391676
259469 339095
230050 485663
363018 428223
358563 385410
358866 378611
296674 467466
249647 314214
304697 407818
353793 401018
406022 462468
259239 377944
307411 369695
301364 341885
383274 433664
363676 419117
283131 307208
330787 362060
264606 446215
290299 354632
251337 426022
283109 345957
462468 480763
344546 414516
346046 435777
267750 306220
225504 355013
261303 310572
299853 334564
333837 354086
290649 337053
272298 352608
414237 430338
261497 397259
369899 484144
338057 356001
223641 386717
267884 424870
313829 362680
388107 420311
326031 365963
85219 411355
240423 286398
260947 308750
367686 469413
247668 351908
300151 357320
355656 480826
219255 363921
403172 418082
426909 429374
306397 423673
280098 356230
264033 286301
256442 364976
260102 382250
342374 363313
313571 367891
360266 378414
216252 318861
261868 426909
298854 442600
351777 380460
251871 293777
351314 384211
262188 267064
308275 362208
156471 358554
420311 420714
379888 435096
252674 362361
311857 379350
323588 392028
231509 283875
283249 327290
365858 369716
269601 422392
268717 299259
262995 300574
292476 298875
265056 401018
335153 355261
229238 354580
268802 393241
341885 389103
360170 479969
346067 364119
302886 361076
360623 441953
225698 265023
326381 433664
360497 460348
231498 308622
312134 330658
383118 451828
460871 470560
367312 384744
271308 310129
238823 261700
228945 383118
335463 465075
418082 467466
308541 360973
310596 469468
296585 380948
335153 432083
200457 267257
351646 364805
386023 411822
355330 379350
238112 315791
269305 278616
261396 316032
341940 442600
481486 484261
303373 336868
242839 430598
265354 350681
359398 373669
369757 467466
216797 358983
263645 357065
295491 296102
252102 423673
265717 359719
227524 297151
340944 391676
356230 378721
242067 337722
254810 361473
318646 379339
276689 369176
297347 370938
215793 324122
252102 369176
375730 463379
370508 426941
267257 346839
274712 422392
399982 406037
267812 272348
262584 309334
384211 401802
256078 288602
254942 325863
313877 322439
228347 342889
266970 370938
343701 354394
346671 381097
253039 339095
233627 367346
347184 403397
248553 355645
254719 450607
360515 479618
230050 309830
361923 420714
264995 312311
309474 478877
303960 380271
343204 371067
220849 429931
217381 477999
7722 374309
360609 431512
419692 477707
343867 377486
363384 419004
296473 325681
327179 344393
230050 301364
216455 372155
317123 351137
288602 361930
222399 282588
346067 355315
375730 379888
379975 384515
375730 467466
216133 381840
376345 472929
291295 352035
311430 346050
318585 341344
258962 265388
354558 362547
346015 357555
249396 337976
257915 262238
373404 420714
217182 376056
345957 393241
329967 382840
230050 385958
262460 353793
352925 479618
216034 355566
254942 267415
261531 386023
267622 464443
311430 413436
219302 337060
268482 272348
233627 392709
362153 418082
375730 472985
341947 362592
363313 469468
254480 392617
308750 430432
417132 418960
363482 484713
315397 449884
267257 380227
359910 414359
331310 462945
283109 356548
357555 404375
223324 343867
251588 412698
335321 342374
325690 361066
263629 370508
327716 466379
341189 362680
377954 378191
363018 389103
222567 324124
382250 478035
420306 436679
365817 399168
328854 383949
269848 370517
217086 323588
312397 356230
230340 264279
317376 357823
351646 377958
299166 369176
340944 347942
296684 367939
215565 327268
272418 285298
209728 219097
338345 349156
275493 371341
240488 377384
222247 346046
275493 398632
44462 386212
363993 384211
220849 357555
336868 479794
309415 441158
313007 326381
360492 418842
319240 360525
245323 350896
323889 441543
281092 344456
363089 454207
254480 349960
226730 363318
333919 347948
357863 361180
361084 449884
265070 373713
296684 452549
289371 339795
277120 469455
256442 300093
290541 401802
435096 472469
256759 260950
296674 464813
286301 327513
317780 327268
296684 354728
348107 366135
272317 326813
389103 416429
346001 377640
314807 386380
326767 380888
265165 365682
276585 357320
360525 463058
282588 354360
311430 339063
370193 417510
272317 369757
305302 389326
204549 344241
379339 426909
337632 420306
333837 382250
274242 389103
304697 441543
248342 296674
333667 343412
346046 431800
369176 418842
256429 412302
251595 379888
320147 370936
342374 412566
260102 290208
351446 388107
417273 462468
296343 348455
263974 299424
233627 312618
258105 377486
345957 346037
263774 419087
264645 360525
269321 348461
362092 369899
393241 463379
311430 359345
261303 290541
260447 419045
261751 407546
327179 328854
301457 389160
257181 315379
341625 358903
262238 457016
366999 484841
221138 377936
267064 419692
221972 428924
338345 342793
313171 376272
325527 351807
260443 416429
261600 337632
264110 334458
346037 397798
251871 380888
263774 389160
3084 376475
362208 384952
300413 460348
346067 388107
251453 397798
288840 379204
318297 399982
289371 309334
350199 351926
272418 360498
346050 379339
324124 356405
263974 399982
346464 394417
272317 346015
343701 345895
260383 281871
361363 394417
248975 364449
363676 481646
255764 357907
225298 363746
327054 357283
233331 336842
267082 377508
225916 367406
269305 296930
261819 434614
276062 330787
221847 263379
360811 392466
261479 418695
216225 359206
288937 357823
265165 341551
199814 351137
283131 446880
253108 370258
324124 361446
81029 424328
230640 443113
53468 360498
220003 339191
355315 379339
262188 323967
297990 344393
216223 380421
199814 357928
276689 419087
285021 310520
223321 261712
259632 289228
346046 447001
317123 358554
363018 379339
357679 421592
263121 360266
342889 476100
351214 438204
225969 312311
293441 334382
354687 417142
266544 276062
252818 264110
251968 474823
261667 290158
260810 408295
229595 480826
386655 435370
306614 317123
310842 388107
215375 243997
251453 311430
352925 417510
269349 319240
53468 362208
254803 362105
388107 429374
375960 418070
351338 357177
350199 444957
318635 404092
261349 284523
223500 469240
307940 309830
358674 365131
225525 330633
264498 361818
256759 361107
251849 302486
261889 299138
290158 334373
263073 309572
339804 383641
261868 379888
218089 386414
358335 359612
363313 392094
369538 447053
340823 375809
263354 363054
307786 330237
358563 482075
262367 269305
363506 476140
279387 450864
272317 367299
225792 263209
162749 247668
379350 452786
302967 333275
301396 405330
332973 354487
385451 386896
267082 373854
248342 346050
346088 464813
310726 341082
343118 354558
257181 364813
272317 362688
331019 341885
307940 435777
346453 480826
290208 347277
231487 304697
403852 428426
263754 361066
300574 317272
216274 351273
251453 419117
270517 354961
263780 301765
377001 379258
371419 378760
360532 432083
252996 299424
157812 310572
337825 417273
78429 338185
258149 272317
408979 414982
281172 387784
267750 403210
215793 271628
220592 318176
360532 362803
249299 318861
268138 303398
321449 327179
265963 269305
256443 369390
301764 317971
346027 426909
366997 368017
281187 402935
246554 317780
339844 423399
266718 359114
267101 302886
376946 377958
307889 397798
339063 428085
291576 423067
265350 282892
301740 339090
321449 405068
230050 447001
361076 449328
363976 378786
254810 263382
291295 339740
361076 393241
319341 412566
267202 297661
309457 481126
261799 262995
362339 378721
367686 368169
254810 366999
262584 298283
296215 302160
272348 370083
244537 434024
253686 361206
248342 429931
338389 431040
354580 362208
296792 328854
349960 362166
216160 363092
233954 370842
261479 478877
363661 377036
298283 393241
320184 418008
263774 299166
278671 424183
307889 346015
355629 397441
235090 357644
258281 263754
296684 306397
262584 363018
317376 341082
312244 462945
356814 415556
261712 272317
216366 482835
266544 330787
305682 306548
265643 299727
262415 351137
277120 382428
428056 481878
258455 296102
270625 302896
300574 465039
216297 320485
258648 263205
247219 263974
404375 452909
281031 417142
264157 265963
258383 361084
254066 352900
341208 343204
358921 414906
351811 476046
284981 477213
356056 380378
362680 374145
348442 372155
297591 358799
264639 310129
308583 373952
283290 312455
431800 435096
199814 221494
385958 464342
315112 381717
276689 356972
259895 375942
362208 461930
308897 354580
420311 435096
262345 303231
250894 346671
302896 363746
339090 360532
354566 431445
362334 363993
364886 385720
284995 397402
301364 379888
253413 363162
216225 356641
275493 384620
362068 452454
339795 354739
363162 379203
346027 385958
233468 272348
246071 460348
346671 386559
302886 309334
345957 464813
301457 417142
349961 433681
5340 364860
216442 285393
252818 329357
215829 475615
381064 408429
362803 386023
310129 359910
367034 483283
274764 366999
225969 229238
249647 376178
348849 481646
246912 320886
348849 377640
318646 400467
357012 484431
276533 418268
300527 379350
252102 392709
363642 385958
261708 327179
378163 420311
340874 399968
282251 358554
251595 278572
363018 463379
245451 379204
216252 317123
346067 452909
273398 417378
248594 452746
249299 257181
361076 416429
261254 261900
296792 363642
278616 484288
309591 340944
254101 287878
215574 281708
261819 314004
311430 393241
318297 463154
222812 305613
246071 261973
272645 478303
253794 469240
219905 351490
341082 357823
341344 438085
301740 326261
318629 324810
311083 326804
252602 305682
291582 352252
307046 356042
264279 359606
328901 359531
377640 475027
260210 410758
225430 302886
262812 264028
365858 369424
354251 444645
260361 369176
256545 267750
260210 317123
269601 310723
263754 294168
237889 354961
254976 357674
287820 376077
300086 325863
261708 264279
238682 332973
244537 263377
257181 342374
355205 397552
315017 431040
216223 369293
349957 377536
362080 379601
237889 274137
361446 403852
231487 346240
344456 379287
298283 464813
252602 258455
236273 282251
309591 385749
289371 377640
292303 302234
354086 373404
354525 357320
339109 378350
264634 360120
215781 274276
223321 357879
346509 484638
354633 375942
346694 361927
296792 358812
254810 484658
328228 341779
297579 371101
367830 451300
354687 355206
385958 485663
261015 358400
268661 447001
331504 391676
326804 347834
340823 348168
254810 358160
256078 407586
302234 362795
299166 362060
272369 290295
300413 301740
270625 420311
231487 281623
403172 429374
413436 435370
324532 368678
331310 359518
249299 469468
296674 478982
265038 356641
347277 449884
239666 345728
248342 302896
316578 364839
329357 332973
270225 409666
264499 296135
339186 472929
53468 260102
356548 481646
401802 481029
307889 464342
355651 445408
346671 362680
346015 414321
215829 357928
270066 402515
376368 444645
304364 389176
270625 346046
263974 356848
356480 358862
458954 471191
369757 485663
256383 429374
81029 272418
365851 473391
280326 377958
272317 428085
262584 388107
220531 393840
263578 362060
251595 470972
172229 414303
232888 371169
288840 426568
252102 419087
278823 369716
1008 335153
394227 428056
239440 358723
262435 332973
223023 458162
346437 363970
313420 421491
371169 477848
260010 314733
325002 357048
257181 396301
352157 403701
375942 379372
326366 468411
252825 439281
480960 484841
199706 377486
340896 398837
389810 465075
303830 360683
329933 378402
259400 263864
266735 424417
369757 449328
341268 362994
245539 418008
388107 428209
295851 354251
360798 393776
259021 301019
54666 259400
349313 375978
375730 416429
432119 455106
309334 346027
302564 384924
269601 383949
339824 447241
361206 420714
302967 370104
216455 418695
346027 463379
345957 379339
370625 478303
272317 301364
223500 324205
355778 362441
347408 347416
306245 327048
261623 362057
297494 339191
302486 389715
354125 467466
286428 447942
290949 381736
254630 259873
398131 470142
341268 477613
346037 414321
262584 302886
362105 423067
315397 426941
322142 350267
359531 415536
304353 412894
356331 399968
346012 346015
299259 376167
341551 430432
222247 268661
303373 333277
260010 397082
319104 480158
223023 320117
215980 362018
257181 274712
362592 364519
221086 363985
338039 362334
222247 470972
231509 345347
247668 478699
323065 403614
368458 462664
233154 446121
360609 364802
260746 342699
7722 375778
339095 357555
232888 261637
261023 341189
325448 377954
394869 416250
262315 376272
252818 310170
272317 359345
229195 351159
261637 297990
257181 362110
301046 369055
355890 358635
300651 352900
245817 478699
316176 323889
259469 435777
315379 317123
246554 428895
318646 463379
324124 370625
265074 365663
334458 389377
262640 338562
218388 447730
308717 338389
337340 357047
284320 410339
298139 376077
312709 367406
380638 452786
309334 311430
223321 264639
302896 355541
215829 335321
258341 282588
355261 362674
345957 435096
376732 420714
296792 384302
420714 426941
249373 343027
227524 360532
256383 326381
223321 261303
256442 370938
333283 376168
315017 357823
261531 475615
227524 342374
340913 368966
264515 337088
435096 464342
302896 472985
272317 296674
349168 400433
314505 480987
354739 397798
344220 451828
338389 424328
348838 363322
449328 452909
261531 400591
272418 312311
284727 300688
270257 285873
367830 383118
264867 355904
355605 425587
267257 278568
358283 438886
273598 464780
354739 472985
249299 315379
324173 480150
220751 433623
219313 359910
368678 388325
243997 354632
264156 368164
370695 484855
352408 369857
256010 256637
320924 365891
261637 328854
78429 248572
262160 341551
321706 358716
283109 481646
324422 325240
332973 341551
361923 370508
332973 382800
331902 452786
329357 341551
220849 429374
267257 462468
346012 467466
350036 372689
261023 346671
344115 382004
266735 285873
356541 382972
346196 362060
347507 470298
272317 426909
301280 315700
383063 388510
438483 444029
236273 400591
246071 469468
418842 441126
276689 315774
237889 354728
262193 351314
264318 393097
270139 369578
314193 358812
315774 339720
311857 343204
253039 346067
281821 351209
258455 259873
370508 376732
296215 460348
262238 375639
334564 403852
229264 251337
383710 385021
306003 389649
258341 386896
276689 389160
156471 273541
296490 309555
215565 441126
431800 481646
203407 276689
221494 260210
249923 357048
345957 379506
331902 379350
371067 391676
342434 397552
263360 362649
299424 375942
272317 274311
418525 428924
355206 418438
156471 412566
254193 273541
241436 368458
264926 308944
274242 419117
227524 478070
359727 432083
362153 418868
314343 481920
311121 483688
274137 322450
258383 380466
274242 379888
377218 384273
327268 389160
244007 398655
367527 484288
358160 462355
260102 338057
267257 341189
443017 479461
264883 371155
253039 416255
70846 282561
367910 369497
241261 286186
199814 254193
317468 405575
253686 276585
298767 372689
309830 346088
322390 410294
261479 386541
219255 383118
216968 234071
341551 385824
278572 302896
369442 393312
272348 362110
366974 484638
265986 441543
361423 376345
37243 283290
413079 452780
478877 483688
293777 300651
262415 263694
369757 475027
221496 263640
290541 309474
231509 370532
367923 377446
199814 317123
257915 362649
226207 470298
272317 435370
252711 419087
362153 363384
300087 380308
253925 370593
331901 410059
263694 386023
355656 367034
363043 460348
421380 469240
300146 469468
229214 302896
341885 431800
156471 400591
308897 333401
375730 435096
156471 424417
451974 466834
262320 294304
289473 342848
363157 480348
354580 484903
387471 412698
361066 419692
291574 324318
227524 463058
346032 367263
374213 397552
253577 372326
263864 450731
351147 384109
220592 385269
397798 464342
328854 423067
357320 360850
263341 314807
377640 463379
229214 328854
212015 268712
378163 379339
347168 484841
345259 345731
263694 306614
324318 335371
336800 377001
320485 344546
376345 481675
264657 329357
369757 414321
263629 320184
299601 480158
258455 300151
346050 404375
337014 401907
325369 482835
384109 393183
356548 429374
258105 431040
283875 445162
232501 369899
374409 426632
480960 483283
252622 266079
345957 400467
221859 364578
354739 400467
268058 363668
369695 480826
265343 369695
252102 330737
251453 339095
345347 349960
256429 353463
411822 460348
299424 397259
342755 363019
397552 463154
300413 451080
358140 435777
421842 478501
358423 424183
345957 346050
356541 392094
244537 312244
357823 484903
261799 376345
260210 305790
344546 395654
216133 482063
384952 420714
262306 329418
288670 383118
266735 366557
216252 360497
360869 360883
215565 417142
390651 415139
252602 357823
261479 351314
256644 354558
216802 261303
263864 338562
271628 335321
362688 435096
354782 364907
212015 264606
227507 432083
310129 391211
264932 359505
233154 317272
367203 398837
334448 360141
216252 412566
305682 339844
355657 366999
248572 359719
303830 380432
351137 356541
303212 317128
348849 354125
363746 371169
406037 473172
352676 441543
479106 480826
359612 380150
267884 342181
371067 483403
351926 370719
276689 418438
338057 431040
258301 259400
368100 418960
334448 359532
317376 342676
307940 418082
359013 469049
291554 433560
364578 372335
355961 430338
317334 351646
256383 346067
290158 471191
377275 444850
338345 378040
253099 331849
349124 378769
329419 449270
377640 419117
320117 383118
360798 386456
309555 351490
267812 422392
261263 370208
378769 412324
362744 397798
308179 363746
418868 475027
311430 339095
221494 271628
278568 363571
378350 434614
369757 397798
221494 358554
308541 386884
332194 476960
288937 478035
262367 368880
330393 371067
263754 377218
306881 343405
254193 478070
237889 354687
321546 373669
318822 381185
262570 309561
258455 362208
267812 339090
351591 385142
296255 399457
254810 264709
302961 338345
370010 446121
216297 367034
296181 367316
296215 339090
290208 312311
216442 253413
369162 369757
324804 335083
296181 398736
363773 438615
215829 302160
297347 481920
379601 440704
242465 398568
362036 449884
199706 484903
261708 369757
354669 441543
299424 316114
358474 366434
81029 252602
460348 475615
260762 334100
306330 368880
220849 293831
319240 478070
266254 352265
285398 445162
308275 308897
306614 363313
263629 276585
371267 381364
342848 380450
359531 452454
335062 380855
367034 484095
215829 370083
259873 361923
225298 355541
463784 464342
263851 363318
265963 480158
370473 416683
223324 478035
255764 482438
351926 409667
364320 371858
318297 479618
479106 484841
261479 372155
262518 361363
251900 356480
364119 393241
301408 482232
248244 296795
354813 355046
296577 435096
284440 388107
361777 417864
254661 386972
346037 464342
263317 362057
346464 397552
361076 403172
392318 481091
311360 371469
219596 433138
252602 360850
359424 483825
384952 418008
322421 346050
279242 317376
263025 483056
351926 377015
278572 418868
272298 355533
268058 354621
270586 483688
328570 358149
365401 394331
435370 472985
371321 408295
222247 472469
397259 399982
338814 364802
257290 422464
355388 482271
278568 337825
441691 444986
317780 330737
426909 475027
299424 429986
353463 430432
339917 359531
261889 402935
258457 261700
251968 267202
351407 366898
371169 384302
324857 377061
230050 368927
296328 331487
225430 354739
219252 374280
215829 339090
251453 419449
313007 388806
378163 463784
304283 352834
279146 360609
248342 385958
301788 478303
297347 300651
398632 401853
306245 380252
294742 367220
362036 380466
346046 388107
357555 429931
369757 384302
263253 342307
371858 396673
420311 463784
324532 442600
360021 481878
264634 286201
365042 383003
388107 441543
238738 484855
264279 327179
258455 369682
356042 384136
424896 430493
230340 327179
248975 307272
429374 472985
343204 376345
319705 475084
362300 425561
292807 358582
252699 361824
336687 364678
261681 349204
260402 338345
296503 344504
299166 330737
253039 358140
332604 435096
46794 365891
300651 337340
363676 418082
264634 354607
413436 418082
296490 378306
265565 344741
228468 385205
259951 315997
272348 296215
326813 351777
361066 405330
212015 263734
452909 472985
352925 362166
263253 264110
320130 477310
332973 364885
355013 403852
463379 470972
247986 336712
276585 318158
218004 436679
229238 424328
342889 470252
223023 317272
363676 420311
215829 254193
264718 363250
279242 362036
308541 441600
336701 372088
222399 452120
379601 483936
258484 394417
237596 262304
355961 385722
225969 272418
245046 420608
237530 295770
309830 472985
346027 346037
300151 362208
8527 308741
370201 481091
339095 355315
263734 351407
368927 467466
479794 482271
254900 361363
225430 274242
301585 384952
312663 407546
3084 247461
396688 415941
263923 478570
362744 435777
296257 405965
322419 428085
319104 356405
357555 435777
219313 401802
358019 404092
263360 358862
301280 378414
360497 364813
286428 378563
227868 307241
215730 294179
252999 379350
289371 379339
276689 367939
222330 349156
259808 301838
345571 362592
268482 317123
331172 452780
377060 476960
317376 362208
234389 379818
260102 347277
352408 418960
264433 285071
252486 348170
344456 405330
284818 363089
383042 413929
264414 476795
369716 376077
360532 386023
351209 401303
393241 472469
377001 443191
396163 438244
362110 469468
267953 269305
295683 409581
229214 297990
364016 481029
318297 370193
216225 281708
369162 385958
360498 484903
435096 470972
234296 405726
254193 263694
44462 310129
255764 377686
316578 362649
265104 354791
367705 369695
409581 428924
297151 357928
337451 357392
358854 481091
230538 452120
484261 484789
253754 265944
356042 408005
272645 476948
225430 260443
267064 344546
357823 373404
346001 472469
261245 285398
355778 366956
263390 482438
323967 370532
396673 483484
225567 258301
260210 360532
368458 369411
253039 302896
367766 382895
261531 342374
221114 358921
317468 324205
299166 441126
358140 369757
360493 415151
246071 272348
362036 417602
252996 312709
264279 470560
222247 449328
240652 265986
339844 362036
330737 423673
377024 482128
344456 357442
262238 369424
426909 463784
173229 389140
261366 310275
278568 362680
272317 307491
256897 259895
257867 370542
317272 340944
361107 426568
250244 377148
283875 342889
215071 309474
326031 361107
348849 419449
223095 226218
261479 290541
259037 360492
220003 379350
316032 448054
237380 263205
258654 355629
274712 396301
259457 364016
418082 419117
379946 414516
361446 380904
278572 393241
216181 353590
259469 418868
268035 401303
295491 306548
253925 353030
295899 379475
314193 355541
221801 254803
257818 262965
270176 329419
386541 418695
346839 363827
261708 291576
354525 431040
308897 360498
357459 404121
261973 318861
254193 261531
221233 361433
344782 383042
156471 269349
324124 330898
346001 385958
274764 462355
254657 478187
260443 346015
202556 269305
262554 381968
311430 346046
363390 467141
297151 367835
304697 307491
352400 384863
215565 339720
272348 460348
308533 342374
429374 467466
266718 363840
306548 354525
257789 307288
428223 435777
271308 364016
260953 438349
300651 352925
345751 353292
357555 426909
327268 330737
81029 426941
357040 437489
272322 409952
219313 396937
358716 370083
248437 301071
433138 478516
215095 254976
307889 388107
404375 447001
261349 354607
255194 347408
256383 358140
312311 338389
259324 479953
358997 370034
261558 327694
272424 349923
296674 463379
358799 373474
263974 367406
260363 298316
307940 472469
362299 364133
379888 467466
267415 276603
405330 467423
363826 367697
427562 483313
266376 349467
356480 440674
248342 362688
307940 377640
309334 420311
400467 475027
325448 378191
276062 418438
380659 446271
215375 401770
320184 357320
261889 368831
268668 315774
245451 304930
358159 380877
318646 362744
300413 392270
243903 367034
366999 484658
248342 339095
291576 384302
310928 419692
259229 292114
277120 346671
199706 373404
335153 339191
331019 472985
339834 344241
291295 360423
347168 355778
177694 384371
257904 357748
254286 354791
324804 350071
216122 314505
362179 376505
296674 426909
253686 420714
352928 415556
225969 354580
362994 477613
307288 441953
347184 358518
339824 376345
257430 324806
268182 288602
353458 363286
253039 379888
172229 295797
215565 356972
221419 346694
157812 264639
375711 379287
264051 281821
171111 280098
327268 362873
262435 268058
353864 383118
295770 399457
339795 400467
307889 346046
369411 376272
327145 416387
200181 340937
254803 479504
302478 334564
285393 417378
296215 400591
326519 384048
364398 426909
256644 358423
264110 471896
262584 354040
221494 249299
397552 473172
276689 339720
346671 428056
296102 343867
274242 375730
259469 379506
265343 273668
462667 484261
298283 377640
230050 261868
300413 302160
272645 374280
271452 282074
304903 358490
274764 484789
157812 270586
365380 484803
261479 338039
262584 346015
258648 337340
305632 334382
375608 399168
346012 363018
261427 388107
260818 261889
385958 429374
310572 364016
309334 379506
317780 367939
246062 376946
276201 463058
264951 300146
346050 379888
308938 346839
337340 357907
262460 264156
349970 353270
316176 340330
322181 360644
256594 358851
428426 476100
397798 464813
270625 283109
368801 400591
333401 362036
251453 346088
256443 342889
345206 362649
322450 354813
426909 447001
358854 360515
327268 360492
267430 373952
219252 483328
472469 481646
266735 400591
233242 454071
447001 481646
229195 437271
340347 466542
256996 301764
253108 429374
230340 346050
266376 320025
345771 370517
261769 267082
381293 390783
261868 354125
156471 266735
399970 418447
331849 373404
263754 397259
346196 362873
304147 350512
220849 270625
259895 422907
312311 380466
264033 378845
283006 377007
263121 344546
264028 329419
5340 316054
352252 366974
268379 276689
263390 281928
324856 336655
264033 472929
274242 475027
308897 420714
334840 476046
252699 433102
359675 481878
400467 472985
267257 452786
261497 339917
331201 360798
346050 436049
300413 310448
294168 316114
360525 386156
293872 300413
263694 422392
351646 360609
418082 449328
307280 404570
262187 477781
367766 448012
360672 376333
278572 426909
369757 375730
366999 479106
320416 432279
271555 346389
216225 301764
253099 403614
259469 375730
310726 423399
5226 447488
362994 365435
308405 358151
302160 318861
379888 413436
378517 398632
171111 264414
349722 433623
302478 367029
272317 309474
237889 268668
358918 378402
309597 335153
332604 358140
310726 377486
254193 318861
308179 384302
379506 400467
359345 467466
356426 358335
270722 305422
378856 398632
53867 256637
343818 352572
306614 412566
361076 463784
298283 418868
396749 406037
257904 368458
373952 383710
253099 357320
200181 222399
258105 333837
354086 361084
274242 470972
225983 358716
311449 378356
310668 361658
238682 351905
400365 452120
215832 401303
385616 404220
261497 399982
309830 346001
253237 346001
393241 429374
234296 480987
216190 339095
354932 373620
351137 354518
393097 410732
209884 264414
252674 381657
299259 304147
351314 357879
245323 275815
245960 306330
246071 261531
346032 386881
262812 329419
221801 405068
258198 349679
356448 444029
377640 416429
262584 378163
267012 362014
228872 351147
400467 463379
260361 323076
347168 482271
252102 458770
346046 475027
393241 435777
262958 334448
262640 317714
318861 387006
372335 470252
321656 340989
346839 355330
297494 360609
258281 375942
229238 373404
314129 341551
219313 362334
246071 364813
254719 371469
237380 337340
294168 312709
258383 423399
323046 398597
265056 368164
352706 362036
312709 418379
156471 392094
215071 478877
304697 326804
347979 351908
386212 418695
284523 324806
264951 280665
244537 481486
366956 482271
229238 449884
261636 349305
339881 373312
384211 386541
362744 379888
378163 428085
357320 382250
215829 432886
256398 363779
327251 349467
244230 326981
356602 432279
375730 464813
309561 362268
225969 308275
256383 467466
357288 424183
283006 370214
78429 366416
331327 367545
435370 454786
379612 481570
419087 441126
354580 449884
341280 483946
331242 363081
263694 342374
257181 392094
216294 370200
289382 437271
359910 372155
283249 373854
420311 475027
378207 459962
275364 286548
247182 342626
210313 219313
278572 475027
380227 385451
335153 405330
256383 362744
356541 416534
216366 261842
351737 423673
268668 392709
262570 362268
301788 379372
253039 393241
261499 403465
259873 362208
173229 332737
310448 310723
288937 323065
253794 474823
367542 443495
301764 456340
325376 400433
340874 341189
300659 421689
302896 358140
354125 470972
296215 305790
377027 404704
356548 435777
285298 449884
363676 467466
231487 344456
330341 371067
386884 481878
349508 476960
229238 290208
480826 484095
252711 299166
339917 352925
303634 371532
340896 384048
349961 387007
256383 266126
310448 412566
302896 326981
262643 360623
244007 304102
295981 320936
199706 338389
298283 429374
345361 367220
387739 478927
221138 296490
274242 397798
280333 362680
404375 467466
245323 281821
323867 346148
342374 386023
264498 292408
354739 357555
289104 358464
261769 367830
264183 350333
357288 369899
242591 264538
255764 263205
341885 346067
321711 356811
260210 475615
323889 401980
283351 480332
265734 276925
264515 340896
261479 310572
363676 426909
254193 365625
293777 325612
356520 363018
262494 366416
267812 460348
355205 467041
364119 467466
225728 323720
248975 340989
292807 409667
299166 315774
257904 429089
334100 484855
256442 361540
358151 438553
312244 406037
269305 425979
354961 362873
346037 416429
262105 301019
401010 484713
296577 368927
322419 346027
263754 358854
264552 339109
362803 387006
215832 279488
317272 360798
263816 421725
314004 378350
249299 305790
441126 458770
399982 473172
199814 392094
354040 355315
363124 382863
262895 397026
221930 373574
337825 401303
351209 417273
371267 389377
356785 480316
340648 418915
215793 272348
434614 478501
346001 346067
162749 430684
26218 356702
263645 379350
314067 364893
256897 322343
336741 412566
254480 479526
419087 458770
265728 307288
367991 381992
221138 349124
162749 439068
348849 413436
287322 398698
225430 435777
215832 462468
229595 484789
371101 386134
262613 356042
387007 433681
261681 356370
253039 332604
354125 369757
268058 332973
361363 473172
343658 359424
263253 345206
264335 368880
419117 426909
259021 362166
262291 355231
322419 418868
362105 369757
268482 386023
253669 260372
252622 271628
309334 447001
400591 410758
429931 481646
382250 426941
347168 483283
53468 333837
379506 379888
252674 378578
238682 341551
362592 414109
263354 360183
376732 390331
232501 373312
272348 424417
302896 419449
259469 341885
308275 331849
295641 341551
354739 404375
278568 314067
311121 386541
272317 368458
354687 362873
254719 311360
263253 471896
383949 400591
354724 440674
358866 364860
358799 454545
272317 463784
433623 478533
298875 325377
327290 452786
331544 346839
296674 369162
262238 356425
261881 405726
302564 346697
216297 244537
238497 438399
351490 352925
229214 428619
362680 382428
335153 384620
296102 361206
266735 361918
256078 428056
263062 473172
230050 435370
259239 358812
307567 355890
354739 393241
264638 343158
354621 364133
262133 368686
262238 320566
375809 387471
324122 473172
379339 463379
262640 356918
237889 355046
222812 482826
377024 427695
266970 402084
315774 360492
223321 310129
345957 363676
358866 420194
332604 431800
386717 429374
225792 400433
185150 337053
6275 436005
329471 440005
251453 354739
366746 388107
335560 400175
261712 481029
264414 401878
262144 373312
362110 363313
264444 369131
352925 397259
250498 457935
263974 379372
352925 406037
305790 396301
225983 248975
304903 460348
264279 344393
219255 451300
346088 426909
363193 428982
221801 383949
416429 464342
480960 482564
317376 362036
278616 372023
262450 412302
346037 435370
428209 441543
262158 341551
226574 263056
265963 362361
400467 403172
393241 472985
253413 379203
432279 474823
216122 257789
243563 392094
276659 443824
323901 364860
219070 380948
216218 302961
358784 371985
339881 382779
230050 296577
81029 254630
297579 355541
252602 312311
301159 451812
312185 430945
385958 403172
215071 351314
369757 436049
295770 457935
366974 482564
311430 464342
232888 358812
386541 396937
274712 392094
269321 285735
332973 366534
308897 361206
348849 397798
340330 462945
263339 330959
311135 470560
299166 355046
334448 393333
322421 369654
215375 389649
366974 462355
272418 449884
322450 392709
346088 397798
336752 484669
215832 337825
478121 481249
227524 336741
356641 357052
254286 380308
263694 412566
403172 419117
396301 400591
299166 330787
231487 356652
261637 371101
271308 478877
262494 356529
301364 435370
296684 430494
343535 388107
388107 401802
307940 464342
271628 380336
265717 348573
293362 414359
309561 387262
401853 457230
314193 371169
254630 361206
312999 393333
378350 378529
354728 441126
229214 477848
306548 310726
264995 360498
254803 405068
264515 384048
259239 362105
229195 273064
316029 365411
337383 385090
301585 339844
269601 460348
313007 379144
292035 428982
258105 360498
216133 356480
413436 447001
230050 403172
340271 362068
393241 413436
360242 398495
220531 447537
254719 343741
285814 359688
237530 386541
218340 260746
243903 476136
221138 341779
260947 352257
393333 400717
340329 359506
258455 285298
362592 448598
387699 437955
262965 263253
464342 472985
385958 467466
377969 428426
366557 386023
223029 231572
216225 312397
262367 345347
318861 400591
257904 362082
230640 359939
293777 428982
305480 351185
356001 417602
360493 401112
253099 384952
364893 469413
281142 324292
357823 362208
281031 299166
219431 405330
286548 358867
346001 463379
221801 377944
375942 478303
265734 266970
251871 363193
221566 358674
353408 356042
258418 336655
245451 370297
216190 436049
392617 414516
334564 382058
318966 336741
259895 261245
285393 332247
53468 384952
346001 363574
313007 341247
310596 410758
222573 367316
275493 379097
369176 441126
366828 415536
177742 263629
223136 392330
361423 420321
332274 336799
354687 354728
223324 357320
313603 348849
343535 441543
429931 435096
291295 353452
262584 339095
229328 323867
221801 291576
261937 297268
252711 330787
260383 261965
301019 360623
335153 448165
274137 276062
219313 481029
300289 364034
355541 371169
304895 428056
263904 304697
240922 286794
375639 391457
265717 309591
272418 382250
254480 370532
215829 244520
357928 387006
479106 484789
215829 361918
375942 455265
416429 463379
224337 244007
276390 379203
309334 418082
78429 343027
248342 368927
431040 478035
253686 360850
362105 454836
355657 482271
261842 358582
261191 381064
258648 263390
264933 373312
292035 325612
286827 351209
216455 309474
200181 386896
363944 406549
258654 305459
274242 361076
348602 362014
322460 396915
425561 481038
346001 375730
362144 378145
245539 308897
238994 340736
265097 379475
318646 447001
281708 479618
225430 359345
406037 406549
262640 360183
363773 385035
260443 354040
340823 342889
285039 347839
362334 386212
216225 355958
346027 403172
317123 422392
312618 356972
391311 479861
385787 478982
262995 275493
297151 460348
276585 342676
293549 478721
356814 357052
221494 411822
360623 480987
262367 296215
302896 314193
218089 303427
216160 259808
354687 354961
157812 355325
364119 429931
363676 463379
327179 477848
376753 431418
304408 379350
447001 470972
229769 367910
361540 439403
285968 379182
361540 410818
296674 431800
246071 351137
368104 379204
405330 417864
297990 370589
264010 316578
319169 451080
381992 402000
362036 478035
306330 478962
378260 386597
380466 431040
254958 277541
289371 363676
308541 333203
351908 401445
291576 297990
330875 376168
404833 452780
217026 451812
53468 449884
258418 377867
230050 346027
262160 263205
156471 386023
274364 383118
274547 393097
231509 348510
315017 354525
252102 259037
327048 380252
345347 355231
362166 406037
278823 349508
363571 367686
400591 433919
376472 443216
296417 346464
346634 363193
212015 346437
310726 431040
484658 484841
301788 342889
355601 437955
479461 484638
304353 350098
44462 271308
365312 481038
302896 436049
262105 353793
355315 449328
292616 441953
327268 458770
375942 406549
220003 324422
218224 269601
359575 371067
254193 301740
308533 370083
362680 403701
346671 391669
403172 428223
437783 445175
268712 385523
350934 370208
274026 345571
268668 355046
298283 346001
309334 331019
263360 354724
263967 449241
308897 356001
363117 428924
389182 465213
316578 483946
245539 253686
340330 362649
318646 332604
317376 370508
272645 375942
341885 400467
344666 356042
414321 419449
356308 480609
256383 346046
296792 405068
335153 379975
296503 345347
294168 358854
360242 402000
331310 378402
358997 390651
275493 313420
258383 449884
342374 368801
375809 452454
359345 393241
261461 341779
268711 481920
261497 263974
290208 338057
227524 361918
301838 312664
404704 481126
315476 323046
357320 478035
279242 356001
226021 349320
223369 372210
262962 358554
285298 361206
414109 484789
245838 295899
290541 478877
281453 283006
267257 300574
220849 339095
298492 343412
334564 361446
262193 363993
262238 296504
327179 423067
263168 380308
301740 356541
350708 367527
366306 401303
303830 440273
354665 418438
428223 435370
305682 354525
271628 356541
341280 381840
296490 378769
262584 477507
320147 359321
282588 374309
345445 387262
355645 362924
254810 336868
373474 401277
283351 470262
282397 352264
274054 358563
229769 381378
262105 480987
270625 322419
268607 367284
305790 363313
354525 362036
264122 381717
354125 362688
356548 472469
262265 318297
243911 384092
463379 467466
288840 354621
355046 419087
265963 348168
220592 478754
357879 478877
354040 359345
291295 410257
373404 449884
276689 441126
337797 439068
382779 383105
343412 358474
317272 351338
364578 473290
216297 395654
157812 391211
354040 483484
322419 420311
349016 357051
360850 362036
369424 395535
357231 376345
262315 371321
306099 308541
351990 354340
297431 480987
339992 362608
269601 317123
318641 363360
340989 371267
353741 402515
263121 265773
361076 435777
261799 340944
314807 370842
272317 339795
327268 367939
243706 359230
261349 331242
287598 300093
282499 296526
268482 360525
324205 421380
299166 362873
262570 325562
356541 475615
357555 418868
238682 262160
480826 483667
348849 475027
322419 481646
265944 352264
253794 317468
261837 451030
313309 364749
268802 318646
256078 361120
291576 355541
311121 481029
361076 428085
316114 429986
368646 369081
479461 482271
245539 339844
263253 419692
348838 358474
282892 482438
244537 358151
270625 452909
263923 366936
315713 410294
263774 322450
221114 254286
276689 360492
252602 362036
387262 418428
261937 300574
221859 356405
355890 364794
290913 362268
272317 313454
256398 414851
351137 480158
274137 339720
418695 440485
263694 475615
310686 438788
368927 429931
225728 282892
199814 264645
216366 327694
287437 404092
358866 379350
221233 265564
290949 352522
229595 479794
248342 369757
226796 274606
338389 363999
274140 351777
341885 426909
262450 278823
216034 356967
359719 417963
363746 371101
217381 354923
244007 428924
377936 418447
272317 354125
300151 310726
301740 305790
281172 365312
295491 341082
366956 367034
216225 256996
246071 324122
360532 361918
339090 469468
293362 483688
363591 376943
276201 360525
231509 320485
263253 310170
231509 323967
287598 339109
338774 362592
261637 363746
262238 419494
354665 356972
339467 379975
305422 362649
254801 348888
263239 264279
307889 435096
273130 349351
386717 393241
340874 408617
337451 346671
248342 370258
309555 363124
269601 339090
273598 352265
263360 320147
288937 333837
261769 365569
364133 478927
353864 356515
379506 472985
260102 339844
340944 369375
362873 458770
377446 419325
274242 345957
296215 396301
272645 283875
265459 367408
262419 415436
401303 405338
345719 356584
262193 357879
330787 360492
220509 327650
360280 371532
263774 270517
234296 301019
246062 295688
311538 393333
380921 441543
221138 337641
309474 386541
340330 355205
262105 418268
220913 322570
375809 379372
346001 463784
294312 410294
324122 396301
326806 480421
298130 381968
362649 368686
339795 363018
261819 348838
264995 308275
270586 362334
342374 478070
254193 274712
363313 410758
293831 383274
295025 384273
27335 382004
156471 272348
364907 452786
264279 274606
331849 333837
272645 328901
362680 364907
315379 383949
283195 401564
271234 383118
346001 429374
318195 354522
358160 483283
340823 375942
199764 244336
339795 375730
326806 364578
355046 458770
343405 373312
367623 368565
289371 389103
223095 243077
355645 365745
225969 384952
261652 343505
258149 385824
368686 430432
246071 269601
228872 248975
307889 346001
294785 468411
351933 366886
365682 452871
357591 436005
390331 426941
263774 355046
387170 411409
303830 344220
81029 312311
216190 385958
349785 398523
467466 475027
300651 370938
357555 403172
305790 315379
426941 449884
296215 315379
275364 395389
202017 337393
378414 480158
215829 263694
265350 428982
352121 428056
354633 406549
261023 264033
231368 320935
265963 340823
231524 381717
263774 458770
346037 388107
301019 307288
371790 393312
358854 397259
265350 297347
256443 359531
346001 464813
352928 456340
261531 370460
296140 474412
283351 436005
251496 325017
269321 356042
370542 452786
356448 479494
216802 219313
216455 384211
272645 323720
223324 360850
310668 371155
54666 360183
342676 362036
367029 403852
282561 424827
312397 377001
355759 450607
254958 364163
265963 342889
377969 476100
321449 363642
292475 306003
328773 422626
251968 441543
354739 385958
318297 336842
361446 415536
256458 260010
369424 369716
298283 339095
216714 265421
410758 460348
256010 359532
53867 162749
262570 387262
260130 412209
344087 445704
368648 379836
315774 346196
318297 331310
258424 306397
484261 484658
376472 426167
267415 300086
341189 379350
253727 419692
229214 405068
340271 406549
356541 360532
356405 370625
328547 362649
307863 485022
354739 475027
318016 484713
256458 314733
285873 369895
261233 358997
335153 388648
329418 376808
348944 463069
362649 363817
249923 262812
270257 392270
359910 418695
323967 349960
215659 363667
232888 311135
244537 381657
298552 377958
307272 343118
381992 479861
258281 261497
362937 401564
303507 376345
263694 410758
273610 340943
300413 362803
200135 263897
258105 354525
303830 340944
308897 357823
307183 443988
247668 365435
308583 363017
171111 430684
316176 433623
426909 478121
369391 465213
391211 483688
354488 464317
268661 435096
383949 385958
259457 309474
256443 478303
268668 339720
247668 354927
215829 356541
212015 351407
337340 363193
302768 388806
262887 400806
261383 354791
280772 344786
366557 478070
272427 425587
348442 391211
247843 331310
355315 429374
346001 414321
53468 258455
215565 362060
258416 275732
254630 424328
252622 380336
377681 457411
327048 439120
354923 469413
363787 384490
255465 262643
260010 390651
269349 364448
398824 406046
241416 242208
353864 364893
354739 359345
247843 473172
397552 414516
355605 484855
291744 295927
351933 377001
307940 470972
260947 358474
381984 476948
261303 441543
302896 328854
261601 362334
394417 473172
244007 346340
259895 370625
362532 476948
324806 341779
293860 342889
162749 310933
317272 387784
431885 470788
263774 317159
356520 472469
261383 479322
248342 435370
252622 342374
261776 264380
362744 393241
377640 393241
296792 297579
349679 361800
301740 370460
411822 412566
356972 369176
355778 482564
259895 403852
275525 302665
302160 335321
355657 479794
258455 418008
271308 372155
392025 483825
359345 397798
463784 464813
358812 383949
251849 264335
271308 309474
264828 266718
263663 410409
369131 378402
270538 302961
272348 392094
264995 354525
311430 463784
265362 352882
256383 470972
336868 366956
380602 418112
433623 483825
358737 377878
351137 478070
362299 463051
225969 252602
328570 331369
339095 379339
367830 374455
262904 362592
349722 477613
285398 340823
239938 389377
339844 360498
296102 384952
351209 378338
276062 355046
261868 481646
268802 435777
261245 266970
266735 382972
284727 349142
245907 356386
346725 460871
303507 391592
405726 480987
264741 368572
360492 362060
209728 480987
341280 359321
262375 371067
251047 353393
363999 373404
263774 323076
328998 351132
286234 296782
257290 361263
227524 351137
349252 379350
296577 481646
301021 357591
405726 418268
261937 282397
229030 341032
260947 349722
343867 354580
311430 362744
375978 418960
310726 354525
282588 362680
269349 416255
319341 342374
355465 448054
359531 405330
381034 478121
209875 352252
258383 339844
219097 441953
352252 462355
346509 462667
363124 415436
319240 410758
156471 351137
295770 443216
219313 310129
251595 362744
297579 344393
331310 346464
262995 339824
385269 417864
320416 324810
230050 369162
346046 413436
266544 417142
333982 349588
268182 380378
362680 363571
341680 380598
274242 416429
339917 354633
353549 394394
324810 354772
306330 381958
317334 327191
259239 264279
260102 363999
357320 423399
354972 417763
301838 357320
254322 432083
259469 309830
330737 339720
359910 384211
268182 348461
247668 381607
331019 361076
259469 369757
259808 354927
321617 351777
242576 363017
231509 269305
355657 355778
363018 452909
369497 433205
263253 332296
215829 360532
272317 304697
317123 460348
290953 299766
247178 259400
481029 483688
386212 401802
307235 324173
253039 354125
320949 379144
374213 463154
343204 401303
482271 483283
362688 385958
233154 363763
291386 292476
355046 417142
219313 290541
268712 408617
252015 384109
162749 315112
302896 368927
360532 370460
263253 378974
339095 362688
274311 359345
216038 380734
345361 380427
336799 359685
261597 389810
418082 429374
